[
{
    "model": "accountings.creditor",
    "pk": 1,
    "fields": {
        "codigo_acreedor": "AC-2025-1",
        "nombre_acreedor": "EDGAR ARMANDO ALVARADO BERMUDEZ",
        "fecha_inicio": "2024-12-14",
        "monto": "31153.93",
        "tasa": "0.025",
        "plazo": 6,
        "fecha_vencimiento": "2025-06-14",
        "fecha_registro": "2025-02-11",
        "numero_referencia": "1209098540",
        "observaciones": "REGISTRO DE ACREEDOR 15-2023",
        "boleta": "pagos/boletas/acreedor/Captura_de_pantalla_2025-02-11_140211.png",
        "status": false,
        "saldo_pendiente": "5812.92",
        "saldo_actual": "5812.92",
        "is_paid_off": false,
        "estado_aportacion": false,
        "estados_fechas": true,
        "forma_de_pago": "AMORTIZACIONES A CAPITAL",
        "creation_date": "2025-04-10T07:16:29.822Z",
        "excedente": "0.00",
        "sucursal": 1,
        "fecha_cancelacion": null
    }
},
{
    "model": "accountings.creditor",
    "pk": 2,
    "fields": {
        "codigo_acreedor": "AC-2025-2",
        "nombre_acreedor": "EDGAR ARMANDO ALVARADO BERMUDEZ",
        "fecha_inicio": "2024-12-26",
        "monto": "4170.68",
        "tasa": "0.025",
        "plazo": 4,
        "fecha_vencimiento": "2025-04-26",
        "fecha_registro": "2025-02-12",
        "numero_referencia": "847624496",
        "observaciones": "POR CREACION DE FICHA DEL ACREEDOR AC-2-2024",
        "boleta": "pagos/boletas/acreedor/Captura_de_pantalla_2025-02-12_110526.png",
        "status": false,
        "saldo_pendiente": "0.00",
        "saldo_actual": "-0.38",
        "is_paid_off": true,
        "estado_aportacion": true,
        "estados_fechas": true,
        "forma_de_pago": "AMORTIZACIONES A CAPITAL",
        "creation_date": "2025-04-10T07:16:29.822Z",
        "excedente": "0.00",
        "sucursal": 1,
        "fecha_cancelacion": null
    }
},
{
    "model": "accountings.creditor",
    "pk": 3,
    "fields": {
        "codigo_acreedor": "AC-2025-3",
        "nombre_acreedor": "EDGAR ARMANDO ALVARADO BERMUDEZ",
        "fecha_inicio": "2024-12-27",
        "monto": "7013.78",
        "tasa": "0.025",
        "plazo": 4,
        "fecha_vencimiento": "2025-04-27",
        "fecha_registro": "2025-02-12",
        "numero_referencia": "875416933",
        "observaciones": "POR CREACION DE REGISTRO DEL ACREEDOR 3-2024",
        "boleta": "pagos/boletas/acreedor/Captura_de_pantalla_2025-02-12_111309.png",
        "status": false,
        "saldo_pendiente": "0.00",
        "saldo_actual": "-551.69",
        "is_paid_off": true,
        "estado_aportacion": true,
        "estados_fechas": true,
        "forma_de_pago": "AMORTIZACIONES A CAPITAL",
        "creation_date": "2025-04-10T07:16:29.822Z",
        "excedente": "0.00",
        "sucursal": 1,
        "fecha_cancelacion": null
    }
},
{
    "model": "accountings.creditor",
    "pk": 4,
    "fields": {
        "codigo_acreedor": "AC-2025-4",
        "nombre_acreedor": "EDGAR ARMANDO ALVARADO BERMUDEZ",
        "fecha_inicio": "2024-12-31",
        "monto": "627560.63",
        "tasa": "0.020",
        "plazo": 59,
        "fecha_vencimiento": "2029-11-30",
        "fecha_registro": "2025-02-17",
        "numero_referencia": null,
        "observaciones": "TRASLADO Y CREACION DE FICHA DEL ACREEDOT  AC4-2024",
        "boleta": "",
        "status": false,
        "saldo_pendiente": "622646.52",
        "saldo_actual": "622646.52",
        "is_paid_off": false,
        "estado_aportacion": false,
        "estados_fechas": true,
        "forma_de_pago": "AMORTIZACIONES A CAPITAL",
        "creation_date": "2025-04-10T07:16:29.822Z",
        "excedente": "0.00",
        "sucursal": 1,
        "fecha_cancelacion": null
    }
},
{
    "model": "accountings.creditor",
    "pk": 5,
    "fields": {
        "codigo_acreedor": "AC-2025-5",
        "nombre_acreedor": "EDGAR ARMANDO ALVARADO BERMUDEZ",
        "fecha_inicio": "2024-12-03",
        "monto": "1647.00",
        "tasa": "0.000",
        "plazo": 4,
        "fecha_vencimiento": "2025-04-03",
        "fecha_registro": "2025-02-17",
        "numero_referencia": null,
        "observaciones": "TRASLADO Y CREACION DE FICHA DE ACREEDOR AC-05-2024",
        "boleta": "pagos/boletas/acreedor/Captura_de_pantalla_2025-02-17_150109.png",
        "status": false,
        "saldo_pendiente": "0.00",
        "saldo_actual": "-3.00",
        "is_paid_off": true,
        "estado_aportacion": true,
        "estados_fechas": null,
        "forma_de_pago": "AMORTIZACIONES A CAPITAL",
        "creation_date": "2025-04-10T07:16:29.822Z",
        "excedente": "0.00",
        "sucursal": 1,
        "fecha_cancelacion": null
    }
},
{
    "model": "accountings.creditor",
    "pk": 6,
    "fields": {
        "codigo_acreedor": "AC-2025-6",
        "nombre_acreedor": "EDGAR ARMANDO ALVARADO BERMUDEZ",
        "fecha_inicio": "2024-12-27",
        "monto": "24423.50",
        "tasa": "0.020",
        "plazo": 6,
        "fecha_vencimiento": "2025-06-27",
        "fecha_registro": "2025-02-17",
        "numero_referencia": "57229550",
        "observaciones": "POR TRASLADO Y CREACION DE NUEVA FICHA DEL ACREEDOR AC-06-2024",
        "boleta": "pagos/boletas/acreedor/Captura_de_pantalla_2025-02-17_150417.png",
        "status": false,
        "saldo_pendiente": "0.00",
        "saldo_actual": "-0.35",
        "is_paid_off": true,
        "estado_aportacion": true,
        "estados_fechas": true,
        "forma_de_pago": "AMORTIZACIONES A CAPITAL",
        "creation_date": "2025-04-10T07:16:29.822Z",
        "excedente": "0.00",
        "sucursal": 1,
        "fecha_cancelacion": null
    }
},
{
    "model": "accountings.creditor",
    "pk": 7,
    "fields": {
        "codigo_acreedor": "AC-2025-7",
        "nombre_acreedor": "EDGAR ARMANDO ALVARADO BERMUDEZ",
        "fecha_inicio": "2024-12-28",
        "monto": "26131.95",
        "tasa": "0.020",
        "plazo": 6,
        "fecha_vencimiento": "2025-06-28",
        "fecha_registro": "2025-02-17",
        "numero_referencia": "118569556",
        "observaciones": "",
        "boleta": "pagos/boletas/acreedor/Captura_de_pantalla_2025-02-17_150721.png",
        "status": false,
        "saldo_pendiente": "0.00",
        "saldo_actual": "0.00",
        "is_paid_off": true,
        "estado_aportacion": true,
        "estados_fechas": true,
        "forma_de_pago": "AMORTIZACIONES A CAPITAL",
        "creation_date": "2025-04-10T07:16:29.822Z",
        "excedente": "0.00",
        "sucursal": 1,
        "fecha_cancelacion": null
    }
},
{
    "model": "accountings.creditor",
    "pk": 8,
    "fields": {
        "codigo_acreedor": "AC-2025-8",
        "nombre_acreedor": "EDGAR ARMANDO ALVARADO BERMUDEZ",
        "fecha_inicio": "2024-12-05",
        "monto": "17498.95",
        "tasa": "0.025",
        "plazo": 7,
        "fecha_vencimiento": "2025-07-05",
        "fecha_registro": "2025-02-17",
        "numero_referencia": "1707975966",
        "observaciones": "POR TRASLADO Y CREACION DE FICHA DEL ACREEDOR AC-12-2024",
        "boleta": "pagos/boletas/acreedor/Captura_de_pantalla_2025-02-17_151233.png",
        "status": true,
        "saldo_pendiente": "0.00",
        "saldo_actual": "0.00",
        "is_paid_off": true,
        "estado_aportacion": true,
        "estados_fechas": true,
        "forma_de_pago": "AMORTIZACIONES A CAPITAL",
        "creation_date": "2025-04-10T07:16:29.822Z",
        "excedente": "0.00",
        "sucursal": 1,
        "fecha_cancelacion": null
    }
},
{
    "model": "accountings.creditor",
    "pk": 9,
    "fields": {
        "codigo_acreedor": "AC-2025-9",
        "nombre_acreedor": "EDGAR ARMANDO ALVARADO BERMUDEZ",
        "fecha_inicio": "2024-12-05",
        "monto": "23331.56",
        "tasa": "0.025",
        "plazo": 7,
        "fecha_vencimiento": "2025-07-05",
        "fecha_registro": "2025-02-17",
        "numero_referencia": "1739416972",
        "observaciones": "POR TRASLADO Y CREACION DE NUEVA FICHA DEL ACREEDOR AC-13-2024",
        "boleta": "pagos/boletas/acreedor/Captura_de_pantalla_2025-02-17_151439.png",
        "status": true,
        "saldo_pendiente": "0.00",
        "saldo_actual": "0.00",
        "is_paid_off": true,
        "estado_aportacion": true,
        "estados_fechas": true,
        "forma_de_pago": "AMORTIZACIONES A CAPITAL",
        "creation_date": "2025-04-10T07:16:29.822Z",
        "excedente": "0.00",
        "sucursal": 1,
        "fecha_cancelacion": null
    }
},
{
    "model": "accountings.creditor",
    "pk": 10,
    "fields": {
        "codigo_acreedor": "AC-2025-10",
        "nombre_acreedor": "EDGAR ARMANDO ALVARADO BERMUDEZ",
        "fecha_inicio": "2024-12-14",
        "monto": "10000.00",
        "tasa": "0.060",
        "plazo": 8,
        "fecha_vencimiento": "2025-08-14",
        "fecha_registro": "2025-02-17",
        "numero_referencia": "707691838",
        "observaciones": "POR TRASLADO Y CREACION DE NUEVA FICHA DEL ACREEDOR AC-20-2024",
        "boleta": "pagos/boletas/acreedor/Captura_de_pantalla_2025-02-17_151922.png",
        "status": false,
        "saldo_pendiente": "0.00",
        "saldo_actual": "0.00",
        "is_paid_off": true,
        "estado_aportacion": true,
        "estados_fechas": true,
        "forma_de_pago": "AMORTIZACIONES A CAPITAL",
        "creation_date": "2025-04-10T07:16:29.822Z",
        "excedente": "0.00",
        "sucursal": 1,
        "fecha_cancelacion": null
    }
},
{
    "model": "accountings.creditor",
    "pk": 11,
    "fields": {
        "codigo_acreedor": "AC-2025-11",
        "nombre_acreedor": "EDGAR ARMANDO ALVARADO BERMUDEZ",
        "fecha_inicio": "2024-12-10",
        "monto": "20623.81",
        "tasa": "0.035",
        "plazo": 9,
        "fecha_vencimiento": "2025-09-10",
        "fecha_registro": "2025-02-17",
        "numero_referencia": "1530607235",
        "observaciones": "POR TRASLADO Y CREACION DE NUEVA FICHA DEL ACREEDOR AC-21-2024",
        "boleta": "pagos/boletas/acreedor/Captura_de_pantalla_2025-02-17_152148.png",
        "status": false,
        "saldo_pendiente": "6850.27",
        "saldo_actual": "6850.27",
        "is_paid_off": false,
        "estado_aportacion": false,
        "estados_fechas": true,
        "forma_de_pago": "AMORTIZACIONES A CAPITAL",
        "creation_date": "2025-04-10T07:16:29.822Z",
        "excedente": "0.00",
        "sucursal": 1,
        "fecha_cancelacion": null
    }
},
{
    "model": "accountings.creditor",
    "pk": 12,
    "fields": {
        "codigo_acreedor": "AC-2025-12",
        "nombre_acreedor": "EDGAR ARMANDO ALVARADO BERMUDEZ",
        "fecha_inicio": "2024-12-09",
        "monto": "45000.00",
        "tasa": "0.035",
        "plazo": 9,
        "fecha_vencimiento": "2025-09-09",
        "fecha_registro": "2025-02-17",
        "numero_referencia": "1509726258",
        "observaciones": "POR TRASLADO Y CREACION DE NUEVA FICHA DEL ACREEDOR AC-22-2024",
        "boleta": "pagos/boletas/acreedor/Captura_de_pantalla_2025-02-17_152756.png",
        "status": false,
        "saldo_pendiente": "10000.00",
        "saldo_actual": "10000.00",
        "is_paid_off": false,
        "estado_aportacion": false,
        "estados_fechas": true,
        "forma_de_pago": "AMORTIZACIONES A CAPITAL",
        "creation_date": "2025-04-10T07:16:29.822Z",
        "excedente": "0.00",
        "sucursal": 1,
        "fecha_cancelacion": null
    }
},
{
    "model": "accountings.creditor",
    "pk": 13,
    "fields": {
        "codigo_acreedor": "AC-2025-13",
        "nombre_acreedor": "EDGAR ARMANDO ALVARADO BERMUDEZ",
        "fecha_inicio": "2024-12-10",
        "monto": "3500.00",
        "tasa": "0.100",
        "plazo": 7,
        "fecha_vencimiento": "2025-07-10",
        "fecha_registro": "2025-02-17",
        "numero_referencia": "1509726258",
        "observaciones": "POR TRASLADO Y CREACION DE FICHA DEL ACREEDOR AC-23-2024",
        "boleta": "pagos/boletas/acreedor/Captura_de_pantalla_2025-02-17_153419.png",
        "status": false,
        "saldo_pendiente": "0.00",
        "saldo_actual": "0.00",
        "is_paid_off": true,
        "estado_aportacion": true,
        "estados_fechas": true,
        "forma_de_pago": "AMORTIZACIONES A CAPITAL",
        "creation_date": "2025-04-10T07:16:29.822Z",
        "excedente": "0.00",
        "sucursal": 1,
        "fecha_cancelacion": null
    }
},
{
    "model": "accountings.creditor",
    "pk": 15,
    "fields": {
        "codigo_acreedor": "AC-2025-15",
        "nombre_acreedor": "EDGAR ARMANDO ALVARADO BERMUDEZ",
        "fecha_inicio": "2024-12-04",
        "monto": "1818.00",
        "tasa": "0.000",
        "plazo": 9,
        "fecha_vencimiento": "2025-09-04",
        "fecha_registro": "2025-02-17",
        "numero_referencia": null,
        "observaciones": "POR TRASLADO Y CREACION DE FICHA DEL ACREEDOR AC-24-2024",
        "boleta": "pagos/boletas/acreedor/Captura_de_pantalla_2025-02-17_160635.png",
        "status": false,
        "saldo_pendiente": "0.00",
        "saldo_actual": "0.00",
        "is_paid_off": true,
        "estado_aportacion": true,
        "estados_fechas": true,
        "forma_de_pago": "AMORTIZACIONES A CAPITAL",
        "creation_date": "2025-04-10T07:16:29.822Z",
        "excedente": "0.00",
        "sucursal": 1,
        "fecha_cancelacion": null
    }
},
{
    "model": "accountings.creditor",
    "pk": 16,
    "fields": {
        "codigo_acreedor": "AC-2025-16",
        "nombre_acreedor": "EDGAR ARMANDO ALVARADO BERMUDEZ",
        "fecha_inicio": "2024-12-12",
        "monto": "4999.50",
        "tasa": "0.075",
        "plazo": 2,
        "fecha_vencimiento": "2025-02-12",
        "fecha_registro": "2025-02-17",
        "numero_referencia": "1120080729",
        "observaciones": "POR TRASLADO Y CREACION DE NUEVA FICHA DEL ACREEDOR AC-25-2024",
        "boleta": "pagos/boletas/acreedor/Captura_de_pantalla_2025-02-17_161513.png",
        "status": false,
        "saldo_pendiente": "0.00",
        "saldo_actual": "0.00",
        "is_paid_off": true,
        "estado_aportacion": true,
        "estados_fechas": true,
        "forma_de_pago": "AMORTIZACIONES A CAPITAL",
        "creation_date": "2025-04-10T07:16:29.822Z",
        "excedente": "0.00",
        "sucursal": 1,
        "fecha_cancelacion": null
    }
},
{
    "model": "accountings.creditor",
    "pk": 17,
    "fields": {
        "codigo_acreedor": "AC-2025-17",
        "nombre_acreedor": "EDGAR ARMANDO ALVARADO BERMUDEZ",
        "fecha_inicio": "2024-12-26",
        "monto": "1274.00",
        "tasa": "0.000",
        "plazo": 11,
        "fecha_vencimiento": "2025-11-26",
        "fecha_registro": "2025-02-17",
        "numero_referencia": null,
        "observaciones": "POR TRASLADO Y CREACION DE NUEVA FICHA DEL ACREEDOR AC-26-2024",
        "boleta": "pagos/boletas/acreedor/Captura_de_pantalla_2025-02-17_161855.png",
        "status": false,
        "saldo_pendiente": "114.00",
        "saldo_actual": "114.00",
        "is_paid_off": false,
        "estado_aportacion": true,
        "estados_fechas": true,
        "forma_de_pago": "AMORTIZACIONES A CAPITAL",
        "creation_date": "2025-04-10T07:16:29.822Z",
        "excedente": "0.00",
        "sucursal": 1,
        "fecha_cancelacion": null
    }
},
{
    "model": "accountings.creditor",
    "pk": 18,
    "fields": {
        "codigo_acreedor": "AC-2025-18",
        "nombre_acreedor": "EDGAR ARMANDO ALVARADO BERMUDEZ",
        "fecha_inicio": "2024-12-10",
        "monto": "1985.00",
        "tasa": "0.000",
        "plazo": 12,
        "fecha_vencimiento": "2025-12-10",
        "fecha_registro": "2025-02-17",
        "numero_referencia": null,
        "observaciones": "POR TRASLADO Y CREACION DE NUEVA FICHA DEL ACREEDOR AC-27-2024",
        "boleta": "pagos/boletas/acreedor/Captura_de_pantalla_2025-02-17_162828.png",
        "status": false,
        "saldo_pendiente": "325.58",
        "saldo_actual": "325.58",
        "is_paid_off": false,
        "estado_aportacion": true,
        "estados_fechas": true,
        "forma_de_pago": "AMORTIZACIONES A CAPITAL",
        "creation_date": "2025-04-10T07:16:29.822Z",
        "excedente": "0.00",
        "sucursal": 1,
        "fecha_cancelacion": null
    }
},
{
    "model": "accountings.creditor",
    "pk": 19,
    "fields": {
        "codigo_acreedor": "AC-2025-19",
        "nombre_acreedor": "EDGAR ARMANDO ALVARADO BERMUDEZ",
        "fecha_inicio": "2025-01-06",
        "monto": "5500.00",
        "tasa": "0.025",
        "plazo": 2,
        "fecha_vencimiento": "2025-03-06",
        "fecha_registro": "2025-02-17",
        "numero_referencia": "558916747",
        "observaciones": "POR TRASLADO Y CREACION DE FICHA DEL ACREEDOR AC-01-2025",
        "boleta": "pagos/boletas/acreedor/Captura_de_pantalla_2025-02-17_163808.png",
        "status": true,
        "saldo_pendiente": "-69.50",
        "saldo_actual": "-69.50",
        "is_paid_off": true,
        "estado_aportacion": true,
        "estados_fechas": true,
        "forma_de_pago": "AMORTIZACIONES A CAPITAL",
        "creation_date": "2025-04-10T07:16:29.822Z",
        "excedente": "0.00",
        "sucursal": 1,
        "fecha_cancelacion": null
    }
},
{
    "model": "accountings.creditor",
    "pk": 20,
    "fields": {
        "codigo_acreedor": "AC-2025-20",
        "nombre_acreedor": "EDGAR ARMANDO ALVARADO BERMUDEZ",
        "fecha_inicio": "2025-01-18",
        "monto": "1632.01",
        "tasa": "0.000",
        "plazo": 10,
        "fecha_vencimiento": "2025-11-18",
        "fecha_registro": "2025-02-17",
        "numero_referencia": null,
        "observaciones": "POR TRASLADO Y CREACION DE FICHA DEL ACREEDOT AC-02-2025",
        "boleta": "pagos/boletas/acreedor/Captura_de_pantalla_2025-02-17_164257.png",
        "status": false,
        "saldo_pendiente": "648.01",
        "saldo_actual": "648.01",
        "is_paid_off": false,
        "estado_aportacion": true,
        "estados_fechas": true,
        "forma_de_pago": "AMORTIZACIONES A CAPITAL",
        "creation_date": "2025-04-10T07:16:29.822Z",
        "excedente": "0.00",
        "sucursal": 1,
        "fecha_cancelacion": null
    }
},
{
    "model": "accountings.creditor",
    "pk": 21,
    "fields": {
        "codigo_acreedor": "AC-2025-21",
        "nombre_acreedor": "EDGAR ARMANDO ALVARADO BERMUDEZ",
        "fecha_inicio": "2025-01-29",
        "monto": "1599.00",
        "tasa": "0.000",
        "plazo": 10,
        "fecha_vencimiento": "2025-11-29",
        "fecha_registro": "2025-02-17",
        "numero_referencia": null,
        "observaciones": "POR TRASLADO Y CREACION DE FICHA DEL ACREEDOR AC-03-2025",
        "boleta": "pagos/boletas/acreedor/Captura_de_pantalla_2025-02-17_164533.png",
        "status": false,
        "saldo_pendiente": "319.00",
        "saldo_actual": "319.00",
        "is_paid_off": false,
        "estado_aportacion": true,
        "estados_fechas": true,
        "forma_de_pago": "AMORTIZACIONES A CAPITAL",
        "creation_date": "2025-04-10T07:16:29.822Z",
        "excedente": "0.00",
        "sucursal": 1,
        "fecha_cancelacion": null
    }
},
{
    "model": "accountings.creditor",
    "pk": 22,
    "fields": {
        "codigo_acreedor": "AC-2025-22",
        "nombre_acreedor": "EDGAR ARMANDO ALVARADO BERMUDEZ",
        "fecha_inicio": "2024-12-18",
        "monto": "8327.96",
        "tasa": "0.025",
        "plazo": 1,
        "fecha_vencimiento": "2025-01-18",
        "fecha_registro": "2025-02-17",
        "numero_referencia": "1421462423",
        "observaciones": "POR TRASLADO Y CREACION DE NUEVA FICHA DEL ACREEDOR AC-16-2023",
        "boleta": "pagos/boletas/acreedor/Captura_de_pantalla_2025-02-17_171626.png",
        "status": false,
        "saldo_pendiente": "0.00",
        "saldo_actual": "0.00",
        "is_paid_off": true,
        "estado_aportacion": true,
        "estados_fechas": true,
        "forma_de_pago": "AMORTIZACIONES A CAPITAL",
        "creation_date": "2025-04-10T07:16:29.822Z",
        "excedente": "0.00",
        "sucursal": 1,
        "fecha_cancelacion": null
    }
},
{
    "model": "accountings.creditor",
    "pk": 23,
    "fields": {
        "codigo_acreedor": "AC-2025-23",
        "nombre_acreedor": "EDGAR ARMANDO ALVARADO BERMUDEZ",
        "fecha_inicio": "2024-12-04",
        "monto": "8331.10",
        "tasa": "0.050",
        "plazo": 1,
        "fecha_vencimiento": "2025-01-04",
        "fecha_registro": "2025-02-17",
        "numero_referencia": "1701530393",
        "observaciones": "POR TRASLADO Y CREACION DE NUEVA FICHA DEL ACREEDOR AC-11-2024",
        "boleta": "pagos/boletas/acreedor/Captura_de_pantalla_2025-02-17_171909.png",
        "status": false,
        "saldo_pendiente": "0.00",
        "saldo_actual": "0.00",
        "is_paid_off": true,
        "estado_aportacion": true,
        "estados_fechas": true,
        "forma_de_pago": "AMORTIZACIONES A CAPITAL",
        "creation_date": "2025-04-10T07:16:29.822Z",
        "excedente": "0.00",
        "sucursal": 1,
        "fecha_cancelacion": null
    }
},
{
    "model": "accountings.creditor",
    "pk": 24,
    "fields": {
        "codigo_acreedor": "AC-2025-24",
        "nombre_acreedor": "EDGAR ARMANDO ALVARADO BERMUDEZ",
        "fecha_inicio": "2024-12-05",
        "monto": "2967.11",
        "tasa": "0.025",
        "plazo": 1,
        "fecha_vencimiento": "2025-01-05",
        "fecha_registro": "2025-02-17",
        "numero_referencia": "32678554",
        "observaciones": "POR TRASLADO Y CREACION DE NUEVA FICHA DEL ACREEDOR AC-01-2024",
        "boleta": "pagos/boletas/acreedor/Captura_de_pantalla_2025-02-17_172102.png",
        "status": false,
        "saldo_pendiente": "0.00",
        "saldo_actual": "0.00",
        "is_paid_off": true,
        "estado_aportacion": true,
        "estados_fechas": true,
        "forma_de_pago": "AMORTIZACIONES A CAPITAL",
        "creation_date": "2025-04-10T07:16:29.822Z",
        "excedente": "0.00",
        "sucursal": 1,
        "fecha_cancelacion": null
    }
},
{
    "model": "accountings.creditor",
    "pk": 25,
    "fields": {
        "codigo_acreedor": "AC-2025-25",
        "nombre_acreedor": "EDGAR ARMANDO ALVARADO BERMUDEZ",
        "fecha_inicio": "2024-12-18",
        "monto": "1831.10",
        "tasa": "0.050",
        "plazo": 1,
        "fecha_vencimiento": "2025-01-18",
        "fecha_registro": "2025-02-17",
        "numero_referencia": "2111030246",
        "observaciones": "POR TRASLADO Y CREACION DE NUEVA FICHA DEL ACREEDOR AC 18-2024",
        "boleta": "",
        "status": false,
        "saldo_pendiente": "0.00",
        "saldo_actual": "0.00",
        "is_paid_off": true,
        "estado_aportacion": true,
        "estados_fechas": true,
        "forma_de_pago": "AMORTIZACIONES A CAPITAL",
        "creation_date": "2025-04-10T07:16:29.822Z",
        "excedente": "0.00",
        "sucursal": 1,
        "fecha_cancelacion": null
    }
},
{
    "model": "accountings.creditor",
    "pk": 26,
    "fields": {
        "codigo_acreedor": "AC-2025-14",
        "nombre_acreedor": "EDGAR ARMANDO ALVARADO BERMUDEZ",
        "fecha_inicio": "2025-03-07",
        "monto": "9490.00",
        "tasa": "0.000",
        "plazo": 12,
        "fecha_vencimiento": "2026-03-07",
        "fecha_registro": "2025-04-01",
        "numero_referencia": null,
        "observaciones": "POR COMPRA DE MOTOCICLETA/ LIGADO AL CREDITO EDWIN GARCIA Y RACHELL LINDA YAT FICHA NUMERO 63-2025/ CREDITO",
        "boleta": "pagos/boletas/acreedor/Captura_de_pantalla_2025-04-01_093901.png",
        "status": false,
        "saldo_pendiente": "3953.00",
        "saldo_actual": "3953.00",
        "is_paid_off": false,
        "estado_aportacion": true,
        "estados_fechas": true,
        "forma_de_pago": "AMORTIZACIONES A CAPITAL",
        "creation_date": "2025-04-10T07:16:29.822Z",
        "excedente": "0.00",
        "sucursal": 1,
        "fecha_cancelacion": null
    }
},
{
    "model": "accountings.creditor",
    "pk": 27,
    "fields": {
        "codigo_acreedor": "AC-2025-26",
        "nombre_acreedor": "EDGAR ARMANDO ALVARADO BERMUDEZ",
        "fecha_inicio": "2025-02-28",
        "monto": "7075.00",
        "tasa": "0.010",
        "plazo": 12,
        "fecha_vencimiento": "2026-02-28",
        "fecha_registro": "2025-04-10",
        "numero_referencia": null,
        "observaciones": "POR COMPRA DE MOBILIARIO Y EQUIPO PARA NUEVA OFICINA",
        "boleta": "pagos/boletas/acreedor/Captura_de_pantalla_2025-04-10_124835.png",
        "status": false,
        "saldo_pendiente": "3526.62",
        "saldo_actual": "3526.62",
        "is_paid_off": false,
        "estado_aportacion": true,
        "estados_fechas": true,
        "forma_de_pago": "AMORTIZACIONES A CAPITAL",
        "creation_date": "2025-04-10T18:48:53.466Z",
        "excedente": "0.00",
        "sucursal": 1,
        "fecha_cancelacion": null
    }
},
{
    "model": "accountings.creditor",
    "pk": 28,
    "fields": {
        "codigo_acreedor": "AC-2025-27",
        "nombre_acreedor": "EDGAR ARMANDO ALVARADO BERMUDEZ",
        "fecha_inicio": "2025-02-26",
        "monto": "20000.00",
        "tasa": "0.100",
        "plazo": 6,
        "fecha_vencimiento": "2025-08-26",
        "fecha_registro": "2025-04-10",
        "numero_referencia": "21719287",
        "observaciones": "SERVICIOS FINANCIERO/ CASO AUGUSTIN GARCIA SIS",
        "boleta": "pagos/boletas/acreedor/Captura_de_pantalla_2025-04-10_130053.png",
        "status": true,
        "saldo_pendiente": "0.00",
        "saldo_actual": "0.00",
        "is_paid_off": true,
        "estado_aportacion": true,
        "estados_fechas": true,
        "forma_de_pago": "AMORTIZACIONES A CAPITAL",
        "creation_date": "2025-04-10T19:02:09.745Z",
        "excedente": "0.00",
        "sucursal": 1,
        "fecha_cancelacion": null
    }
},
{
    "model": "accountings.creditor",
    "pk": 29,
    "fields": {
        "codigo_acreedor": "AC-2025-28",
        "nombre_acreedor": "EDGAR ARMANDO ALVARADO BERMUDEZ",
        "fecha_inicio": "2025-05-06",
        "monto": "1595.00",
        "tasa": "0.000",
        "plazo": 3,
        "fecha_vencimiento": "2025-08-06",
        "fecha_registro": "2025-05-13",
        "numero_referencia": null,
        "observaciones": "POR COMPRA DE SILLA AL CREDITO EL MES DE MAYO",
        "boleta": "pagos/boletas/acreedor/Captura_de_pantalla_2025-05-13_161704.png",
        "status": false,
        "saldo_pendiente": "0.00",
        "saldo_actual": "0.00",
        "is_paid_off": true,
        "estado_aportacion": true,
        "estados_fechas": true,
        "forma_de_pago": "AMORTIZACIONES A CAPITAL",
        "creation_date": "2025-05-13T22:17:21.238Z",
        "excedente": "0.00",
        "sucursal": 1,
        "fecha_cancelacion": null
    }
},
{
    "model": "accountings.creditor",
    "pk": 30,
    "fields": {
        "codigo_acreedor": "AC-2025-29",
        "nombre_acreedor": "EDGAR ARMANDO ALVARADO BERMUDEZ",
        "fecha_inicio": "2025-06-05",
        "monto": "5000.00",
        "tasa": "0.050",
        "plazo": 3,
        "fecha_vencimiento": "2025-09-05",
        "fecha_registro": "2025-06-11",
        "numero_referencia": "849648732",
        "observaciones": "ACREEDOR 8-2025/ CASO CREDITO DE ANNE VERALY DELGADO VAIDES",
        "boleta": "pagos/boletas/acreedor/Imagen_de_WhatsApp_2025-06-11_a_las_12.11.56_5fb1b4ba.jpg",
        "status": true,
        "saldo_pendiente": "1578.18",
        "saldo_actual": "1578.18",
        "is_paid_off": false,
        "estado_aportacion": false,
        "estados_fechas": true,
        "forma_de_pago": "AMORTIZACIONES A CAPITAL",
        "creation_date": "2025-06-11T18:16:30.401Z",
        "excedente": "0.00",
        "sucursal": 1,
        "fecha_cancelacion": null
    }
},
{
    "model": "accountings.creditor",
    "pk": 31,
    "fields": {
        "codigo_acreedor": "AC-2025-30",
        "nombre_acreedor": "EDGAR ARMANDO ALVARADO BERMUDEZ",
        "fecha_inicio": "2025-06-05",
        "monto": "5000.00",
        "tasa": "0.050",
        "plazo": 3,
        "fecha_vencimiento": "2025-09-05",
        "fecha_registro": "2025-06-11",
        "numero_referencia": "849708607",
        "observaciones": "ACREEDOR 9-2025/ CASO CREDITO DE ANNE VERALY DELGADO VAIDES",
        "boleta": "pagos/boletas/acreedor/Imagen_de_WhatsApp_2025-06-11_a_las_12.11.56_c1bcd0a2.jpg",
        "status": true,
        "saldo_pendiente": "1578.18",
        "saldo_actual": "1578.18",
        "is_paid_off": false,
        "estado_aportacion": false,
        "estados_fechas": true,
        "forma_de_pago": "AMORTIZACIONES A CAPITAL",
        "creation_date": "2025-06-11T18:18:48.964Z",
        "excedente": "0.00",
        "sucursal": 1,
        "fecha_cancelacion": null
    }
},
{
    "model": "accountings.creditor",
    "pk": 32,
    "fields": {
        "codigo_acreedor": "AC-2025-31",
        "nombre_acreedor": "EDGAR ARMANDO ALVARADO BERMUDEZ",
        "fecha_inicio": "2025-06-10",
        "monto": "40000.00",
        "tasa": "0.020",
        "plazo": 3,
        "fecha_vencimiento": "2025-09-10",
        "fecha_registro": "2025-06-11",
        "numero_referencia": "986219445",
        "observaciones": "ACREEDOR 10-2025/ CASO POR NEGOCIO LIGADO AL CREDITO DE ARNOLDO AREVALO JUCUB\r\nInterés mensual capital al vencimiento",
        "boleta": "pagos/boletas/acreedor/Imagen_de_WhatsApp_2025-06-11_a_las_12.12.40_6e38054b.jpg",
        "status": true,
        "saldo_pendiente": "26597.61",
        "saldo_actual": "26597.61",
        "is_paid_off": false,
        "estado_aportacion": false,
        "estados_fechas": true,
        "forma_de_pago": "AMORTIZACIONES A CAPITAL",
        "creation_date": "2025-06-11T18:25:07.139Z",
        "excedente": "0.00",
        "sucursal": 1,
        "fecha_cancelacion": null
    }
},
{
    "model": "accountings.creditor",
    "pk": 33,
    "fields": {
        "codigo_acreedor": "AC-2025-32",
        "nombre_acreedor": "EDGAR ARMANDO ALVARADO BERMUDEZ",
        "fecha_inicio": "2025-06-07",
        "monto": "20000.00",
        "tasa": "0.025",
        "plazo": 3,
        "fecha_vencimiento": "2025-09-07",
        "fecha_registro": "2025-06-11",
        "numero_referencia": "904574078",
        "observaciones": "ACREEDOR 11-2025 /CASO LIGADO AL CREDITO DE ALBERTO TOT CHOC",
        "boleta": "pagos/boletas/acreedor/Imagen_de_WhatsApp_2025-06-11_a_las_12.25.48_4d4ea206.jpg",
        "status": true,
        "saldo_pendiente": "6652.63",
        "saldo_actual": "6652.63",
        "is_paid_off": false,
        "estado_aportacion": false,
        "estados_fechas": true,
        "forma_de_pago": "AMORTIZACIONES A CAPITAL",
        "creation_date": "2025-06-11T18:39:39.509Z",
        "excedente": "0.00",
        "sucursal": 1,
        "fecha_cancelacion": null
    }
},
{
    "model": "accountings.creditor",
    "pk": 34,
    "fields": {
        "codigo_acreedor": "AC-2025-33",
        "nombre_acreedor": "EDGAR ARMANDO ALVARADO BERMUDEZ",
        "fecha_inicio": "2025-06-12",
        "monto": "3000.00",
        "tasa": "0.025",
        "plazo": 1,
        "fecha_vencimiento": "2025-07-12",
        "fecha_registro": "2025-06-12",
        "numero_referencia": "1054536614",
        "observaciones": "",
        "boleta": "pagos/boletas/acreedor/Imagen_de_WhatsApp_2025-06-12_a_las_15.50.58_994b5181.jpg",
        "status": true,
        "saldo_pendiente": "0.00",
        "saldo_actual": "0.00",
        "is_paid_off": true,
        "estado_aportacion": true,
        "estados_fechas": true,
        "forma_de_pago": "AMORTIZACIONES A CAPITAL",
        "creation_date": "2025-06-12T21:55:44.342Z",
        "excedente": "0.00",
        "sucursal": 1,
        "fecha_cancelacion": null
    }
},
{
    "model": "accountings.creditor",
    "pk": 35,
    "fields": {
        "codigo_acreedor": "AC-2025-34",
        "nombre_acreedor": "EDGAR ARMANDO ALVARADO BERMUDEZ",
        "fecha_inicio": "2025-06-16",
        "monto": "6999.00",
        "tasa": "0.000",
        "plazo": 12,
        "fecha_vencimiento": "2026-06-16",
        "fecha_registro": "2025-06-16",
        "numero_referencia": null,
        "observaciones": "POR COMPRA DE NUEVO EQUIPO DE COMPUTACION USADO PARA ADCTIVIDADES ADMINISTRATIVAS/ LAPTOP ASUS A15",
        "boleta": "pagos/boletas/acreedor/Imagen_de_WhatsApp_2025-06-16_a_las_11.22.15_b324df4e.jpg",
        "status": false,
        "saldo_pendiente": "5247.00",
        "saldo_actual": "5247.00",
        "is_paid_off": false,
        "estado_aportacion": true,
        "estados_fechas": true,
        "forma_de_pago": "AMORTIZACIONES A CAPITAL",
        "creation_date": "2025-06-16T17:25:25.651Z",
        "excedente": "0.00",
        "sucursal": 1,
        "fecha_cancelacion": null
    }
},
{
    "model": "accountings.creditor",
    "pk": 36,
    "fields": {
        "codigo_acreedor": "AC-2025-35",
        "nombre_acreedor": "EDGAR ARMANDO ALVARADO BERMUDEZ",
        "fecha_inicio": "2025-06-05",
        "monto": "6000.00",
        "tasa": "0.025",
        "plazo": 3,
        "fecha_vencimiento": "2025-09-05",
        "fecha_registro": "2025-06-30",
        "numero_referencia": "849766918",
        "observaciones": "CREACION DE ACREEDOR 14-2025",
        "boleta": "pagos/boletas/acreedor/Captura_de_pantalla_2025-06-30_105731.png",
        "status": true,
        "saldo_pendiente": "2000.00",
        "saldo_actual": "2000.00",
        "is_paid_off": false,
        "estado_aportacion": false,
        "estados_fechas": true,
        "forma_de_pago": "AMORTIZACIONES A CAPITAL",
        "creation_date": "2025-06-30T16:57:57.115Z",
        "excedente": "0.00",
        "sucursal": 1,
        "fecha_cancelacion": null
    }
},
{
    "model": "accountings.creditor",
    "pk": 37,
    "fields": {
        "codigo_acreedor": "AC-2025-36",
        "nombre_acreedor": "EDGAR ARMANDO ALVARADO BERMUDEZ",
        "fecha_inicio": "2025-06-13",
        "monto": "3000.00",
        "tasa": "0.025",
        "plazo": 1,
        "fecha_vencimiento": "2025-07-13",
        "fecha_registro": "2025-06-30",
        "numero_referencia": "1095017437",
        "observaciones": "CREACION DEL ACREEDOR 15-2025",
        "boleta": "pagos/boletas/acreedor/Captura_de_pantalla_2025-06-30_105915.png",
        "status": true,
        "saldo_pendiente": "3000.00",
        "saldo_actual": "3000.00",
        "is_paid_off": false,
        "estado_aportacion": false,
        "estados_fechas": true,
        "forma_de_pago": "AMORTIZACIONES A CAPITAL",
        "creation_date": "2025-06-30T16:59:29.848Z",
        "excedente": "0.00",
        "sucursal": 1,
        "fecha_cancelacion": null
    }
},
{
    "model": "accountings.creditor",
    "pk": 38,
    "fields": {
        "codigo_acreedor": "AC-2025-37",
        "nombre_acreedor": "EDGAR ARMANDO ALVARADO BERMUDEZ",
        "fecha_inicio": "2025-06-24",
        "monto": "10000.00",
        "tasa": "0.050",
        "plazo": 4,
        "fecha_vencimiento": "2025-10-24",
        "fecha_registro": "2025-06-30",
        "numero_referencia": "1377871046",
        "observaciones": "ACREEDOR 16-2025 POR NEGOCIO DE EUNICE GARCIA",
        "boleta": "pagos/boletas/acreedor/Imagen_de_WhatsApp_2025-06-30_a_las_10.59.56_f76b3dba.jpg",
        "status": true,
        "saldo_pendiente": "7500.00",
        "saldo_actual": "7500.00",
        "is_paid_off": false,
        "estado_aportacion": false,
        "estados_fechas": true,
        "forma_de_pago": "AMORTIZACIONES A CAPITAL",
        "creation_date": "2025-06-30T17:03:27.167Z",
        "excedente": "0.00",
        "sucursal": 1,
        "fecha_cancelacion": null
    }
},
{
    "model": "accountings.creditor",
    "pk": 39,
    "fields": {
        "codigo_acreedor": "AC-2025-38",
        "nombre_acreedor": "EDGAR ARMANDO ALVARADO BERMUDEZ",
        "fecha_inicio": "2025-06-26",
        "monto": "8000.00",
        "tasa": "0.050",
        "plazo": 6,
        "fecha_vencimiento": "2025-12-26",
        "fecha_registro": "2025-06-30",
        "numero_referencia": "1465871093",
        "observaciones": "ACREEDOR 16-2025 POR NEGOCIO DE LA SEÑORA SARA IRMA CHOC",
        "boleta": "pagos/boletas/acreedor/Captura_de_pantalla_2025-06-30_110813.png",
        "status": true,
        "saldo_pendiente": "6664.30",
        "saldo_actual": "6664.30",
        "is_paid_off": false,
        "estado_aportacion": false,
        "estados_fechas": true,
        "forma_de_pago": "AMORTIZACIONES A CAPITAL",
        "creation_date": "2025-06-30T17:08:34.894Z",
        "excedente": "0.00",
        "sucursal": 1,
        "fecha_cancelacion": null
    }
},
{
    "model": "accountings.creditor",
    "pk": 40,
    "fields": {
        "codigo_acreedor": "AC-2025-39",
        "nombre_acreedor": "EDGAR ARMANDO ALVARADO BERMUDEZ",
        "fecha_inicio": "2025-06-14",
        "monto": "70000.00",
        "tasa": "0.010",
        "plazo": 1,
        "fecha_vencimiento": "2025-07-14",
        "fecha_registro": "2025-07-10",
        "numero_referencia": "76629985",
        "observaciones": "ACREEDOR No.18-2025",
        "boleta": "pagos/boletas/acreedor/Imagen_de_WhatsApp_2025-07-10_a_las_10.49.15_46980940.jpg",
        "status": true,
        "saldo_pendiente": "35000.00",
        "saldo_actual": "35000.00",
        "is_paid_off": false,
        "estado_aportacion": false,
        "estados_fechas": true,
        "forma_de_pago": "AMORTIZACIONES A CAPITAL",
        "creation_date": "2025-07-10T16:49:27.736Z",
        "excedente": "0.00",
        "sucursal": 1,
        "fecha_cancelacion": null
    }
},
{
    "model": "accountings.creditor",
    "pk": 41,
    "fields": {
        "codigo_acreedor": "AC-2025-40",
        "nombre_acreedor": "EDGAR ARMANDO ALVARADO BERMUDEZ",
        "fecha_inicio": "2025-07-21",
        "monto": "5000.00",
        "tasa": "0.050",
        "plazo": 4,
        "fecha_vencimiento": "2025-11-21",
        "fecha_registro": "2025-07-24",
        "numero_referencia": "73634295",
        "observaciones": "ACREEDOR POR NEGOCIO LIGADO AL CREDITO DE HECTOR ROLANDO LEMUS LOPEZ",
        "boleta": "pagos/boletas/acreedor/Imagen_de_WhatsApp_2025-07-24_a_las_14.21.36_ab60cb32.jpg",
        "status": true,
        "saldo_pendiente": "0.00",
        "saldo_actual": "0.00",
        "is_paid_off": true,
        "estado_aportacion": true,
        "estados_fechas": true,
        "forma_de_pago": "AMORTIZACIONES A CAPITAL",
        "creation_date": "2025-07-24T20:22:18.145Z",
        "excedente": "0.00",
        "sucursal": 1,
        "fecha_cancelacion": null
    }
},
{
    "model": "accountings.creditor",
    "pk": 42,
    "fields": {
        "codigo_acreedor": "AC-2025-41",
        "nombre_acreedor": "EDGAR ARMANDO ALVARADO BERMUDEZ",
        "fecha_inicio": "2025-07-21",
        "monto": "5000.00",
        "tasa": "0.050",
        "plazo": 1,
        "fecha_vencimiento": "2025-08-21",
        "fecha_registro": "2025-07-24",
        "numero_referencia": "73695536",
        "observaciones": "ACREEDOR POR NEGOCIO RELACIONADO AL CREDITO DE ANA VERALY DELGADO VAIDES",
        "boleta": "pagos/boletas/acreedor/Imagen_de_WhatsApp_2025-07-24_a_las_14.23.18_a41c6761.jpg",
        "status": true,
        "saldo_pendiente": "0.00",
        "saldo_actual": "0.00",
        "is_paid_off": true,
        "estado_aportacion": true,
        "estados_fechas": true,
        "forma_de_pago": "AMORTIZACIONES A CAPITAL",
        "creation_date": "2025-07-24T20:24:00.088Z",
        "excedente": "0.00",
        "sucursal": 1,
        "fecha_cancelacion": null
    }
},
{
    "model": "accountings.creditor",
    "pk": 43,
    "fields": {
        "codigo_acreedor": "AC-2025-42",
        "nombre_acreedor": "EDGAR ARMANDO ALVARADO BERMUDEZ",
        "fecha_inicio": "2025-07-21",
        "monto": "8000.00",
        "tasa": "0.050",
        "plazo": 4,
        "fecha_vencimiento": "2025-11-21",
        "fecha_registro": "2025-07-24",
        "numero_referencia": "73770256",
        "observaciones": "ACREEDOR POR NEGOCIO RELACIONADO AL CREDITO DE CLARA WALESKA PINEDA OCHAETA",
        "boleta": "pagos/boletas/acreedor/Imagen_de_WhatsApp_2025-07-24_a_las_14.25.37_71be4447.jpg",
        "status": true,
        "saldo_pendiente": "6000.00",
        "saldo_actual": "6000.00",
        "is_paid_off": false,
        "estado_aportacion": false,
        "estados_fechas": true,
        "forma_de_pago": "AMORTIZACIONES A CAPITAL",
        "creation_date": "2025-07-24T20:26:27.170Z",
        "excedente": "0.00",
        "sucursal": 1,
        "fecha_cancelacion": null
    }
},
{
    "model": "accountings.creditor",
    "pk": 44,
    "fields": {
        "codigo_acreedor": "AC-2025-43",
        "nombre_acreedor": "EDGAR ARMANDO ALVARADO BERMUDEZ",
        "fecha_inicio": "2025-07-21",
        "monto": "15000.00",
        "tasa": "0.038",
        "plazo": 3,
        "fecha_vencimiento": "2025-10-21",
        "fecha_registro": "2025-07-24",
        "numero_referencia": "73848478",
        "observaciones": "ACREEDOR POR NEGOCIO RELACIONADO AL CREDITO DE MIRIAM ANTONIETA SORIA LOPEZ DE AREVALO",
        "boleta": "pagos/boletas/acreedor/Imagen_de_WhatsApp_2025-07-24_a_las_14.28.10_65402f03.jpg",
        "status": true,
        "saldo_pendiente": "14765.49",
        "saldo_actual": "14765.49",
        "is_paid_off": false,
        "estado_aportacion": false,
        "estados_fechas": true,
        "forma_de_pago": "AMORTIZACIONES A CAPITAL",
        "creation_date": "2025-07-24T20:28:47.495Z",
        "excedente": "0.00",
        "sucursal": 1,
        "fecha_cancelacion": null
    }
},
{
    "model": "accountings.creditor",
    "pk": 45,
    "fields": {
        "codigo_acreedor": "AC-2025-44",
        "nombre_acreedor": "EDGAR ARMANDO ALVARADO BERMUDEZ",
        "fecha_inicio": "2025-07-21",
        "monto": "8000.00",
        "tasa": "0.038",
        "plazo": 6,
        "fecha_vencimiento": "2026-01-21",
        "fecha_registro": "2025-07-24",
        "numero_referencia": "73932673",
        "observaciones": "ACREEDOR POR NEGOCIO RELACIONADO AL CREDITO DE SARA IRMA CHOC MEDINA",
        "boleta": "pagos/boletas/acreedor/Imagen_de_WhatsApp_2025-07-24_a_las_14.30.27_42dfdd39.jpg",
        "status": true,
        "saldo_pendiente": "7389.37",
        "saldo_actual": "7389.37",
        "is_paid_off": false,
        "estado_aportacion": false,
        "estados_fechas": true,
        "forma_de_pago": "AMORTIZACIONES A CAPITAL",
        "creation_date": "2025-07-24T20:31:26.862Z",
        "excedente": "0.00",
        "sucursal": 1,
        "fecha_cancelacion": null
    }
},
{
    "model": "accountings.creditor",
    "pk": 46,
    "fields": {
        "codigo_acreedor": "AC-2025-45",
        "nombre_acreedor": "EDGAR ARMANDO ALVARADO BERMUDEZ",
        "fecha_inicio": "2025-07-21",
        "monto": "5000.00",
        "tasa": "0.050",
        "plazo": 3,
        "fecha_vencimiento": "2025-10-21",
        "fecha_registro": "2025-07-24",
        "numero_referencia": "73979952",
        "observaciones": "ACREEDOR POR NEGOCIO RELACIONADO AL CREDITO DE MIRSA ISELA CRUZ VELIZ DE CHICAS",
        "boleta": "pagos/boletas/acreedor/Imagen_de_WhatsApp_2025-07-24_a_las_14.32.35_e07d3f37.jpg",
        "status": true,
        "saldo_pendiente": "0.00",
        "saldo_actual": "0.00",
        "is_paid_off": true,
        "estado_aportacion": true,
        "estados_fechas": true,
        "forma_de_pago": "AMORTIZACIONES A CAPITAL",
        "creation_date": "2025-07-24T20:33:13.949Z",
        "excedente": "0.00",
        "sucursal": 1,
        "fecha_cancelacion": null
    }
},
{
    "model": "accountings.creditor",
    "pk": 47,
    "fields": {
        "codigo_acreedor": "AC-2025-46",
        "nombre_acreedor": "EDGAR ARMANDO ALVARADO BERMUDEZ",
        "fecha_inicio": "2025-07-25",
        "monto": "45000.00",
        "tasa": "0.033",
        "plazo": 6,
        "fecha_vencimiento": "2026-01-25",
        "fecha_registro": "2025-08-01",
        "numero_referencia": "210923176",
        "observaciones": "REGISTRO DEL ACREEDOR 25-2025 POR NEGOCIO LIGADO AL CREDITO DE HEIDY LOURDES CATUN",
        "boleta": "pagos/boletas/acreedor/Imagen_de_WhatsApp_2025-08-01_a_las_12.46.20_b9292cb9.jpg",
        "status": true,
        "saldo_pendiente": "43435.47",
        "saldo_actual": "43435.47",
        "is_paid_off": false,
        "estado_aportacion": false,
        "estados_fechas": true,
        "forma_de_pago": "AMORTIZACIONES A CAPITAL",
        "creation_date": "2025-08-01T18:52:08.195Z",
        "excedente": "0.00",
        "sucursal": 1,
        "fecha_cancelacion": null
    }
},
{
    "model": "accountings.creditor",
    "pk": 48,
    "fields": {
        "codigo_acreedor": "AC-2025-47",
        "nombre_acreedor": "EDGAR ARMANDO ALVARADO BERMUDEZ",
        "fecha_inicio": "2025-07-28",
        "monto": "45000.00",
        "tasa": "0.033",
        "plazo": 6,
        "fecha_vencimiento": "2026-01-28",
        "fecha_registro": "2025-08-01",
        "numero_referencia": "256546394",
        "observaciones": "REGISTRO DEL ACREEDOR 26-2025 POR NEGOCIO LIGADO AL CREDITO DE HEIDY LOURDES TZUL CATUN",
        "boleta": "pagos/boletas/acreedor/Imagen_de_WhatsApp_2025-08-01_a_las_12.45.45_6a8c1a78.jpg",
        "status": true,
        "saldo_pendiente": "43403.45",
        "saldo_actual": "43403.45",
        "is_paid_off": false,
        "estado_aportacion": false,
        "estados_fechas": true,
        "forma_de_pago": "AMORTIZACIONES A CAPITAL",
        "creation_date": "2025-08-01T18:53:40.226Z",
        "excedente": "0.00",
        "sucursal": 1,
        "fecha_cancelacion": null
    }
},
{
    "model": "accountings.creditor",
    "pk": 49,
    "fields": {
        "codigo_acreedor": "AC-2025-48",
        "nombre_acreedor": "EDGAR ARMANDO ALVARADO BERMUDEZ",
        "fecha_inicio": "2025-07-30",
        "monto": "35000.00",
        "tasa": "0.033",
        "plazo": 6,
        "fecha_vencimiento": "2026-01-30",
        "fecha_registro": "2025-08-01",
        "numero_referencia": "348366572",
        "observaciones": "REGISTRO DEL ACREEDOR 27-2025 POR NEGOCIO LIGADO AL CREDITO DE HEIDY LOURDES TZUL",
        "boleta": "pagos/boletas/acreedor/Imagen_de_WhatsApp_2025-08-01_a_las_12.46.51_52246b34.jpg",
        "status": true,
        "saldo_pendiente": "33234.64",
        "saldo_actual": "34331.38",
        "is_paid_off": false,
        "estado_aportacion": false,
        "estados_fechas": true,
        "forma_de_pago": "AMORTIZACIONES A CAPITAL",
        "creation_date": "2025-08-01T18:55:32.557Z",
        "excedente": "0.00",
        "sucursal": 1,
        "fecha_cancelacion": null
    }
},
{
    "model": "accountings.creditor",
    "pk": 50,
    "fields": {
        "codigo_acreedor": "AC-2025-49",
        "nombre_acreedor": "EDGAR ARMANDO ALVARADO BERMUDEZ",
        "fecha_inicio": "2025-07-31",
        "monto": "65000.00",
        "tasa": "0.023",
        "plazo": 3,
        "fecha_vencimiento": "2025-10-31",
        "fecha_registro": "2025-08-01",
        "numero_referencia": "397024617",
        "observaciones": "REGISTRO DEL ACREEDOR 28-2025 POR NEGOCIO LIGADO AL CREDIO DE JUAN ORTIZ ORTIZ",
        "boleta": "pagos/boletas/acreedor/Imagen_de_WhatsApp_2025-08-01_a_las_12.47.51_893dcc1f.jpg",
        "status": true,
        "saldo_pendiente": "63909.23",
        "saldo_actual": "65379.14",
        "is_paid_off": false,
        "estado_aportacion": false,
        "estados_fechas": true,
        "forma_de_pago": "AMORTIZACIONES A CAPITAL",
        "creation_date": "2025-08-01T18:57:03.270Z",
        "excedente": "0.00",
        "sucursal": 1,
        "fecha_cancelacion": null
    }
},
{
    "model": "accountings.creditor",
    "pk": 51,
    "fields": {
        "codigo_acreedor": "AC-2025-50",
        "nombre_acreedor": "EDGAR ARMANDO ALVARADO BERMUDEZ",
        "fecha_inicio": "2025-08-01",
        "monto": "40000.00",
        "tasa": "0.038",
        "plazo": 6,
        "fecha_vencimiento": "2026-02-01",
        "fecha_registro": "2025-08-11",
        "numero_referencia": "447435629",
        "observaciones": "REGISTRO DEL ACREEDOR 25-2025 POR NEGOCIO LIGADO AL CREDITO DE ERWIN LEORNARDO PACAY SUEVER",
        "boleta": "pagos/boletas/acreedor/Captura_de_pantalla_2025-08-11_111133.png",
        "status": true,
        "saldo_pendiente": "39633.16",
        "saldo_actual": "41139.22",
        "is_paid_off": false,
        "estado_aportacion": false,
        "estados_fechas": true,
        "forma_de_pago": "AMORTIZACIONES A CAPITAL",
        "creation_date": "2025-08-11T17:11:54.687Z",
        "excedente": "0.00",
        "sucursal": 1,
        "fecha_cancelacion": null
    }
},
{
    "model": "accountings.creditor",
    "pk": 52,
    "fields": {
        "codigo_acreedor": "AC-2025-51",
        "nombre_acreedor": "EDGAR ARMANDO ALVARADO BERMUDEZ",
        "fecha_inicio": "2025-08-08",
        "monto": "15000.00",
        "tasa": "0.050",
        "plazo": 5,
        "fecha_vencimiento": "2026-01-08",
        "fecha_registro": "2025-08-11",
        "numero_referencia": "680110763",
        "observaciones": "REGISTRO DEL ACREEDOR 26-2025 POR NEGOCIO LIGADO AL CREDITO DE MELVIN SANTOS MO",
        "boleta": "pagos/boletas/acreedor/ff8dda1a-f464-47ce-bff3-37cde08c94d9.jpeg",
        "status": true,
        "saldo_pendiente": "14750.00",
        "saldo_actual": "14750.00",
        "is_paid_off": false,
        "estado_aportacion": false,
        "estados_fechas": true,
        "forma_de_pago": "AMORTIZACIONES A CAPITAL",
        "creation_date": "2025-08-11T21:19:20.673Z",
        "excedente": "0.00",
        "sucursal": 1,
        "fecha_cancelacion": null
    }
},
{
    "model": "accountings.creditor",
    "pk": 53,
    "fields": {
        "codigo_acreedor": "AC-2025-52",
        "nombre_acreedor": "EDGAR ARMANDO ALVARADO BERMUDEZ",
        "fecha_inicio": "2025-08-08",
        "monto": "20000.00",
        "tasa": "0.050",
        "plazo": 1,
        "fecha_vencimiento": "2025-09-08",
        "fecha_registro": "2025-08-11",
        "numero_referencia": "680075142",
        "observaciones": "REGISTRO DEL ACREEDOR 27-2025 POR NEGOCIO LIGADO AL CREDITO DE MARIO ALEXANDER SAMAYOA",
        "boleta": "pagos/boletas/acreedor/1014015f-1f3a-43e8-bdc9-cc37b7e78a18.jpeg",
        "status": true,
        "saldo_pendiente": "20000.00",
        "saldo_actual": "20000.00",
        "is_paid_off": false,
        "estado_aportacion": false,
        "estados_fechas": true,
        "forma_de_pago": "AMORTIZACIONES A CAPITAL",
        "creation_date": "2025-08-11T21:25:30.904Z",
        "excedente": "0.00",
        "sucursal": 1,
        "fecha_cancelacion": null
    }
},
{
    "model": "accountings.creditor",
    "pk": 54,
    "fields": {
        "codigo_acreedor": "AC-2025-53",
        "nombre_acreedor": "EDGAR ARMANDO ALVARADO BERMUDEZ",
        "fecha_inicio": "2025-08-07",
        "monto": "1665.00",
        "tasa": "0.000",
        "plazo": 10,
        "fecha_vencimiento": "2026-06-07",
        "fecha_registro": "2025-08-11",
        "numero_referencia": null,
        "observaciones": "POR COMPRA DE SILLAS PARA EL USO DEL PERSONAL ADMINISTRATIVO",
        "boleta": "pagos/boletas/acreedor/Captura_de_pantalla_2025-08-11_154910.png",
        "status": false,
        "saldo_pendiente": "1332.00",
        "saldo_actual": "1332.00",
        "is_paid_off": false,
        "estado_aportacion": true,
        "estados_fechas": true,
        "forma_de_pago": "AMORTIZACIONES A CAPITAL",
        "creation_date": "2025-08-11T21:49:55.150Z",
        "excedente": "0.00",
        "sucursal": 1,
        "fecha_cancelacion": null
    }
},
{
    "model": "accountings.creditor",
    "pk": 55,
    "fields": {
        "codigo_acreedor": "AC-2025-54",
        "nombre_acreedor": "EDGAR ARMANDO ALVARADO BERMUDEZ",
        "fecha_inicio": "2025-08-25",
        "monto": "25000.00",
        "tasa": "0.019",
        "plazo": 6,
        "fecha_vencimiento": "2026-02-25",
        "fecha_registro": "2025-08-26",
        "numero_referencia": "1145097675",
        "observaciones": "REGISTRO DEL ACREEDOR, POR NEGOCIO LIGADO AL CREDITO DEL SEÑOR MARIO ALEXANDER SAMAYOA MOLINA",
        "boleta": "pagos/boletas/acreedor/Captura_de_pantalla_2025-08-26_101624.png",
        "status": true,
        "saldo_pendiente": "24975.00",
        "saldo_actual": "24975.00",
        "is_paid_off": false,
        "estado_aportacion": false,
        "estados_fechas": true,
        "forma_de_pago": "AMORTIZACIONES A CAPITAL",
        "creation_date": "2025-08-26T16:18:55.118Z",
        "excedente": "0.00",
        "sucursal": 1,
        "fecha_cancelacion": null
    }
},
{
    "model": "accountings.creditor",
    "pk": 56,
    "fields": {
        "codigo_acreedor": "AC-2025-55",
        "nombre_acreedor": "EDGAR ARMANDO ALVARADO BERMUDEZ",
        "fecha_inicio": "2025-08-25",
        "monto": "5000.00",
        "tasa": "0.025",
        "plazo": 3,
        "fecha_vencimiento": "2025-11-25",
        "fecha_registro": "2025-08-28",
        "numero_referencia": "1144494268",
        "observaciones": "REGISTRO DEL ACREDOR LIGADO AL CREDITO DE DELMY PA",
        "boleta": "pagos/boletas/acreedor/40a88f93-e634-4989-8574-82b664a27b51.jpg",
        "status": true,
        "saldo_pendiente": "4925.00",
        "saldo_actual": "4925.00",
        "is_paid_off": false,
        "estado_aportacion": false,
        "estados_fechas": true,
        "forma_de_pago": "AMORTIZACIONES A CAPITAL",
        "creation_date": "2025-08-28T16:56:43.136Z",
        "excedente": "0.00",
        "sucursal": 1,
        "fecha_cancelacion": null
    }
},
{
    "model": "accountings.creditor",
    "pk": 57,
    "fields": {
        "codigo_acreedor": "AC-2025-56",
        "nombre_acreedor": "EDGAR ARMANDO ALVARADO BERMUDEZ",
        "fecha_inicio": "2025-09-30",
        "monto": "5564.00",
        "tasa": "0.000",
        "plazo": 10,
        "fecha_vencimiento": "2026-07-30",
        "fecha_registro": "2025-10-14",
        "numero_referencia": null,
        "observaciones": "COMPRA DE COMPUTADORA NUEVA MARCA VIVOBOOK PARA USO DEL PERSONAL ADMINISTRATIVO",
        "boleta": "pagos/boletas/acreedor/91943712-1c33-4b28-bd46-776c9c934d80.jpg",
        "status": false,
        "saldo_pendiente": "5007.00",
        "saldo_actual": "5007.00",
        "is_paid_off": false,
        "estado_aportacion": true,
        "estados_fechas": true,
        "forma_de_pago": "AMORTIZACIONES A CAPITAL",
        "creation_date": "2025-10-14T19:14:50.597Z",
        "excedente": "0.00",
        "sucursal": 1,
        "fecha_cancelacion": null
    }
},
{
    "model": "accountings.creditor",
    "pk": 58,
    "fields": {
        "codigo_acreedor": "AC-2025-57",
        "nombre_acreedor": "EDGAR ARMANDO ALVARADO BERMUDEZ",
        "fecha_inicio": "2025-10-14",
        "monto": "55000.00",
        "tasa": "0.025",
        "plazo": 12,
        "fecha_vencimiento": "2026-10-14",
        "fecha_registro": "2025-10-14",
        "numero_referencia": "540044346",
        "observaciones": "SERVICIOS FINANCIEROS",
        "boleta": "pagos/boletas/acreedor/1c90c5e2-9d2e-4ff3-9415-afce1f0b532c.jpg",
        "status": true,
        "saldo_pendiente": "55000.00",
        "saldo_actual": "56375.00",
        "is_paid_off": false,
        "estado_aportacion": null,
        "estados_fechas": true,
        "forma_de_pago": "AMORTIZACIONES A CAPITAL",
        "creation_date": "2025-10-14T19:17:43.057Z",
        "excedente": "0.00",
        "sucursal": 1,
        "fecha_cancelacion": null
    }
},
{
    "model": "accountings.creditor",
    "pk": 59,
    "fields": {
        "codigo_acreedor": "AC-2025-58",
        "nombre_acreedor": "EDGAR ARMANDO ALVARADO BERMUDEZ",
        "fecha_inicio": "2025-10-15",
        "monto": "20000.00",
        "tasa": "0.025",
        "plazo": 12,
        "fecha_vencimiento": "2026-10-15",
        "fecha_registro": "2025-10-31",
        "numero_referencia": "570312075",
        "observaciones": "REGISTRO POR SERVICIOS FINANCIEROS",
        "boleta": "pagos/boletas/acreedor/09ec4ec8-edca-4a59-9fff-67e75dba9ede.jpeg",
        "status": true,
        "saldo_pendiente": "20000.00",
        "saldo_actual": "20500.00",
        "is_paid_off": false,
        "estado_aportacion": null,
        "estados_fechas": true,
        "forma_de_pago": "AMORTIZACIONES A CAPITAL",
        "creation_date": "2025-10-31T17:34:38.943Z",
        "excedente": "0.00",
        "sucursal": 1,
        "fecha_cancelacion": null
    }
}
]
