[
{
    "model": "customers.immigrationstatus",
    "pk": 1,
    "fields": {
        "condition_name": "Residente temporal",
        "description": ""
    }
},
{
    "model": "customers.immigrationstatus",
    "pk": 2,
    "fields": {
        "condition_name": "Turista o visitante",
        "description": null
    }
},
{
    "model": "customers.immigrationstatus",
    "pk": 3,
    "fields": {
        "condition_name": "Residente permanente",
        "description": null
    }
},
{
    "model": "customers.immigrationstatus",
    "pk": 4,
    "fields": {
        "condition_name": "Permiso de trabajo",
        "description": null
    }
},
{
    "model": "customers.immigrationstatus",
    "pk": 5,
    "fields": {
        "condition_name": "Persona en trnsito",
        "description": null
    }
},
{
    "model": "customers.immigrationstatus",
    "pk": 6,
    "fields": {
        "condition_name": "Permiso consular o similar",
        "description": null
    }
},
{
    "model": "customers.immigrationstatus",
    "pk": 7,
    "fields": {
        "condition_name": "Otra",
        "description": null
    }
}
]
