[
{
    "model": "addresses.departamento",
    "pk": 1,
    "fields": {
        "nombre": "Alta Verapaz",
        "codigo_postal": null
    }
},
{
    "model": "addresses.departamento",
    "pk": 2,
    "fields": {
        "nombre": "Baja Verapaz",
        "codigo_postal": null
    }
},
{
    "model": "addresses.departamento",
    "pk": 3,
    "fields": {
        "nombre": "Chimaltenango",
        "codigo_postal": null
    }
},
{
    "model": "addresses.departamento",
    "pk": 4,
    "fields": {
        "nombre": "Chiquimula",
        "codigo_postal": null
    }
},
{
    "model": "addresses.departamento",
    "pk": 5,
    "fields": {
        "nombre": "El Progreso",
        "codigo_postal": null
    }
},
{
    "model": "addresses.departamento",
    "pk": 6,
    "fields": {
        "nombre": "Escuintla",
        "codigo_postal": null
    }
},
{
    "model": "addresses.departamento",
    "pk": 7,
    "fields": {
        "nombre": "Guatemala",
        "codigo_postal": null
    }
},
{
    "model": "addresses.departamento",
    "pk": 8,
    "fields": {
        "nombre": "Huehuetenango",
        "codigo_postal": null
    }
},
{
    "model": "addresses.departamento",
    "pk": 9,
    "fields": {
        "nombre": "Izabal",
        "codigo_postal": null
    }
},
{
    "model": "addresses.departamento",
    "pk": 10,
    "fields": {
        "nombre": "Jalapa",
        "codigo_postal": null
    }
},
{
    "model": "addresses.departamento",
    "pk": 11,
    "fields": {
        "nombre": "Jutiapa",
        "codigo_postal": null
    }
},
{
    "model": "addresses.departamento",
    "pk": 12,
    "fields": {
        "nombre": "Peten",
        "codigo_postal": null
    }
},
{
    "model": "addresses.departamento",
    "pk": 13,
    "fields": {
        "nombre": "Quetzaltenango",
        "codigo_postal": null
    }
},
{
    "model": "addresses.departamento",
    "pk": 14,
    "fields": {
        "nombre": "Quiche",
        "codigo_postal": null
    }
},
{
    "model": "addresses.departamento",
    "pk": 15,
    "fields": {
        "nombre": "Retalhuleu",
        "codigo_postal": null
    }
},
{
    "model": "addresses.departamento",
    "pk": 16,
    "fields": {
        "nombre": "Sacatepequez",
        "codigo_postal": null
    }
},
{
    "model": "addresses.departamento",
    "pk": 17,
    "fields": {
        "nombre": "San Marcos",
        "codigo_postal": null
    }
},
{
    "model": "addresses.departamento",
    "pk": 18,
    "fields": {
        "nombre": "Santa Rosa",
        "codigo_postal": null
    }
},
{
    "model": "addresses.departamento",
    "pk": 19,
    "fields": {
        "nombre": "Solola",
        "codigo_postal": null
    }
},
{
    "model": "addresses.departamento",
    "pk": 20,
    "fields": {
        "nombre": "Suchitepquez",
        "codigo_postal": null
    }
},
{
    "model": "addresses.departamento",
    "pk": 21,
    "fields": {
        "nombre": "Totonicapan",
        "codigo_postal": null
    }
},
{
    "model": "addresses.departamento",
    "pk": 22,
    "fields": {
        "nombre": "Zacapa",
        "codigo_postal": null
    }
}
]
