[
{
    "model": "financings.guarantees",
    "pk": 10,
    "fields": {
        "descripcion": "REGISTRO DE GARANTIA",
        "suma_total": "10000.00",
        "credit_id": 13
    }
},
{
    "model": "financings.guarantees",
    "pk": 11,
    "fields": {
        "descripcion": "REGISTRO DE GARANTIA",
        "suma_total": "23958.00",
        "credit_id": 14
    }
},
{
    "model": "financings.guarantees",
    "pk": 12,
    "fields": {
        "descripcion": "REGISTRO DE GARANTIA",
        "suma_total": "5500.00",
        "credit_id": 15
    }
},
{
    "model": "financings.guarantees",
    "pk": 13,
    "fields": {
        "descripcion": "REGISTRO DE GARANTIA",
        "suma_total": "1300.00",
        "credit_id": 16
    }
},
{
    "model": "financings.guarantees",
    "pk": 14,
    "fields": {
        "descripcion": "REGISTRO DE GARANTIA",
        "suma_total": "5500.00",
        "credit_id": 17
    }
},
{
    "model": "financings.guarantees",
    "pk": 15,
    "fields": {
        "descripcion": "REGISTRO DE GARANTIA",
        "suma_total": "5000.00",
        "credit_id": 18
    }
},
{
    "model": "financings.guarantees",
    "pk": 16,
    "fields": {
        "descripcion": "REGISTRO DE GARANTIA",
        "suma_total": "3000.00",
        "credit_id": 19
    }
},
{
    "model": "financings.guarantees",
    "pk": 17,
    "fields": {
        "descripcion": "REGISTRO DE GARANTIA",
        "suma_total": "8000.00",
        "credit_id": 20
    }
},
{
    "model": "financings.guarantees",
    "pk": 18,
    "fields": {
        "descripcion": "REGISTRO DE GARANTIA",
        "suma_total": "0.00",
        "credit_id": 21
    }
},
{
    "model": "financings.guarantees",
    "pk": 19,
    "fields": {
        "descripcion": "REGISTRO DE GARANTIA",
        "suma_total": "0.00",
        "credit_id": 22
    }
},
{
    "model": "financings.guarantees",
    "pk": 21,
    "fields": {
        "descripcion": "REGISTRO DE GARANTIA",
        "suma_total": "0.00",
        "credit_id": 24
    }
},
{
    "model": "financings.guarantees",
    "pk": 22,
    "fields": {
        "descripcion": "REGISTRO DE GARANTIA",
        "suma_total": "0.00",
        "credit_id": 25
    }
},
{
    "model": "financings.guarantees",
    "pk": 23,
    "fields": {
        "descripcion": "REGISTRO DE GARANTIA",
        "suma_total": "0.00",
        "credit_id": 26
    }
},
{
    "model": "financings.guarantees",
    "pk": 24,
    "fields": {
        "descripcion": "REGISTRO DE GARANTIA",
        "suma_total": "0.00",
        "credit_id": 27
    }
},
{
    "model": "financings.guarantees",
    "pk": 25,
    "fields": {
        "descripcion": "REGISTRO DE GARANTIA",
        "suma_total": "0.00",
        "credit_id": 28
    }
},
{
    "model": "financings.guarantees",
    "pk": 26,
    "fields": {
        "descripcion": "REGISTRO DE GARANTIA",
        "suma_total": "0.00",
        "credit_id": 29
    }
},
{
    "model": "financings.guarantees",
    "pk": 27,
    "fields": {
        "descripcion": "REGISTRO DE GARANTIA",
        "suma_total": "0.00",
        "credit_id": 30
    }
},
{
    "model": "financings.guarantees",
    "pk": 28,
    "fields": {
        "descripcion": "REGISTRO DE GARANTIA",
        "suma_total": "0.00",
        "credit_id": 31
    }
},
{
    "model": "financings.guarantees",
    "pk": 29,
    "fields": {
        "descripcion": "REGISTRO DE GARANTIA",
        "suma_total": "0.00",
        "credit_id": 32
    }
},
{
    "model": "financings.guarantees",
    "pk": 30,
    "fields": {
        "descripcion": "REGISTRO DE GARANTIA",
        "suma_total": "0.00",
        "credit_id": 33
    }
},
{
    "model": "financings.guarantees",
    "pk": 31,
    "fields": {
        "descripcion": "REGISTRO DE GARANTIA",
        "suma_total": "0.00",
        "credit_id": 34
    }
},
{
    "model": "financings.guarantees",
    "pk": 32,
    "fields": {
        "descripcion": "REGISTRO DE GARANTIA",
        "suma_total": "0.00",
        "credit_id": 35
    }
},
{
    "model": "financings.guarantees",
    "pk": 33,
    "fields": {
        "descripcion": "REGISTRO DE GARANTIA",
        "suma_total": "0.00",
        "credit_id": 36
    }
},
{
    "model": "financings.guarantees",
    "pk": 34,
    "fields": {
        "descripcion": "REGISTRO DE GARANTIA",
        "suma_total": "0.00",
        "credit_id": 37
    }
},
{
    "model": "financings.guarantees",
    "pk": 35,
    "fields": {
        "descripcion": "REGISTRO DE GARANTIA",
        "suma_total": "0.00",
        "credit_id": 39
    }
},
{
    "model": "financings.guarantees",
    "pk": 36,
    "fields": {
        "descripcion": "REGISTRO DE GARANTIA",
        "suma_total": "0.00",
        "credit_id": 40
    }
},
{
    "model": "financings.guarantees",
    "pk": 37,
    "fields": {
        "descripcion": "REGISTRO DE GARANTIA",
        "suma_total": "0.00",
        "credit_id": 41
    }
},
{
    "model": "financings.guarantees",
    "pk": 38,
    "fields": {
        "descripcion": "REGISTRO DE GARANTIA",
        "suma_total": "0.00",
        "credit_id": 42
    }
},
{
    "model": "financings.guarantees",
    "pk": 39,
    "fields": {
        "descripcion": "REGISTRO DE GARANTIA",
        "suma_total": "0.00",
        "credit_id": 43
    }
},
{
    "model": "financings.guarantees",
    "pk": 40,
    "fields": {
        "descripcion": "REGISTRO DE GARANTIA",
        "suma_total": "0.00",
        "credit_id": 44
    }
},
{
    "model": "financings.guarantees",
    "pk": 41,
    "fields": {
        "descripcion": "REGISTRO DE GARANTIA",
        "suma_total": "0.00",
        "credit_id": 45
    }
},
{
    "model": "financings.guarantees",
    "pk": 42,
    "fields": {
        "descripcion": "REGISTRO DE GARANTIA",
        "suma_total": "0.00",
        "credit_id": 46
    }
},
{
    "model": "financings.guarantees",
    "pk": 43,
    "fields": {
        "descripcion": "REGISTRO DE GARANTIA",
        "suma_total": "0.00",
        "credit_id": 47
    }
},
{
    "model": "financings.guarantees",
    "pk": 44,
    "fields": {
        "descripcion": "REGISTRO DE GARANTIA",
        "suma_total": "0.00",
        "credit_id": 48
    }
},
{
    "model": "financings.guarantees",
    "pk": 45,
    "fields": {
        "descripcion": "REGISTRO DE GARANTIA",
        "suma_total": "0.00",
        "credit_id": 49
    }
},
{
    "model": "financings.guarantees",
    "pk": 46,
    "fields": {
        "descripcion": "REGISTRO DE GARANTIA",
        "suma_total": "0.00",
        "credit_id": 50
    }
},
{
    "model": "financings.guarantees",
    "pk": 47,
    "fields": {
        "descripcion": "REGISTRO DE GARANTIA",
        "suma_total": "0.00",
        "credit_id": 51
    }
},
{
    "model": "financings.guarantees",
    "pk": 48,
    "fields": {
        "descripcion": "REGISTRO DE GARANTIA",
        "suma_total": "0.00",
        "credit_id": 52
    }
},
{
    "model": "financings.guarantees",
    "pk": 49,
    "fields": {
        "descripcion": "REGISTRO DE GARANTIA",
        "suma_total": "0.00",
        "credit_id": 53
    }
},
{
    "model": "financings.guarantees",
    "pk": 50,
    "fields": {
        "descripcion": "REGISTRO DE GARANTIA",
        "suma_total": "0.00",
        "credit_id": 54
    }
},
{
    "model": "financings.guarantees",
    "pk": 51,
    "fields": {
        "descripcion": "REGISTRO DE GARANTIA",
        "suma_total": "0.00",
        "credit_id": 55
    }
},
{
    "model": "financings.guarantees",
    "pk": 52,
    "fields": {
        "descripcion": "REGISTRO DE GARANTIA",
        "suma_total": "0.00",
        "credit_id": 59
    }
},
{
    "model": "financings.guarantees",
    "pk": 53,
    "fields": {
        "descripcion": "REGISTRO DE GARANTIA",
        "suma_total": "0.00",
        "credit_id": 60
    }
},
{
    "model": "financings.guarantees",
    "pk": 54,
    "fields": {
        "descripcion": "REGISTRO DE GARANTIA",
        "suma_total": "10091.00",
        "credit_id": 62
    }
},
{
    "model": "financings.guarantees",
    "pk": 55,
    "fields": {
        "descripcion": "REGISTRO DE GARANTIA",
        "suma_total": "0.00",
        "credit_id": 63
    }
},
{
    "model": "financings.guarantees",
    "pk": 56,
    "fields": {
        "descripcion": "REGISTRO DE GARANTIA",
        "suma_total": "0.00",
        "credit_id": 64
    }
},
{
    "model": "financings.guarantees",
    "pk": 57,
    "fields": {
        "descripcion": "REGISTRO DE GARANTIA",
        "suma_total": "0.00",
        "credit_id": 65
    }
},
{
    "model": "financings.guarantees",
    "pk": 58,
    "fields": {
        "descripcion": "REGISTRO DE GARANTIA",
        "suma_total": "0.00",
        "credit_id": 66
    }
},
{
    "model": "financings.guarantees",
    "pk": 59,
    "fields": {
        "descripcion": "REGISTRO DE GARANTIA",
        "suma_total": "0.00",
        "credit_id": 67
    }
},
{
    "model": "financings.guarantees",
    "pk": 60,
    "fields": {
        "descripcion": "REGISTRO DE GARANTIA",
        "suma_total": "0.00",
        "credit_id": 68
    }
},
{
    "model": "financings.guarantees",
    "pk": 61,
    "fields": {
        "descripcion": "REGISTRO DE GARANTIA",
        "suma_total": "0.00",
        "credit_id": 69
    }
},
{
    "model": "financings.guarantees",
    "pk": 62,
    "fields": {
        "descripcion": "REGISTRO DE GARANTIA",
        "suma_total": "0.00",
        "credit_id": 70
    }
},
{
    "model": "financings.guarantees",
    "pk": 64,
    "fields": {
        "descripcion": "REGISTRO DE GARANTIA",
        "suma_total": "0.00",
        "credit_id": 72
    }
},
{
    "model": "financings.guarantees",
    "pk": 65,
    "fields": {
        "descripcion": "REGISTRO DE GARANTIA",
        "suma_total": "19880.00",
        "credit_id": 73
    }
},
{
    "model": "financings.guarantees",
    "pk": 66,
    "fields": {
        "descripcion": "REGISTRO DE GARANTIA",
        "suma_total": "0.00",
        "credit_id": 74
    }
},
{
    "model": "financings.guarantees",
    "pk": 67,
    "fields": {
        "descripcion": "REGISTRO DE GARANTIA",
        "suma_total": "0.00",
        "credit_id": 75
    }
},
{
    "model": "financings.guarantees",
    "pk": 69,
    "fields": {
        "descripcion": "REGISTRO DE GARANTIA",
        "suma_total": "0.00",
        "credit_id": 77
    }
},
{
    "model": "financings.guarantees",
    "pk": 70,
    "fields": {
        "descripcion": "REGISTRO DE GARANTIA",
        "suma_total": "0.00",
        "credit_id": 78
    }
},
{
    "model": "financings.guarantees",
    "pk": 71,
    "fields": {
        "descripcion": "REGISTRO DE GARANTIA",
        "suma_total": "0.00",
        "credit_id": 79
    }
},
{
    "model": "financings.guarantees",
    "pk": 72,
    "fields": {
        "descripcion": "REGISTRO DE GARANTIA",
        "suma_total": "0.00",
        "credit_id": 82
    }
},
{
    "model": "financings.guarantees",
    "pk": 73,
    "fields": {
        "descripcion": "REGISTRO DE GARANTIA",
        "suma_total": "0.00",
        "credit_id": 83
    }
},
{
    "model": "financings.guarantees",
    "pk": 74,
    "fields": {
        "descripcion": "REGISTRO DE GARANTIA",
        "suma_total": "0.00",
        "credit_id": 84
    }
},
{
    "model": "financings.guarantees",
    "pk": 75,
    "fields": {
        "descripcion": "REGISTRO DE GARANTIA",
        "suma_total": "0.00",
        "credit_id": 85
    }
},
{
    "model": "financings.guarantees",
    "pk": 76,
    "fields": {
        "descripcion": "REGISTRO DE GARANTIA",
        "suma_total": "0.00",
        "credit_id": 86
    }
},
{
    "model": "financings.guarantees",
    "pk": 77,
    "fields": {
        "descripcion": "REGISTRO DE GARANTIA",
        "suma_total": "0.00",
        "credit_id": 87
    }
},
{
    "model": "financings.guarantees",
    "pk": 78,
    "fields": {
        "descripcion": "REGISTRO DE GARANTIA",
        "suma_total": "0.00",
        "credit_id": 88
    }
},
{
    "model": "financings.guarantees",
    "pk": 80,
    "fields": {
        "descripcion": "REGISTRO DE GARANTIA",
        "suma_total": "0.00",
        "credit_id": 91
    }
},
{
    "model": "financings.guarantees",
    "pk": 82,
    "fields": {
        "descripcion": "REGISTRO DE GARANTIA",
        "suma_total": "0.00",
        "credit_id": 93
    }
},
{
    "model": "financings.guarantees",
    "pk": 83,
    "fields": {
        "descripcion": "REGISTRO DE GARANTIA",
        "suma_total": "0.00",
        "credit_id": 94
    }
},
{
    "model": "financings.guarantees",
    "pk": 84,
    "fields": {
        "descripcion": "REGISTRO DE GARANTIA",
        "suma_total": "0.00",
        "credit_id": 95
    }
},
{
    "model": "financings.guarantees",
    "pk": 85,
    "fields": {
        "descripcion": "REGISTRO DE GARANTIA",
        "suma_total": "0.00",
        "credit_id": 96
    }
},
{
    "model": "financings.guarantees",
    "pk": 86,
    "fields": {
        "descripcion": "REGISTRO DE GARANTIA",
        "suma_total": "0.00",
        "credit_id": 97
    }
},
{
    "model": "financings.guarantees",
    "pk": 87,
    "fields": {
        "descripcion": "REGISTRO DE GARANTIA",
        "suma_total": "0.00",
        "credit_id": 98
    }
},
{
    "model": "financings.guarantees",
    "pk": 88,
    "fields": {
        "descripcion": "REGISTRO DE GARANTIA",
        "suma_total": "0.00",
        "credit_id": 99
    }
},
{
    "model": "financings.guarantees",
    "pk": 89,
    "fields": {
        "descripcion": "REGISTRO DE GARANTIA",
        "suma_total": "0.00",
        "credit_id": 100
    }
},
{
    "model": "financings.guarantees",
    "pk": 90,
    "fields": {
        "descripcion": "REGISTRO DE GARANTIA",
        "suma_total": "0.00",
        "credit_id": 101
    }
},
{
    "model": "financings.guarantees",
    "pk": 91,
    "fields": {
        "descripcion": "REGISTRO DE GARANTIA",
        "suma_total": "0.00",
        "credit_id": 102
    }
},
{
    "model": "financings.guarantees",
    "pk": 92,
    "fields": {
        "descripcion": "REGISTRO DE GARANTIA",
        "suma_total": "0.00",
        "credit_id": 103
    }
},
{
    "model": "financings.guarantees",
    "pk": 93,
    "fields": {
        "descripcion": "REGISTRO DE GARANTIA",
        "suma_total": "0.00",
        "credit_id": 104
    }
},
{
    "model": "financings.guarantees",
    "pk": 94,
    "fields": {
        "descripcion": "REGISTRO DE GARANTIA",
        "suma_total": "0.00",
        "credit_id": 105
    }
},
{
    "model": "financings.guarantees",
    "pk": 95,
    "fields": {
        "descripcion": "REGISTRO DE GARANTIA",
        "suma_total": "0.00",
        "credit_id": 106
    }
},
{
    "model": "financings.guarantees",
    "pk": 96,
    "fields": {
        "descripcion": "REGISTRO DE GARANTIA",
        "suma_total": "0.00",
        "credit_id": 107
    }
},
{
    "model": "financings.guarantees",
    "pk": 97,
    "fields": {
        "descripcion": "REGISTRO DE GARANTIA",
        "suma_total": "0.00",
        "credit_id": 108
    }
},
{
    "model": "financings.guarantees",
    "pk": 98,
    "fields": {
        "descripcion": "REGISTRO DE GARANTIA",
        "suma_total": "0.00",
        "credit_id": 109
    }
},
{
    "model": "financings.guarantees",
    "pk": 99,
    "fields": {
        "descripcion": "REGISTRO DE GARANTIA",
        "suma_total": "2000.00",
        "credit_id": 115
    }
},
{
    "model": "financings.guarantees",
    "pk": 100,
    "fields": {
        "descripcion": "REGISTRO DE GARANTIA",
        "suma_total": "5000.00",
        "credit_id": 117
    }
},
{
    "model": "financings.guarantees",
    "pk": 101,
    "fields": {
        "descripcion": "REGISTRO DE GARANTIA",
        "suma_total": "2000.00",
        "credit_id": 118
    }
},
{
    "model": "financings.guarantees",
    "pk": 102,
    "fields": {
        "descripcion": "REGISTRO DE GARANTIA",
        "suma_total": "10705.00",
        "credit_id": 119
    }
},
{
    "model": "financings.guarantees",
    "pk": 103,
    "fields": {
        "descripcion": "REGISTRO DE GARANTIA",
        "suma_total": "6832.50",
        "credit_id": 120
    }
},
{
    "model": "financings.guarantees",
    "pk": 104,
    "fields": {
        "descripcion": "REGISTRO DE GARANTIA",
        "suma_total": "3000.00",
        "credit_id": 121
    }
},
{
    "model": "financings.guarantees",
    "pk": 105,
    "fields": {
        "descripcion": "REGISTRO DE GARANTIA",
        "suma_total": "4000.00",
        "credit_id": 122
    }
},
{
    "model": "financings.guarantees",
    "pk": 106,
    "fields": {
        "descripcion": "REGISTRO DE GARANTIA",
        "suma_total": "5000.00",
        "credit_id": 123
    }
},
{
    "model": "financings.guarantees",
    "pk": 107,
    "fields": {
        "descripcion": "REGISTRO DE GARANTIA",
        "suma_total": "11832.50",
        "credit_id": 124
    }
},
{
    "model": "financings.guarantees",
    "pk": 108,
    "fields": {
        "descripcion": "REGISTRO DE GARANTIA",
        "suma_total": "5000.00",
        "credit_id": 125
    }
},
{
    "model": "financings.guarantees",
    "pk": 109,
    "fields": {
        "descripcion": "REGISTRO DE GARANTIA",
        "suma_total": "1500.00",
        "credit_id": 126
    }
},
{
    "model": "financings.guarantees",
    "pk": 110,
    "fields": {
        "descripcion": "REGISTRO DE GARANTIA",
        "suma_total": "6000.00",
        "credit_id": 139
    }
},
{
    "model": "financings.guarantees",
    "pk": 111,
    "fields": {
        "descripcion": "REGISTRO DE GARANTIA",
        "suma_total": "8000.00",
        "credit_id": 140
    }
},
{
    "model": "financings.guarantees",
    "pk": 112,
    "fields": {
        "descripcion": "REGISTRO DE GARANTIA",
        "suma_total": "8150.00",
        "credit_id": 141
    }
},
{
    "model": "financings.guarantees",
    "pk": 113,
    "fields": {
        "descripcion": "REGISTRO DE GARANTIA",
        "suma_total": "6000.00",
        "credit_id": 142
    }
},
{
    "model": "financings.guarantees",
    "pk": 114,
    "fields": {
        "descripcion": "REGISTRO DE GARANTIA",
        "suma_total": "8000.00",
        "credit_id": 143
    }
},
{
    "model": "financings.guarantees",
    "pk": 115,
    "fields": {
        "descripcion": "REGISTRO DE GARANTIA",
        "suma_total": "5000.00",
        "credit_id": 144
    }
},
{
    "model": "financings.guarantees",
    "pk": 116,
    "fields": {
        "descripcion": "REGISTRO DE GARANTIA",
        "suma_total": "3500.00",
        "credit_id": 145
    }
},
{
    "model": "financings.guarantees",
    "pk": 117,
    "fields": {
        "descripcion": "REGISTRO DE GARANTIA",
        "suma_total": "6500.00",
        "credit_id": 146
    }
},
{
    "model": "financings.guarantees",
    "pk": 118,
    "fields": {
        "descripcion": "REGISTRO DE GARANTIA",
        "suma_total": "2000.00",
        "credit_id": 147
    }
},
{
    "model": "financings.guarantees",
    "pk": 119,
    "fields": {
        "descripcion": "REGISTRO DE GARANTIA",
        "suma_total": "8000.00",
        "credit_id": 148
    }
},
{
    "model": "financings.guarantees",
    "pk": 120,
    "fields": {
        "descripcion": "REGISTRO DE GARANTIA",
        "suma_total": "1000.00",
        "credit_id": 149
    }
},
{
    "model": "financings.guarantees",
    "pk": 121,
    "fields": {
        "descripcion": "REGISTRO DE GARANTIA",
        "suma_total": "10000.00",
        "credit_id": 150
    }
},
{
    "model": "financings.guarantees",
    "pk": 122,
    "fields": {
        "descripcion": "REGISTRO DE GARANTIA",
        "suma_total": "2500.00",
        "credit_id": 151
    }
},
{
    "model": "financings.guarantees",
    "pk": 123,
    "fields": {
        "descripcion": "REGISTRO DE GARANTIA",
        "suma_total": "2000.00",
        "credit_id": 152
    }
},
{
    "model": "financings.guarantees",
    "pk": 124,
    "fields": {
        "descripcion": "REGISTRO DE GARANTIA",
        "suma_total": "2000.00",
        "credit_id": 153
    }
},
{
    "model": "financings.guarantees",
    "pk": 125,
    "fields": {
        "descripcion": "REGISTRO DE GARANTIA",
        "suma_total": "1500.00",
        "credit_id": 154
    }
},
{
    "model": "financings.guarantees",
    "pk": 126,
    "fields": {
        "descripcion": "REGISTRO DE GARANTIA",
        "suma_total": "7150.00",
        "credit_id": 155
    }
},
{
    "model": "financings.guarantees",
    "pk": 127,
    "fields": {
        "descripcion": "REGISTRO DE GARANTIA",
        "suma_total": "5000.00",
        "credit_id": 156
    }
},
{
    "model": "financings.guarantees",
    "pk": 128,
    "fields": {
        "descripcion": "REGISTRO DE GARANTIA",
        "suma_total": "45000.00",
        "credit_id": 157
    }
},
{
    "model": "financings.guarantees",
    "pk": 129,
    "fields": {
        "descripcion": "REGISTRO DE GARANTIA",
        "suma_total": "20000.00",
        "credit_id": 158
    }
},
{
    "model": "financings.guarantees",
    "pk": 130,
    "fields": {
        "descripcion": "REGISTRO DE GARANTIA",
        "suma_total": "2000.00",
        "credit_id": 159
    }
},
{
    "model": "financings.guarantees",
    "pk": 131,
    "fields": {
        "descripcion": "REGISTRO DE GARANTIA",
        "suma_total": "5000.00",
        "credit_id": 160
    }
},
{
    "model": "financings.guarantees",
    "pk": 132,
    "fields": {
        "descripcion": "REGISTRO DE GARANTIA",
        "suma_total": "1500.00",
        "credit_id": 162
    }
},
{
    "model": "financings.guarantees",
    "pk": 133,
    "fields": {
        "descripcion": "REGISTRO DE GARANTIA",
        "suma_total": "3000.00",
        "credit_id": 163
    }
},
{
    "model": "financings.guarantees",
    "pk": 134,
    "fields": {
        "descripcion": "REGISTRO DE GARANTIA",
        "suma_total": "2000.00",
        "credit_id": 164
    }
},
{
    "model": "financings.guarantees",
    "pk": 135,
    "fields": {
        "descripcion": "REGISTRO DE GARANTIA",
        "suma_total": "4000.00",
        "credit_id": 165
    }
},
{
    "model": "financings.guarantees",
    "pk": 136,
    "fields": {
        "descripcion": "REGISTRO DE GARANTIA",
        "suma_total": "60000.00",
        "credit_id": 166
    }
},
{
    "model": "financings.guarantees",
    "pk": 137,
    "fields": {
        "descripcion": "REGISTRO DE GARANTIA",
        "suma_total": "6600.00",
        "credit_id": 167
    }
},
{
    "model": "financings.guarantees",
    "pk": 138,
    "fields": {
        "descripcion": "REGISTRO DE GARANTIA",
        "suma_total": "10544.00",
        "credit_id": 168
    }
},
{
    "model": "financings.guarantees",
    "pk": 139,
    "fields": {
        "descripcion": "REGISTRO DE GARANTIA",
        "suma_total": "4000.00",
        "credit_id": 169
    }
},
{
    "model": "financings.guarantees",
    "pk": 140,
    "fields": {
        "descripcion": "REGISTRO DE GARANTIA",
        "suma_total": "15000.00",
        "credit_id": 170
    }
},
{
    "model": "financings.guarantees",
    "pk": 141,
    "fields": {
        "descripcion": "REGISTRO DE GARANTIA",
        "suma_total": "20000.00",
        "credit_id": 171
    }
},
{
    "model": "financings.guarantees",
    "pk": 142,
    "fields": {
        "descripcion": "REGISTRO DE GARANTIA",
        "suma_total": "4000.00",
        "credit_id": 172
    }
},
{
    "model": "financings.guarantees",
    "pk": 143,
    "fields": {
        "descripcion": "REGISTRO DE GARANTIA",
        "suma_total": "3000.00",
        "credit_id": 173
    }
},
{
    "model": "financings.guarantees",
    "pk": 144,
    "fields": {
        "descripcion": "REGISTRO DE GARANTIA",
        "suma_total": "2000.00",
        "credit_id": 174
    }
},
{
    "model": "financings.guarantees",
    "pk": 145,
    "fields": {
        "descripcion": "REGISTRO DE GARANTIA",
        "suma_total": "75000.00",
        "credit_id": 176
    }
},
{
    "model": "financings.guarantees",
    "pk": 146,
    "fields": {
        "descripcion": "REGISTRO DE GARANTIA",
        "suma_total": "6000.00",
        "credit_id": 177
    }
},
{
    "model": "financings.guarantees",
    "pk": 147,
    "fields": {
        "descripcion": "REGISTRO DE GARANTIA",
        "suma_total": "10000.00",
        "credit_id": 178
    }
},
{
    "model": "financings.guarantees",
    "pk": 148,
    "fields": {
        "descripcion": "REGISTRO DE GARANTIA",
        "suma_total": "7000.00",
        "credit_id": 179
    }
},
{
    "model": "financings.guarantees",
    "pk": 149,
    "fields": {
        "descripcion": "REGISTRO DE GARANTIA",
        "suma_total": "20000.00",
        "credit_id": 180
    }
},
{
    "model": "financings.guarantees",
    "pk": 150,
    "fields": {
        "descripcion": "REGISTRO DE GARANTIA",
        "suma_total": "5000.00",
        "credit_id": 181
    }
},
{
    "model": "financings.guarantees",
    "pk": 151,
    "fields": {
        "descripcion": "REGISTRO DE GARANTIA",
        "suma_total": "6500.00",
        "credit_id": 182
    }
},
{
    "model": "financings.guarantees",
    "pk": 152,
    "fields": {
        "descripcion": "REGISTRO DE GARANTIA",
        "suma_total": "10000.00",
        "credit_id": 183
    }
},
{
    "model": "financings.guarantees",
    "pk": 153,
    "fields": {
        "descripcion": "REGISTRO DE GARANTIA",
        "suma_total": "20000.00",
        "credit_id": 184
    }
},
{
    "model": "financings.guarantees",
    "pk": 154,
    "fields": {
        "descripcion": "REGISTRO DE GARANTIA",
        "suma_total": "10000.00",
        "credit_id": 185
    }
},
{
    "model": "financings.guarantees",
    "pk": 155,
    "fields": {
        "descripcion": "REGISTRO DE GARANTIA",
        "suma_total": "1500.00",
        "credit_id": 186
    }
},
{
    "model": "financings.guarantees",
    "pk": 156,
    "fields": {
        "descripcion": "REGISTRO DE GARANTIA",
        "suma_total": "4000.00",
        "credit_id": 187
    }
},
{
    "model": "financings.guarantees",
    "pk": 157,
    "fields": {
        "descripcion": "REGISTRO DE GARANTIA",
        "suma_total": "15000.00",
        "credit_id": 188
    }
},
{
    "model": "financings.guarantees",
    "pk": 158,
    "fields": {
        "descripcion": "REGISTRO DE GARANTIA",
        "suma_total": "2000.00",
        "credit_id": 189
    }
},
{
    "model": "financings.guarantees",
    "pk": 159,
    "fields": {
        "descripcion": "REGISTRO DE GARANTIA",
        "suma_total": "5000.00",
        "credit_id": 190
    }
},
{
    "model": "financings.guarantees",
    "pk": 160,
    "fields": {
        "descripcion": "REGISTRO DE GARANTIA",
        "suma_total": "5000.00",
        "credit_id": 191
    }
},
{
    "model": "financings.guarantees",
    "pk": 161,
    "fields": {
        "descripcion": "REGISTRO DE GARANTIA",
        "suma_total": "3000.00",
        "credit_id": 192
    }
},
{
    "model": "financings.guarantees",
    "pk": 162,
    "fields": {
        "descripcion": "REGISTRO DE GARANTIA",
        "suma_total": "6000.00",
        "credit_id": 194
    }
},
{
    "model": "financings.guarantees",
    "pk": 163,
    "fields": {
        "descripcion": "REGISTRO DE GARANTIA",
        "suma_total": "1000.00",
        "credit_id": 195
    }
},
{
    "model": "financings.guarantees",
    "pk": 196,
    "fields": {
        "descripcion": "REGISTRO DE GARANTIA",
        "suma_total": "6000.00",
        "credit_id": 228
    }
},
{
    "model": "financings.guarantees",
    "pk": 197,
    "fields": {
        "descripcion": "REGISTRO DE GARANTIA",
        "suma_total": "1500.00",
        "credit_id": 229
    }
},
{
    "model": "financings.guarantees",
    "pk": 198,
    "fields": {
        "descripcion": "REGISTRO DE GARANTIA",
        "suma_total": "2000.00",
        "credit_id": 230
    }
},
{
    "model": "financings.guarantees",
    "pk": 199,
    "fields": {
        "descripcion": "REGISTRO DE GARANTIA",
        "suma_total": "20000.00",
        "credit_id": 231
    }
},
{
    "model": "financings.guarantees",
    "pk": 200,
    "fields": {
        "descripcion": "REGISTRO DE GARANTIA",
        "suma_total": "20000.00",
        "credit_id": 232
    }
},
{
    "model": "financings.guarantees",
    "pk": 201,
    "fields": {
        "descripcion": "REGISTRO DE GARANTIA",
        "suma_total": "14000.00",
        "credit_id": 233
    }
},
{
    "model": "financings.guarantees",
    "pk": 202,
    "fields": {
        "descripcion": "REGISTRO DE GARANTIA",
        "suma_total": "2000.00",
        "credit_id": 234
    }
},
{
    "model": "financings.guarantees",
    "pk": 203,
    "fields": {
        "descripcion": "REGISTRO DE GARANTIA",
        "suma_total": "50000.00",
        "credit_id": 235
    }
},
{
    "model": "financings.guarantees",
    "pk": 204,
    "fields": {
        "descripcion": "REGISTRO DE GARANTIA",
        "suma_total": "30000.00",
        "credit_id": 236
    }
},
{
    "model": "financings.guarantees",
    "pk": 205,
    "fields": {
        "descripcion": "REGISTRO DE GARANTIA",
        "suma_total": "35000.00",
        "credit_id": 237
    }
},
{
    "model": "financings.guarantees",
    "pk": 206,
    "fields": {
        "descripcion": "REGISTRO DE GARANTIA",
        "suma_total": "10000.00",
        "credit_id": 238
    }
},
{
    "model": "financings.guarantees",
    "pk": 207,
    "fields": {
        "descripcion": "REGISTRO DE GARANTIA",
        "suma_total": "3000.00",
        "credit_id": 239
    }
},
{
    "model": "financings.guarantees",
    "pk": 208,
    "fields": {
        "descripcion": "REGISTRO DE GARANTIA",
        "suma_total": "13000.00",
        "credit_id": 240
    }
},
{
    "model": "financings.guarantees",
    "pk": 209,
    "fields": {
        "descripcion": "REGISTRO DE GARANTIA",
        "suma_total": "5000.00",
        "credit_id": 241
    }
},
{
    "model": "financings.guarantees",
    "pk": 210,
    "fields": {
        "descripcion": "REGISTRO DE GARANTIA",
        "suma_total": "20000.00",
        "credit_id": 242
    }
},
{
    "model": "financings.guarantees",
    "pk": 211,
    "fields": {
        "descripcion": "REGISTRO DE GARANTIA",
        "suma_total": "3000.00",
        "credit_id": 243
    }
},
{
    "model": "financings.guarantees",
    "pk": 212,
    "fields": {
        "descripcion": "REGISTRO DE GARANTIA",
        "suma_total": "10000.00",
        "credit_id": 244
    }
},
{
    "model": "financings.guarantees",
    "pk": 213,
    "fields": {
        "descripcion": "REGISTRO DE GARANTIA",
        "suma_total": "4000.00",
        "credit_id": 245
    }
},
{
    "model": "financings.guarantees",
    "pk": 215,
    "fields": {
        "descripcion": "REGISTRO DE GARANTIA",
        "suma_total": "1000.00",
        "credit_id": 248
    }
},
{
    "model": "financings.guarantees",
    "pk": 217,
    "fields": {
        "descripcion": "REGISTRO DE GARANTIA",
        "suma_total": "19767.09",
        "credit_id": 250
    }
},
{
    "model": "financings.guarantees",
    "pk": 218,
    "fields": {
        "descripcion": "REGISTRO DE GARANTIA",
        "suma_total": "10000.00",
        "credit_id": 251
    }
},
{
    "model": "financings.guarantees",
    "pk": 219,
    "fields": {
        "descripcion": "REGISTRO DE GARANTIA",
        "suma_total": "1000.00",
        "credit_id": 252
    }
},
{
    "model": "financings.guarantees",
    "pk": 220,
    "fields": {
        "descripcion": "REGISTRO DE GARANTIA",
        "suma_total": "8000.00",
        "credit_id": 253
    }
},
{
    "model": "financings.guarantees",
    "pk": 221,
    "fields": {
        "descripcion": "REGISTRO DE GARANTIA",
        "suma_total": "8000.00",
        "credit_id": 254
    }
},
{
    "model": "financings.guarantees",
    "pk": 222,
    "fields": {
        "descripcion": "REGISTRO DE GARANTIA",
        "suma_total": "1500.00",
        "credit_id": 255
    }
},
{
    "model": "financings.guarantees",
    "pk": 223,
    "fields": {
        "descripcion": "REGISTRO DE GARANTIA",
        "suma_total": "500.00",
        "credit_id": 256
    }
},
{
    "model": "financings.guarantees",
    "pk": 224,
    "fields": {
        "descripcion": "REGISTRO DE GARANTIA",
        "suma_total": "50000.00",
        "credit_id": 257
    }
},
{
    "model": "financings.guarantees",
    "pk": 225,
    "fields": {
        "descripcion": "REGISTRO DE GARANTIA",
        "suma_total": "3500.00",
        "credit_id": 258
    }
},
{
    "model": "financings.guarantees",
    "pk": 226,
    "fields": {
        "descripcion": "REGISTRO DE GARANTIA",
        "suma_total": "8000.00",
        "credit_id": 259
    }
},
{
    "model": "financings.guarantees",
    "pk": 227,
    "fields": {
        "descripcion": "REGISTRO DE GARANTIA",
        "suma_total": "2000.00",
        "credit_id": 260
    }
},
{
    "model": "financings.guarantees",
    "pk": 229,
    "fields": {
        "descripcion": "REGISTRO DE GARANTIA",
        "suma_total": "1500.00",
        "credit_id": 262
    }
},
{
    "model": "financings.guarantees",
    "pk": 230,
    "fields": {
        "descripcion": "REGISTRO DE GARANTIA",
        "suma_total": "5000.00",
        "credit_id": 263
    }
},
{
    "model": "financings.guarantees",
    "pk": 231,
    "fields": {
        "descripcion": "REGISTRO DE GARANTIA",
        "suma_total": "10000.00",
        "credit_id": 264
    }
},
{
    "model": "financings.guarantees",
    "pk": 232,
    "fields": {
        "descripcion": "REGISTRO DE GARANTIA",
        "suma_total": "5000.00",
        "credit_id": 265
    }
},
{
    "model": "financings.guarantees",
    "pk": 233,
    "fields": {
        "descripcion": "REGISTRO DE GARANTIA",
        "suma_total": "1200.00",
        "credit_id": 266
    }
},
{
    "model": "financings.guarantees",
    "pk": 234,
    "fields": {
        "descripcion": "REGISTRO DE GARANTIA",
        "suma_total": "3000.00",
        "credit_id": 267
    }
},
{
    "model": "financings.guarantees",
    "pk": 235,
    "fields": {
        "descripcion": "REGISTRO DE GARANTIA",
        "suma_total": "6000.00",
        "credit_id": 268
    }
},
{
    "model": "financings.guarantees",
    "pk": 236,
    "fields": {
        "descripcion": "REGISTRO DE GARANTIA",
        "suma_total": "12000.00",
        "credit_id": 269
    }
},
{
    "model": "financings.guarantees",
    "pk": 237,
    "fields": {
        "descripcion": "REGISTRO DE GARANTIA",
        "suma_total": "5000.00",
        "credit_id": 270
    }
},
{
    "model": "financings.guarantees",
    "pk": 238,
    "fields": {
        "descripcion": "REGISTRO DE GARANTIA",
        "suma_total": "3000.00",
        "credit_id": 271
    }
},
{
    "model": "financings.guarantees",
    "pk": 239,
    "fields": {
        "descripcion": "REGISTRO DE GARANTIA",
        "suma_total": "7900.64",
        "credit_id": 278
    }
},
{
    "model": "financings.guarantees",
    "pk": 240,
    "fields": {
        "descripcion": "REGISTRO DE GARANTIA",
        "suma_total": "5000.00",
        "credit_id": 279
    }
},
{
    "model": "financings.guarantees",
    "pk": 241,
    "fields": {
        "descripcion": "REGISTRO DE GARANTIA",
        "suma_total": "17000.00",
        "credit_id": 280
    }
},
{
    "model": "financings.guarantees",
    "pk": 242,
    "fields": {
        "descripcion": "REGISTRO DE GARANTIA",
        "suma_total": "3000.00",
        "credit_id": 281
    }
},
{
    "model": "financings.guarantees",
    "pk": 243,
    "fields": {
        "descripcion": "REGISTRO DE GARANTIA",
        "suma_total": "10000.00",
        "credit_id": 282
    }
},
{
    "model": "financings.guarantees",
    "pk": 244,
    "fields": {
        "descripcion": "REGISTRO DE GARANTIA",
        "suma_total": "2000.00",
        "credit_id": 283
    }
},
{
    "model": "financings.guarantees",
    "pk": 245,
    "fields": {
        "descripcion": "REGISTRO DE GARANTIA",
        "suma_total": "15000.00",
        "credit_id": 284
    }
},
{
    "model": "financings.guarantees",
    "pk": 246,
    "fields": {
        "descripcion": "REGISTRO DE GARANTIA",
        "suma_total": "10000.00",
        "credit_id": 285
    }
},
{
    "model": "financings.guarantees",
    "pk": 247,
    "fields": {
        "descripcion": "REGISTRO DE GARANTIA",
        "suma_total": "6000.00",
        "credit_id": 286
    }
},
{
    "model": "financings.guarantees",
    "pk": 248,
    "fields": {
        "descripcion": "REGISTRO DE GARANTIA",
        "suma_total": "1000.00",
        "credit_id": 287
    }
},
{
    "model": "financings.guarantees",
    "pk": 249,
    "fields": {
        "descripcion": "REGISTRO DE GARANTIA",
        "suma_total": "5000.00",
        "credit_id": 288
    }
},
{
    "model": "financings.guarantees",
    "pk": 250,
    "fields": {
        "descripcion": "REGISTRO DE GARANTIA",
        "suma_total": "5000.00",
        "credit_id": 289
    }
},
{
    "model": "financings.guarantees",
    "pk": 252,
    "fields": {
        "descripcion": "REGISTRO DE GARANTIA",
        "suma_total": "20000.00",
        "credit_id": 291
    }
},
{
    "model": "financings.guarantees",
    "pk": 253,
    "fields": {
        "descripcion": "REGISTRO DE GARANTIA",
        "suma_total": "14501.00",
        "credit_id": 292
    }
},
{
    "model": "financings.guarantees",
    "pk": 254,
    "fields": {
        "descripcion": "REGISTRO DE GARANTIA",
        "suma_total": "54000.00",
        "credit_id": 293
    }
},
{
    "model": "financings.guarantees",
    "pk": 255,
    "fields": {
        "descripcion": "REGISTRO DE GARANTIA",
        "suma_total": "2000.00",
        "credit_id": 294
    }
},
{
    "model": "financings.guarantees",
    "pk": 256,
    "fields": {
        "descripcion": "REGISTRO DE GARANTIA",
        "suma_total": "5000.00",
        "credit_id": 295
    }
},
{
    "model": "financings.guarantees",
    "pk": 257,
    "fields": {
        "descripcion": "REGISTRO DE GARANTIA",
        "suma_total": "5550.00",
        "credit_id": 296
    }
},
{
    "model": "financings.guarantees",
    "pk": 258,
    "fields": {
        "descripcion": "REGISTRO DE GARANTIA",
        "suma_total": "8000.00",
        "credit_id": 297
    }
},
{
    "model": "financings.guarantees",
    "pk": 259,
    "fields": {
        "descripcion": "REGISTRO DE GARANTIA",
        "suma_total": "5000.00",
        "credit_id": 298
    }
},
{
    "model": "financings.guarantees",
    "pk": 260,
    "fields": {
        "descripcion": "REGISTRO DE GARANTIA",
        "suma_total": "3500.00",
        "credit_id": 299
    }
},
{
    "model": "financings.guarantees",
    "pk": 261,
    "fields": {
        "descripcion": "REGISTRO DE GARANTIA",
        "suma_total": "20000.00",
        "credit_id": 300
    }
},
{
    "model": "financings.guarantees",
    "pk": 262,
    "fields": {
        "descripcion": "REGISTRO DE GARANTIA",
        "suma_total": "2000.00",
        "credit_id": 301
    }
},
{
    "model": "financings.guarantees",
    "pk": 263,
    "fields": {
        "descripcion": "REGISTRO DE GARANTIA",
        "suma_total": "5000.00",
        "credit_id": 302
    }
},
{
    "model": "financings.guarantees",
    "pk": 264,
    "fields": {
        "descripcion": "REGISTRO DE GARANTIA",
        "suma_total": "31000.00",
        "credit_id": 303
    }
},
{
    "model": "financings.guarantees",
    "pk": 265,
    "fields": {
        "descripcion": "REGISTRO DE GARANTIA",
        "suma_total": "2500.00",
        "credit_id": 304
    }
},
{
    "model": "financings.guarantees",
    "pk": 266,
    "fields": {
        "descripcion": "REGISTRO DE GARANTIA",
        "suma_total": "4000.00",
        "credit_id": 305
    }
},
{
    "model": "financings.guarantees",
    "pk": 267,
    "fields": {
        "descripcion": "REGISTRO DE GARANTIA",
        "suma_total": "4000.00",
        "credit_id": 306
    }
},
{
    "model": "financings.guarantees",
    "pk": 268,
    "fields": {
        "descripcion": "REGISTRO DE GARANTIA",
        "suma_total": "7500.00",
        "credit_id": 307
    }
},
{
    "model": "financings.guarantees",
    "pk": 269,
    "fields": {
        "descripcion": "REGISTRO DE GARANTIA",
        "suma_total": "10000.00",
        "credit_id": 308
    }
},
{
    "model": "financings.guarantees",
    "pk": 270,
    "fields": {
        "descripcion": "REGISTRO DE GARANTIA",
        "suma_total": "7000.00",
        "credit_id": 309
    }
},
{
    "model": "financings.guarantees",
    "pk": 271,
    "fields": {
        "descripcion": "REGISTRO DE GARANTIA",
        "suma_total": "320000.00",
        "credit_id": 310
    }
},
{
    "model": "financings.guarantees",
    "pk": 272,
    "fields": {
        "descripcion": "REGISTRO DE GARANTIA",
        "suma_total": "48000.00",
        "credit_id": 311
    }
},
{
    "model": "financings.guarantees",
    "pk": 273,
    "fields": {
        "descripcion": "REGISTRO DE GARANTIA",
        "suma_total": "80000.00",
        "credit_id": 312
    }
},
{
    "model": "financings.guarantees",
    "pk": 274,
    "fields": {
        "descripcion": "REGISTRO DE GARANTIA",
        "suma_total": "13477.00",
        "credit_id": 313
    }
},
{
    "model": "financings.guarantees",
    "pk": 275,
    "fields": {
        "descripcion": "REGISTRO DE GARANTIA",
        "suma_total": "15000.00",
        "credit_id": 314
    }
},
{
    "model": "financings.guarantees",
    "pk": 276,
    "fields": {
        "descripcion": "REGISTRO DE GARANTIA",
        "suma_total": "3500.00",
        "credit_id": 315
    }
},
{
    "model": "financings.guarantees",
    "pk": 277,
    "fields": {
        "descripcion": "REGISTRO DE GARANTIA",
        "suma_total": "111650.00",
        "credit_id": 316
    }
},
{
    "model": "financings.guarantees",
    "pk": 278,
    "fields": {
        "descripcion": "REGISTRO DE GARANTIA",
        "suma_total": "7500.00",
        "credit_id": 317
    }
},
{
    "model": "financings.guarantees",
    "pk": 279,
    "fields": {
        "descripcion": "REGISTRO DE GARANTIA",
        "suma_total": "5000.00",
        "credit_id": 318
    }
},
{
    "model": "financings.guarantees",
    "pk": 280,
    "fields": {
        "descripcion": "REGISTRO DE GARANTIA",
        "suma_total": "5500.00",
        "credit_id": 319
    }
},
{
    "model": "financings.guarantees",
    "pk": 281,
    "fields": {
        "descripcion": "REGISTRO DE GARANTIA",
        "suma_total": "1500.00",
        "credit_id": 320
    }
},
{
    "model": "financings.guarantees",
    "pk": 282,
    "fields": {
        "descripcion": "REGISTRO DE GARANTIA",
        "suma_total": "12000.00",
        "credit_id": 321
    }
},
{
    "model": "financings.guarantees",
    "pk": 283,
    "fields": {
        "descripcion": "REGISTRO DE GARANTIA",
        "suma_total": "6000.00",
        "credit_id": 322
    }
},
{
    "model": "financings.guarantees",
    "pk": 284,
    "fields": {
        "descripcion": "REGISTRO DE GARANTIA",
        "suma_total": "40000.00",
        "credit_id": 323
    }
},
{
    "model": "financings.guarantees",
    "pk": 286,
    "fields": {
        "descripcion": "REGISTRO DE GARANTIA",
        "suma_total": "20000.00",
        "credit_id": 325
    }
},
{
    "model": "financings.guarantees",
    "pk": 287,
    "fields": {
        "descripcion": "REGISTRO DE GARANTIA",
        "suma_total": "75000.00",
        "credit_id": 326
    }
},
{
    "model": "financings.guarantees",
    "pk": 288,
    "fields": {
        "descripcion": "REGISTRO DE GARANTIA",
        "suma_total": "10000.00",
        "credit_id": 327
    }
},
{
    "model": "financings.guarantees",
    "pk": 289,
    "fields": {
        "descripcion": "REGISTRO DE GARANTIA",
        "suma_total": "6000.00",
        "credit_id": 328
    }
},
{
    "model": "financings.guarantees",
    "pk": 290,
    "fields": {
        "descripcion": "REGISTRO DE GARANTIA",
        "suma_total": "4000.00",
        "credit_id": 329
    }
},
{
    "model": "financings.guarantees",
    "pk": 291,
    "fields": {
        "descripcion": "REGISTRO DE GARANTIA",
        "suma_total": "7000.00",
        "credit_id": 330
    }
},
{
    "model": "financings.guarantees",
    "pk": 292,
    "fields": {
        "descripcion": "REGISTRO DE GARANTIA",
        "suma_total": "7000.00",
        "credit_id": 331
    }
},
{
    "model": "financings.guarantees",
    "pk": 293,
    "fields": {
        "descripcion": "REGISTRO DE GARANTIA",
        "suma_total": "10000.00",
        "credit_id": 332
    }
},
{
    "model": "financings.guarantees",
    "pk": 294,
    "fields": {
        "descripcion": "REGISTRO DE GARANTIA",
        "suma_total": "2500.00",
        "credit_id": 333
    }
},
{
    "model": "financings.guarantees",
    "pk": 295,
    "fields": {
        "descripcion": "REGISTRO DE GARANTIA",
        "suma_total": "7000.00",
        "credit_id": 334
    }
},
{
    "model": "financings.guarantees",
    "pk": 296,
    "fields": {
        "descripcion": "REGISTRO DE GARANTIA",
        "suma_total": "3000.00",
        "credit_id": 335
    }
},
{
    "model": "financings.guarantees",
    "pk": 297,
    "fields": {
        "descripcion": "REGISTRO DE GARANTIA",
        "suma_total": "3000.00",
        "credit_id": 336
    }
},
{
    "model": "financings.guarantees",
    "pk": 298,
    "fields": {
        "descripcion": "REGISTRO DE GARANTIA",
        "suma_total": "10000.00",
        "credit_id": 337
    }
},
{
    "model": "financings.guarantees",
    "pk": 299,
    "fields": {
        "descripcion": "REGISTRO DE GARANTIA",
        "suma_total": "3000.00",
        "credit_id": 338
    }
},
{
    "model": "financings.guarantees",
    "pk": 300,
    "fields": {
        "descripcion": "REGISTRO DE GARANTIA",
        "suma_total": "6000.00",
        "credit_id": 339
    }
},
{
    "model": "financings.guarantees",
    "pk": 301,
    "fields": {
        "descripcion": "REGISTRO DE GARANTIA",
        "suma_total": "46500.00",
        "credit_id": 340
    }
},
{
    "model": "financings.guarantees",
    "pk": 302,
    "fields": {
        "descripcion": "REGISTRO DE GARANTIA",
        "suma_total": "22680.00",
        "credit_id": 341
    }
},
{
    "model": "financings.guarantees",
    "pk": 303,
    "fields": {
        "descripcion": "REGISTRO DE GARANTIA",
        "suma_total": "47000.00",
        "credit_id": 342
    }
},
{
    "model": "financings.guarantees",
    "pk": 304,
    "fields": {
        "descripcion": "REGISTRO DE GARANTIA",
        "suma_total": "40000.00",
        "credit_id": 343
    }
},
{
    "model": "financings.guarantees",
    "pk": 305,
    "fields": {
        "descripcion": "REGISTRO DE GARANTIA",
        "suma_total": "34000.00",
        "credit_id": 344
    }
},
{
    "model": "financings.guarantees",
    "pk": 306,
    "fields": {
        "descripcion": "REGISTRO DE GARANTIA",
        "suma_total": "1000.00",
        "credit_id": 345
    }
},
{
    "model": "financings.guarantees",
    "pk": 307,
    "fields": {
        "descripcion": "REGISTRO DE GARANTIA",
        "suma_total": "10000.00",
        "credit_id": 346
    }
},
{
    "model": "financings.guarantees",
    "pk": 308,
    "fields": {
        "descripcion": "REGISTRO DE GARANTIA",
        "suma_total": "50000.00",
        "credit_id": 347
    }
},
{
    "model": "financings.guarantees",
    "pk": 309,
    "fields": {
        "descripcion": "REGISTRO DE GARANTIA",
        "suma_total": "20000.00",
        "credit_id": 348
    }
},
{
    "model": "financings.guarantees",
    "pk": 310,
    "fields": {
        "descripcion": "REGISTRO DE GARANTIA",
        "suma_total": "10000.00",
        "credit_id": 349
    }
},
{
    "model": "financings.guarantees",
    "pk": 311,
    "fields": {
        "descripcion": "REGISTRO DE GARANTIA",
        "suma_total": "350000.00",
        "credit_id": 350
    }
},
{
    "model": "financings.guarantees",
    "pk": 312,
    "fields": {
        "descripcion": "REGISTRO DE GARANTIA",
        "suma_total": "60000.00",
        "credit_id": 351
    }
},
{
    "model": "financings.guarantees",
    "pk": 313,
    "fields": {
        "descripcion": "REGISTRO DE GARANTIA",
        "suma_total": "20000.00",
        "credit_id": 352
    }
},
{
    "model": "financings.guarantees",
    "pk": 314,
    "fields": {
        "descripcion": "REGISTRO DE GARANTIA",
        "suma_total": "5000.00",
        "credit_id": 353
    }
},
{
    "model": "financings.guarantees",
    "pk": 315,
    "fields": {
        "descripcion": "REGISTRO DE GARANTIA",
        "suma_total": "6000.00",
        "credit_id": 354
    }
},
{
    "model": "financings.guarantees",
    "pk": 316,
    "fields": {
        "descripcion": "REGISTRO DE GARANTIA",
        "suma_total": "20800.00",
        "credit_id": 355
    }
},
{
    "model": "financings.guarantees",
    "pk": 317,
    "fields": {
        "descripcion": "REGISTRO DE GARANTIA",
        "suma_total": "4000.00",
        "credit_id": 356
    }
},
{
    "model": "financings.guarantees",
    "pk": 318,
    "fields": {
        "descripcion": "REGISTRO DE GARANTIA",
        "suma_total": "2000.00",
        "credit_id": 357
    }
},
{
    "model": "financings.guarantees",
    "pk": 319,
    "fields": {
        "descripcion": "REGISTRO DE GARANTIA",
        "suma_total": "1500.00",
        "credit_id": 358
    }
},
{
    "model": "financings.guarantees",
    "pk": 320,
    "fields": {
        "descripcion": "REGISTRO DE GARANTIA",
        "suma_total": "1000.00",
        "credit_id": 359
    }
},
{
    "model": "financings.guarantees",
    "pk": 321,
    "fields": {
        "descripcion": "REGISTRO DE GARANTIA",
        "suma_total": "50000.00",
        "credit_id": 360
    }
},
{
    "model": "financings.guarantees",
    "pk": 322,
    "fields": {
        "descripcion": "REGISTRO DE GARANTIA",
        "suma_total": "45000.00",
        "credit_id": 361
    }
},
{
    "model": "financings.guarantees",
    "pk": 323,
    "fields": {
        "descripcion": "REGISTRO DE GARANTIA",
        "suma_total": "10000.00",
        "credit_id": 362
    }
},
{
    "model": "financings.guarantees",
    "pk": 324,
    "fields": {
        "descripcion": "REGISTRO DE GARANTIA",
        "suma_total": "163800.00",
        "credit_id": 364
    }
},
{
    "model": "financings.guarantees",
    "pk": 325,
    "fields": {
        "descripcion": "REGISTRO DE GARANTIA",
        "suma_total": "10000.00",
        "credit_id": 365
    }
},
{
    "model": "financings.guarantees",
    "pk": 326,
    "fields": {
        "descripcion": "REGISTRO DE GARANTIA",
        "suma_total": "3000.00",
        "credit_id": 366
    }
},
{
    "model": "financings.guarantees",
    "pk": 327,
    "fields": {
        "descripcion": "REGISTRO DE GARANTIA",
        "suma_total": "2000.00",
        "credit_id": 367
    }
},
{
    "model": "financings.guarantees",
    "pk": 328,
    "fields": {
        "descripcion": "REGISTRO DE GARANTIA",
        "suma_total": "5000.00",
        "credit_id": 368
    }
},
{
    "model": "financings.guarantees",
    "pk": 329,
    "fields": {
        "descripcion": "REGISTRO DE GARANTIA",
        "suma_total": "2000.00",
        "credit_id": 369
    }
},
{
    "model": "financings.guarantees",
    "pk": 362,
    "fields": {
        "descripcion": "REGISTRO DE GARANTIA",
        "suma_total": "5000.00",
        "credit_id": 402
    }
},
{
    "model": "financings.guarantees",
    "pk": 363,
    "fields": {
        "descripcion": "REGISTRO DE GARANTIA",
        "suma_total": "6000.00",
        "credit_id": 404
    }
},
{
    "model": "financings.guarantees",
    "pk": 364,
    "fields": {
        "descripcion": "REGISTRO DE GARANTIA",
        "suma_total": "6000.00",
        "credit_id": 406
    }
},
{
    "model": "financings.guarantees",
    "pk": 365,
    "fields": {
        "descripcion": "REGISTRO DE GARANTIA",
        "suma_total": "8000.00",
        "credit_id": 407
    }
},
{
    "model": "financings.guarantees",
    "pk": 366,
    "fields": {
        "descripcion": "REGISTRO DE GARANTIA",
        "suma_total": "24000.00",
        "credit_id": 408
    }
},
{
    "model": "financings.guarantees",
    "pk": 367,
    "fields": {
        "descripcion": "REGISTRO DE GARANTIA",
        "suma_total": "53700.00",
        "credit_id": 409
    }
},
{
    "model": "financings.guarantees",
    "pk": 368,
    "fields": {
        "descripcion": "REGISTRO DE GARANTIA",
        "suma_total": "17225.00",
        "credit_id": 411
    }
},
{
    "model": "financings.guarantees",
    "pk": 369,
    "fields": {
        "descripcion": "REGISTRO DE GARANTIA",
        "suma_total": "5000.00",
        "credit_id": 412
    }
},
{
    "model": "financings.guarantees",
    "pk": 370,
    "fields": {
        "descripcion": "REGISTRO DE GARANTIA",
        "suma_total": "20000.00",
        "credit_id": 414
    }
},
{
    "model": "financings.guarantees",
    "pk": 371,
    "fields": {
        "descripcion": "REGISTRO DE GARANTIA",
        "suma_total": "1000.00",
        "credit_id": 415
    }
},
{
    "model": "financings.guarantees",
    "pk": 372,
    "fields": {
        "descripcion": "REGISTRO DE GARANTIA",
        "suma_total": "20554.00",
        "credit_id": 416
    }
},
{
    "model": "financings.guarantees",
    "pk": 373,
    "fields": {
        "descripcion": "REGISTRO DE GARANTIA",
        "suma_total": "5000.00",
        "credit_id": 417
    }
},
{
    "model": "financings.guarantees",
    "pk": 374,
    "fields": {
        "descripcion": "REGISTRO DE GARANTIA",
        "suma_total": "5000.00",
        "credit_id": 418
    }
},
{
    "model": "financings.guarantees",
    "pk": 375,
    "fields": {
        "descripcion": "REGISTRO DE GARANTIA",
        "suma_total": "5000.00",
        "credit_id": 419
    }
},
{
    "model": "financings.guarantees",
    "pk": 376,
    "fields": {
        "descripcion": "REGISTRO DE GARANTIA",
        "suma_total": "1500.00",
        "credit_id": 420
    }
},
{
    "model": "financings.guarantees",
    "pk": 377,
    "fields": {
        "descripcion": "REGISTRO DE GARANTIA",
        "suma_total": "10000.00",
        "credit_id": 421
    }
},
{
    "model": "financings.guarantees",
    "pk": 378,
    "fields": {
        "descripcion": "REGISTRO DE GARANTIA",
        "suma_total": "2979.00",
        "credit_id": 422
    }
},
{
    "model": "financings.guarantees",
    "pk": 379,
    "fields": {
        "descripcion": "REGISTRO DE GARANTIA",
        "suma_total": "2836.00",
        "credit_id": 423
    }
},
{
    "model": "financings.guarantees",
    "pk": 380,
    "fields": {
        "descripcion": "REGISTRO DE GARANTIA",
        "suma_total": "5900.00",
        "credit_id": 424
    }
},
{
    "model": "financings.guarantees",
    "pk": 381,
    "fields": {
        "descripcion": "REGISTRO DE GARANTIA",
        "suma_total": "2000.00",
        "credit_id": 425
    }
},
{
    "model": "financings.guarantees",
    "pk": 382,
    "fields": {
        "descripcion": "REGISTRO DE GARANTIA",
        "suma_total": "5000.00",
        "credit_id": 427
    }
},
{
    "model": "financings.guarantees",
    "pk": 383,
    "fields": {
        "descripcion": "REGISTRO DE GARANTIA",
        "suma_total": "10000.00",
        "credit_id": 428
    }
},
{
    "model": "financings.guarantees",
    "pk": 384,
    "fields": {
        "descripcion": "REGISTRO DE GARANTIA",
        "suma_total": "15000.00",
        "credit_id": 429
    }
},
{
    "model": "financings.guarantees",
    "pk": 385,
    "fields": {
        "descripcion": "REGISTRO DE GARANTIA",
        "suma_total": "1500.00",
        "credit_id": 430
    }
},
{
    "model": "financings.guarantees",
    "pk": 386,
    "fields": {
        "descripcion": "REGISTRO DE GARANTIA",
        "suma_total": "5000.00",
        "credit_id": 431
    }
},
{
    "model": "financings.guarantees",
    "pk": 387,
    "fields": {
        "descripcion": "REGISTRO DE GARANTIA",
        "suma_total": "4000.00",
        "credit_id": 432
    }
},
{
    "model": "financings.guarantees",
    "pk": 388,
    "fields": {
        "descripcion": "REGISTRO DE GARANTIA",
        "suma_total": "3000.00",
        "credit_id": 433
    }
},
{
    "model": "financings.guarantees",
    "pk": 389,
    "fields": {
        "descripcion": "REGISTRO DE GARANTIA",
        "suma_total": "5000.00",
        "credit_id": 434
    }
},
{
    "model": "financings.guarantees",
    "pk": 390,
    "fields": {
        "descripcion": "REGISTRO DE GARANTIA",
        "suma_total": "3438.00",
        "credit_id": 435
    }
},
{
    "model": "financings.guarantees",
    "pk": 391,
    "fields": {
        "descripcion": "REGISTRO DE GARANTIA",
        "suma_total": "6700.00",
        "credit_id": 436
    }
},
{
    "model": "financings.guarantees",
    "pk": 392,
    "fields": {
        "descripcion": "REGISTRO DE GARANTIA",
        "suma_total": "15000.00",
        "credit_id": 437
    }
},
{
    "model": "financings.guarantees",
    "pk": 393,
    "fields": {
        "descripcion": "REGISTRO DE GARANTIA",
        "suma_total": "30000.00",
        "credit_id": 438
    }
},
{
    "model": "financings.guarantees",
    "pk": 394,
    "fields": {
        "descripcion": "REGISTRO DE GARANTIA",
        "suma_total": "5000.00",
        "credit_id": 439
    }
},
{
    "model": "financings.guarantees",
    "pk": 395,
    "fields": {
        "descripcion": "REGISTRO DE GARANTIA",
        "suma_total": "30000.00",
        "credit_id": 440
    }
},
{
    "model": "financings.guarantees",
    "pk": 396,
    "fields": {
        "descripcion": "REGISTRO DE GARANTIA",
        "suma_total": "4000.00",
        "credit_id": 441
    }
},
{
    "model": "financings.guarantees",
    "pk": 397,
    "fields": {
        "descripcion": "REGISTRO DE GARANTIA",
        "suma_total": "5000.00",
        "credit_id": 442
    }
},
{
    "model": "financings.guarantees",
    "pk": 398,
    "fields": {
        "descripcion": "REGISTRO DE GARANTIA",
        "suma_total": "45000.00",
        "credit_id": 443
    }
},
{
    "model": "financings.guarantees",
    "pk": 399,
    "fields": {
        "descripcion": "REGISTRO DE GARANTIA",
        "suma_total": "12000.00",
        "credit_id": 444
    }
},
{
    "model": "financings.guarantees",
    "pk": 400,
    "fields": {
        "descripcion": "REGISTRO DE GARANTIA",
        "suma_total": "13000.00",
        "credit_id": 445
    }
},
{
    "model": "financings.guarantees",
    "pk": 401,
    "fields": {
        "descripcion": "REGISTRO DE GARANTIA",
        "suma_total": "2500.00",
        "credit_id": 446
    }
},
{
    "model": "financings.guarantees",
    "pk": 402,
    "fields": {
        "descripcion": "REGISTRO DE GARANTIA",
        "suma_total": "11000.00",
        "credit_id": 447
    }
},
{
    "model": "financings.guarantees",
    "pk": 403,
    "fields": {
        "descripcion": "REGISTRO DE GARANTIA",
        "suma_total": "8000.00",
        "credit_id": 448
    }
},
{
    "model": "financings.guarantees",
    "pk": 404,
    "fields": {
        "descripcion": "REGISTRO DE GARANTIA",
        "suma_total": "44902.00",
        "credit_id": 449
    }
},
{
    "model": "financings.guarantees",
    "pk": 405,
    "fields": {
        "descripcion": "REGISTRO DE GARANTIA",
        "suma_total": "18000.00",
        "credit_id": 450
    }
},
{
    "model": "financings.guarantees",
    "pk": 406,
    "fields": {
        "descripcion": "REGISTRO DE GARANTIA",
        "suma_total": "22000.00",
        "credit_id": 451
    }
},
{
    "model": "financings.guarantees",
    "pk": 407,
    "fields": {
        "descripcion": "REGISTRO DE GARANTIA",
        "suma_total": "3000.00",
        "credit_id": 452
    }
},
{
    "model": "financings.guarantees",
    "pk": 408,
    "fields": {
        "descripcion": "REGISTRO DE GARANTIA",
        "suma_total": "10000.00",
        "credit_id": 453
    }
},
{
    "model": "financings.guarantees",
    "pk": 409,
    "fields": {
        "descripcion": "REGISTRO DE GARANTIA",
        "suma_total": "5000.00",
        "credit_id": 454
    }
},
{
    "model": "financings.guarantees",
    "pk": 410,
    "fields": {
        "descripcion": "REGISTRO DE GARANTIA",
        "suma_total": "5000.00",
        "credit_id": 455
    }
},
{
    "model": "financings.guarantees",
    "pk": 411,
    "fields": {
        "descripcion": "REGISTRO DE GARANTIA",
        "suma_total": "4000.00",
        "credit_id": 456
    }
},
{
    "model": "financings.guarantees",
    "pk": 412,
    "fields": {
        "descripcion": "REGISTRO DE GARANTIA",
        "suma_total": "20000.00",
        "credit_id": 457
    }
},
{
    "model": "financings.guarantees",
    "pk": 413,
    "fields": {
        "descripcion": "REGISTRO DE GARANTIA",
        "suma_total": "20000.00",
        "credit_id": 458
    }
},
{
    "model": "financings.guarantees",
    "pk": 414,
    "fields": {
        "descripcion": "REGISTRO DE GARANTIA",
        "suma_total": "14000.00",
        "credit_id": 459
    }
},
{
    "model": "financings.guarantees",
    "pk": 415,
    "fields": {
        "descripcion": "REGISTRO DE GARANTIA",
        "suma_total": "20000.00",
        "credit_id": 460
    }
},
{
    "model": "financings.guarantees",
    "pk": 416,
    "fields": {
        "descripcion": "REGISTRO DE GARANTIA",
        "suma_total": "2500.00",
        "credit_id": 461
    }
},
{
    "model": "financings.guarantees",
    "pk": 417,
    "fields": {
        "descripcion": "REGISTRO DE GARANTIA",
        "suma_total": "20000.00",
        "credit_id": 462
    }
},
{
    "model": "financings.guarantees",
    "pk": 418,
    "fields": {
        "descripcion": "REGISTRO DE GARANTIA",
        "suma_total": "5000.00",
        "credit_id": 463
    }
},
{
    "model": "financings.guarantees",
    "pk": 419,
    "fields": {
        "descripcion": "REGISTRO DE GARANTIA",
        "suma_total": "3000.00",
        "credit_id": 464
    }
},
{
    "model": "financings.guarantees",
    "pk": 420,
    "fields": {
        "descripcion": "REGISTRO DE GARANTIA",
        "suma_total": "2600.00",
        "credit_id": 465
    }
},
{
    "model": "financings.guarantees",
    "pk": 421,
    "fields": {
        "descripcion": "REGISTRO DE GARANTIA",
        "suma_total": "60000.00",
        "credit_id": 466
    }
},
{
    "model": "financings.guarantees",
    "pk": 422,
    "fields": {
        "descripcion": "REGISTRO DE GARANTIA",
        "suma_total": "8000.00",
        "credit_id": 467
    }
},
{
    "model": "financings.guarantees",
    "pk": 425,
    "fields": {
        "descripcion": "REGISTRO DE GARANTIA",
        "suma_total": "20000.00",
        "credit_id": 470
    }
},
{
    "model": "financings.guarantees",
    "pk": 426,
    "fields": {
        "descripcion": "REGISTRO DE GARANTIA",
        "suma_total": "7000.00",
        "credit_id": 471
    }
},
{
    "model": "financings.guarantees",
    "pk": 427,
    "fields": {
        "descripcion": "REGISTRO DE GARANTIA",
        "suma_total": "15000.00",
        "credit_id": 472
    }
},
{
    "model": "financings.guarantees",
    "pk": 428,
    "fields": {
        "descripcion": "REGISTRO DE GARANTIA",
        "suma_total": "7500.00",
        "credit_id": 473
    }
},
{
    "model": "financings.guarantees",
    "pk": 429,
    "fields": {
        "descripcion": "REGISTRO DE GARANTIA",
        "suma_total": "70000.00",
        "credit_id": 474
    }
},
{
    "model": "financings.guarantees",
    "pk": 430,
    "fields": {
        "descripcion": "REGISTRO DE GARANTIA",
        "suma_total": "50000.00",
        "credit_id": 475
    }
},
{
    "model": "financings.guarantees",
    "pk": 432,
    "fields": {
        "descripcion": "REGISTRO DE GARANTIA",
        "suma_total": "20000.00",
        "credit_id": 477
    }
},
{
    "model": "financings.guarantees",
    "pk": 433,
    "fields": {
        "descripcion": "REGISTRO DE GARANTIA",
        "suma_total": "5000.00",
        "credit_id": 478
    }
},
{
    "model": "financings.guarantees",
    "pk": 434,
    "fields": {
        "descripcion": "REGISTRO DE GARANTIA",
        "suma_total": "7700.00",
        "credit_id": 479
    }
},
{
    "model": "financings.guarantees",
    "pk": 435,
    "fields": {
        "descripcion": "REGISTRO DE GARANTIA",
        "suma_total": "2500.00",
        "credit_id": 480
    }
},
{
    "model": "financings.guarantees",
    "pk": 436,
    "fields": {
        "descripcion": "REGISTRO DE GARANTIA",
        "suma_total": "10000.00",
        "credit_id": 481
    }
},
{
    "model": "financings.guarantees",
    "pk": 437,
    "fields": {
        "descripcion": "REGISTRO DE GARANTIA",
        "suma_total": "12210.00",
        "credit_id": 488
    }
},
{
    "model": "financings.guarantees",
    "pk": 438,
    "fields": {
        "descripcion": "REGISTRO DE GARANTIA",
        "suma_total": "5000.00",
        "credit_id": 489
    }
},
{
    "model": "financings.guarantees",
    "pk": 440,
    "fields": {
        "descripcion": "REGISTRO DE GARANTIA",
        "suma_total": "30000.00",
        "credit_id": 491
    }
},
{
    "model": "financings.guarantees",
    "pk": 442,
    "fields": {
        "descripcion": "REGISTRO DE GARANTIA",
        "suma_total": "15000.00",
        "credit_id": 493
    }
},
{
    "model": "financings.guarantees",
    "pk": 443,
    "fields": {
        "descripcion": "REGISTRO DE GARANTIA",
        "suma_total": "10000.00",
        "credit_id": 494
    }
},
{
    "model": "financings.guarantees",
    "pk": 444,
    "fields": {
        "descripcion": "REGISTRO DE GARANTIA",
        "suma_total": "5000.00",
        "credit_id": 495
    }
},
{
    "model": "financings.guarantees",
    "pk": 445,
    "fields": {
        "descripcion": "REGISTRO DE GARANTIA",
        "suma_total": "54000.00",
        "credit_id": 496
    }
},
{
    "model": "financings.guarantees",
    "pk": 446,
    "fields": {
        "descripcion": "REGISTRO DE GARANTIA",
        "suma_total": "0.00",
        "credit_id": 497
    }
},
{
    "model": "financings.guarantees",
    "pk": 447,
    "fields": {
        "descripcion": "REGISTRO DE GARANTIA",
        "suma_total": "0.00",
        "credit_id": 498
    }
},
{
    "model": "financings.guarantees",
    "pk": 448,
    "fields": {
        "descripcion": "REGISTRO DE GARANTIA",
        "suma_total": "0.00",
        "credit_id": 499
    }
},
{
    "model": "financings.guarantees",
    "pk": 449,
    "fields": {
        "descripcion": "REGISTRO DE GARANTIA",
        "suma_total": "4000.00",
        "credit_id": 500
    }
},
{
    "model": "financings.guarantees",
    "pk": 450,
    "fields": {
        "descripcion": "REGISTRO DE GARANTIA",
        "suma_total": "1000.00",
        "credit_id": 501
    }
},
{
    "model": "financings.guarantees",
    "pk": 452,
    "fields": {
        "descripcion": "REGISTRO DE GARANTIA",
        "suma_total": "0.00",
        "credit_id": 503
    }
},
{
    "model": "financings.guarantees",
    "pk": 453,
    "fields": {
        "descripcion": "REGISTRO DE GARANTIA",
        "suma_total": "0.00",
        "credit_id": 504
    }
},
{
    "model": "financings.guarantees",
    "pk": 454,
    "fields": {
        "descripcion": "REGISTRO DE GARANTIA",
        "suma_total": "0.00",
        "credit_id": 505
    }
},
{
    "model": "financings.guarantees",
    "pk": 455,
    "fields": {
        "descripcion": "REGISTRO DE GARANTIA",
        "suma_total": "0.00",
        "credit_id": 506
    }
},
{
    "model": "financings.guarantees",
    "pk": 456,
    "fields": {
        "descripcion": "REGISTRO DE GARANTIA",
        "suma_total": "4000.00",
        "credit_id": 507
    }
},
{
    "model": "financings.guarantees",
    "pk": 457,
    "fields": {
        "descripcion": "REGISTRO DE GARANTIA",
        "suma_total": "0.00",
        "credit_id": 508
    }
},
{
    "model": "financings.guarantees",
    "pk": 458,
    "fields": {
        "descripcion": "REGISTRO DE GARANTIA",
        "suma_total": "0.00",
        "credit_id": 509
    }
},
{
    "model": "financings.guarantees",
    "pk": 459,
    "fields": {
        "descripcion": "REGISTRO DE GARANTIA",
        "suma_total": "0.00",
        "credit_id": 510
    }
},
{
    "model": "financings.guarantees",
    "pk": 460,
    "fields": {
        "descripcion": "REGISTRO DE GARANTIA",
        "suma_total": "0.00",
        "credit_id": 511
    }
},
{
    "model": "financings.guarantees",
    "pk": 461,
    "fields": {
        "descripcion": "REGISTRO DE GARANTIA",
        "suma_total": "0.00",
        "credit_id": 512
    }
},
{
    "model": "financings.guarantees",
    "pk": 462,
    "fields": {
        "descripcion": "REGISTRO DE GARANTIA",
        "suma_total": "0.00",
        "credit_id": 513
    }
},
{
    "model": "financings.guarantees",
    "pk": 463,
    "fields": {
        "descripcion": "REGISTRO DE GARANTIA",
        "suma_total": "0.00",
        "credit_id": 514
    }
},
{
    "model": "financings.guarantees",
    "pk": 464,
    "fields": {
        "descripcion": "REGISTRO DE GARANTIA",
        "suma_total": "0.00",
        "credit_id": 515
    }
},
{
    "model": "financings.guarantees",
    "pk": 465,
    "fields": {
        "descripcion": "REGISTRO DE GARANTIA",
        "suma_total": "0.00",
        "credit_id": 516
    }
},
{
    "model": "financings.guarantees",
    "pk": 466,
    "fields": {
        "descripcion": "REGISTRO DE GARANTIA",
        "suma_total": "30000.00",
        "credit_id": 517
    }
},
{
    "model": "financings.guarantees",
    "pk": 467,
    "fields": {
        "descripcion": "REGISTRO DE GARANTIA",
        "suma_total": "0.00",
        "credit_id": 518
    }
},
{
    "model": "financings.guarantees",
    "pk": 468,
    "fields": {
        "descripcion": "REGISTRO DE GARANTIA",
        "suma_total": "2014.00",
        "credit_id": 519
    }
},
{
    "model": "financings.guarantees",
    "pk": 469,
    "fields": {
        "descripcion": "REGISTRO DE GARANTIA",
        "suma_total": "6000.00",
        "credit_id": 520
    }
},
{
    "model": "financings.guarantees",
    "pk": 470,
    "fields": {
        "descripcion": "REGISTRO DE GARANTIA",
        "suma_total": "40000.00",
        "credit_id": 523
    }
},
{
    "model": "financings.guarantees",
    "pk": 471,
    "fields": {
        "descripcion": "REGISTRO DE GARANTIA",
        "suma_total": "15000.00",
        "credit_id": 524
    }
},
{
    "model": "financings.guarantees",
    "pk": 472,
    "fields": {
        "descripcion": "REGISTRO DE GARANTIA",
        "suma_total": "50000.00",
        "credit_id": 525
    }
},
{
    "model": "financings.guarantees",
    "pk": 473,
    "fields": {
        "descripcion": "REGISTRO DE GARANTIA",
        "suma_total": "75000.00",
        "credit_id": 526
    }
},
{
    "model": "financings.guarantees",
    "pk": 474,
    "fields": {
        "descripcion": "REGISTRO DE GARANTIA",
        "suma_total": "8000.00",
        "credit_id": 527
    }
},
{
    "model": "financings.guarantees",
    "pk": 475,
    "fields": {
        "descripcion": "REGISTRO DE GARANTIA",
        "suma_total": "1547.00",
        "credit_id": 528
    }
},
{
    "model": "financings.guarantees",
    "pk": 476,
    "fields": {
        "descripcion": "REGISTRO DE GARANTIA",
        "suma_total": "25000.00",
        "credit_id": 529
    }
},
{
    "model": "financings.guarantees",
    "pk": 477,
    "fields": {
        "descripcion": "REGISTRO DE GARANTIA",
        "suma_total": "3500.00",
        "credit_id": 530
    }
},
{
    "model": "financings.guarantees",
    "pk": 478,
    "fields": {
        "descripcion": "REGISTRO DE GARANTIA",
        "suma_total": "1500.00",
        "credit_id": 531
    }
},
{
    "model": "financings.guarantees",
    "pk": 479,
    "fields": {
        "descripcion": "REGISTRO DE GARANTIA",
        "suma_total": "8000.00",
        "credit_id": 532
    }
},
{
    "model": "financings.guarantees",
    "pk": 480,
    "fields": {
        "descripcion": "REGISTRO DE GARANTIA",
        "suma_total": "85000.00",
        "credit_id": 533
    }
},
{
    "model": "financings.guarantees",
    "pk": 482,
    "fields": {
        "descripcion": "REGISTRO DE GARANTIA",
        "suma_total": "320000.00",
        "credit_id": 535
    }
},
{
    "model": "financings.guarantees",
    "pk": 483,
    "fields": {
        "descripcion": "REGISTRO DE GARANTIA",
        "suma_total": "1000.00",
        "credit_id": 536
    }
}
]
