[
{
    "model": "pictures.imagencustomer",
    "pk": 1,
    "fields": {
        "customer_id": 7,
        "image_id": 1
    }
},
{
    "model": "pictures.imagencustomer",
    "pk": 2,
    "fields": {
        "customer_id": 8,
        "image_id": 2
    }
},
{
    "model": "pictures.imagencustomer",
    "pk": 3,
    "fields": {
        "customer_id": 10,
        "image_id": 3
    }
},
{
    "model": "pictures.imagencustomer",
    "pk": 4,
    "fields": {
        "customer_id": 11,
        "image_id": 4
    }
},
{
    "model": "pictures.imagencustomer",
    "pk": 5,
    "fields": {
        "customer_id": 12,
        "image_id": 5
    }
},
{
    "model": "pictures.imagencustomer",
    "pk": 6,
    "fields": {
        "customer_id": 13,
        "image_id": 6
    }
},
{
    "model": "pictures.imagencustomer",
    "pk": 7,
    "fields": {
        "customer_id": 14,
        "image_id": 7
    }
},
{
    "model": "pictures.imagencustomer",
    "pk": 8,
    "fields": {
        "customer_id": 15,
        "image_id": 8
    }
},
{
    "model": "pictures.imagencustomer",
    "pk": 9,
    "fields": {
        "customer_id": 16,
        "image_id": 9
    }
},
{
    "model": "pictures.imagencustomer",
    "pk": 10,
    "fields": {
        "customer_id": 17,
        "image_id": 10
    }
},
{
    "model": "pictures.imagencustomer",
    "pk": 11,
    "fields": {
        "customer_id": 18,
        "image_id": 11
    }
},
{
    "model": "pictures.imagencustomer",
    "pk": 12,
    "fields": {
        "customer_id": 19,
        "image_id": 12
    }
},
{
    "model": "pictures.imagencustomer",
    "pk": 13,
    "fields": {
        "customer_id": 20,
        "image_id": 13
    }
},
{
    "model": "pictures.imagencustomer",
    "pk": 14,
    "fields": {
        "customer_id": 21,
        "image_id": 14
    }
},
{
    "model": "pictures.imagencustomer",
    "pk": 15,
    "fields": {
        "customer_id": 23,
        "image_id": 15
    }
},
{
    "model": "pictures.imagencustomer",
    "pk": 16,
    "fields": {
        "customer_id": 25,
        "image_id": 16
    }
},
{
    "model": "pictures.imagencustomer",
    "pk": 17,
    "fields": {
        "customer_id": 28,
        "image_id": 17
    }
},
{
    "model": "pictures.imagencustomer",
    "pk": 18,
    "fields": {
        "customer_id": 24,
        "image_id": 18
    }
},
{
    "model": "pictures.imagencustomer",
    "pk": 19,
    "fields": {
        "customer_id": 29,
        "image_id": 19
    }
},
{
    "model": "pictures.imagencustomer",
    "pk": 20,
    "fields": {
        "customer_id": 30,
        "image_id": 20
    }
},
{
    "model": "pictures.imagencustomer",
    "pk": 21,
    "fields": {
        "customer_id": 31,
        "image_id": 21
    }
},
{
    "model": "pictures.imagencustomer",
    "pk": 22,
    "fields": {
        "customer_id": 32,
        "image_id": 22
    }
},
{
    "model": "pictures.imagencustomer",
    "pk": 23,
    "fields": {
        "customer_id": 33,
        "image_id": 23
    }
},
{
    "model": "pictures.imagencustomer",
    "pk": 24,
    "fields": {
        "customer_id": 34,
        "image_id": 24
    }
},
{
    "model": "pictures.imagencustomer",
    "pk": 25,
    "fields": {
        "customer_id": 35,
        "image_id": 25
    }
},
{
    "model": "pictures.imagencustomer",
    "pk": 26,
    "fields": {
        "customer_id": 35,
        "image_id": 26
    }
},
{
    "model": "pictures.imagencustomer",
    "pk": 27,
    "fields": {
        "customer_id": 36,
        "image_id": 27
    }
},
{
    "model": "pictures.imagencustomer",
    "pk": 28,
    "fields": {
        "customer_id": 38,
        "image_id": 28
    }
},
{
    "model": "pictures.imagencustomer",
    "pk": 29,
    "fields": {
        "customer_id": 37,
        "image_id": 29
    }
},
{
    "model": "pictures.imagencustomer",
    "pk": 30,
    "fields": {
        "customer_id": 40,
        "image_id": 30
    }
},
{
    "model": "pictures.imagencustomer",
    "pk": 31,
    "fields": {
        "customer_id": 41,
        "image_id": 31
    }
},
{
    "model": "pictures.imagencustomer",
    "pk": 32,
    "fields": {
        "customer_id": 42,
        "image_id": 32
    }
},
{
    "model": "pictures.imagencustomer",
    "pk": 33,
    "fields": {
        "customer_id": 43,
        "image_id": 33
    }
},
{
    "model": "pictures.imagencustomer",
    "pk": 34,
    "fields": {
        "customer_id": 44,
        "image_id": 34
    }
},
{
    "model": "pictures.imagencustomer",
    "pk": 35,
    "fields": {
        "customer_id": 47,
        "image_id": 35
    }
},
{
    "model": "pictures.imagencustomer",
    "pk": 36,
    "fields": {
        "customer_id": 10,
        "image_id": 36
    }
},
{
    "model": "pictures.imagencustomer",
    "pk": 37,
    "fields": {
        "customer_id": 47,
        "image_id": 37
    }
},
{
    "model": "pictures.imagencustomer",
    "pk": 38,
    "fields": {
        "customer_id": 49,
        "image_id": 38
    }
},
{
    "model": "pictures.imagencustomer",
    "pk": 39,
    "fields": {
        "customer_id": 49,
        "image_id": 39
    }
},
{
    "model": "pictures.imagencustomer",
    "pk": 40,
    "fields": {
        "customer_id": 44,
        "image_id": 40
    }
},
{
    "model": "pictures.imagencustomer",
    "pk": 42,
    "fields": {
        "customer_id": 50,
        "image_id": 42
    }
},
{
    "model": "pictures.imagencustomer",
    "pk": 43,
    "fields": {
        "customer_id": 43,
        "image_id": 43
    }
},
{
    "model": "pictures.imagencustomer",
    "pk": 44,
    "fields": {
        "customer_id": 20,
        "image_id": 44
    }
},
{
    "model": "pictures.imagencustomer",
    "pk": 45,
    "fields": {
        "customer_id": 42,
        "image_id": 45
    }
},
{
    "model": "pictures.imagencustomer",
    "pk": 46,
    "fields": {
        "customer_id": 50,
        "image_id": 46
    }
},
{
    "model": "pictures.imagencustomer",
    "pk": 47,
    "fields": {
        "customer_id": 21,
        "image_id": 47
    }
},
{
    "model": "pictures.imagencustomer",
    "pk": 48,
    "fields": {
        "customer_id": 23,
        "image_id": 48
    }
},
{
    "model": "pictures.imagencustomer",
    "pk": 49,
    "fields": {
        "customer_id": 38,
        "image_id": 49
    }
},
{
    "model": "pictures.imagencustomer",
    "pk": 50,
    "fields": {
        "customer_id": 24,
        "image_id": 50
    }
},
{
    "model": "pictures.imagencustomer",
    "pk": 51,
    "fields": {
        "customer_id": 35,
        "image_id": 51
    }
},
{
    "model": "pictures.imagencustomer",
    "pk": 52,
    "fields": {
        "customer_id": 34,
        "image_id": 52
    }
},
{
    "model": "pictures.imagencustomer",
    "pk": 53,
    "fields": {
        "customer_id": 33,
        "image_id": 53
    }
},
{
    "model": "pictures.imagencustomer",
    "pk": 54,
    "fields": {
        "customer_id": 32,
        "image_id": 54
    }
},
{
    "model": "pictures.imagencustomer",
    "pk": 55,
    "fields": {
        "customer_id": 5,
        "image_id": 55
    }
},
{
    "model": "pictures.imagencustomer",
    "pk": 56,
    "fields": {
        "customer_id": 5,
        "image_id": 56
    }
},
{
    "model": "pictures.imagencustomer",
    "pk": 57,
    "fields": {
        "customer_id": 31,
        "image_id": 57
    }
},
{
    "model": "pictures.imagencustomer",
    "pk": 58,
    "fields": {
        "customer_id": 30,
        "image_id": 58
    }
},
{
    "model": "pictures.imagencustomer",
    "pk": 59,
    "fields": {
        "customer_id": 7,
        "image_id": 59
    }
},
{
    "model": "pictures.imagencustomer",
    "pk": 60,
    "fields": {
        "customer_id": 8,
        "image_id": 60
    }
},
{
    "model": "pictures.imagencustomer",
    "pk": 61,
    "fields": {
        "customer_id": 29,
        "image_id": 61
    }
},
{
    "model": "pictures.imagencustomer",
    "pk": 62,
    "fields": {
        "customer_id": 9,
        "image_id": 62
    }
},
{
    "model": "pictures.imagencustomer",
    "pk": 63,
    "fields": {
        "customer_id": 28,
        "image_id": 63
    }
},
{
    "model": "pictures.imagencustomer",
    "pk": 64,
    "fields": {
        "customer_id": 9,
        "image_id": 64
    }
},
{
    "model": "pictures.imagencustomer",
    "pk": 65,
    "fields": {
        "customer_id": 25,
        "image_id": 65
    }
},
{
    "model": "pictures.imagencustomer",
    "pk": 66,
    "fields": {
        "customer_id": 41,
        "image_id": 66
    }
},
{
    "model": "pictures.imagencustomer",
    "pk": 67,
    "fields": {
        "customer_id": 37,
        "image_id": 67
    }
},
{
    "model": "pictures.imagencustomer",
    "pk": 68,
    "fields": {
        "customer_id": 11,
        "image_id": 68
    }
},
{
    "model": "pictures.imagencustomer",
    "pk": 69,
    "fields": {
        "customer_id": 12,
        "image_id": 69
    }
},
{
    "model": "pictures.imagencustomer",
    "pk": 70,
    "fields": {
        "customer_id": 13,
        "image_id": 70
    }
},
{
    "model": "pictures.imagencustomer",
    "pk": 71,
    "fields": {
        "customer_id": 14,
        "image_id": 71
    }
},
{
    "model": "pictures.imagencustomer",
    "pk": 72,
    "fields": {
        "customer_id": 15,
        "image_id": 72
    }
},
{
    "model": "pictures.imagencustomer",
    "pk": 73,
    "fields": {
        "customer_id": 17,
        "image_id": 73
    }
},
{
    "model": "pictures.imagencustomer",
    "pk": 74,
    "fields": {
        "customer_id": 18,
        "image_id": 74
    }
},
{
    "model": "pictures.imagencustomer",
    "pk": 75,
    "fields": {
        "customer_id": 19,
        "image_id": 75
    }
},
{
    "model": "pictures.imagencustomer",
    "pk": 76,
    "fields": {
        "customer_id": 16,
        "image_id": 76
    }
},
{
    "model": "pictures.imagencustomer",
    "pk": 77,
    "fields": {
        "customer_id": 51,
        "image_id": 77
    }
},
{
    "model": "pictures.imagencustomer",
    "pk": 78,
    "fields": {
        "customer_id": 52,
        "image_id": 78
    }
},
{
    "model": "pictures.imagencustomer",
    "pk": 79,
    "fields": {
        "customer_id": 53,
        "image_id": 79
    }
},
{
    "model": "pictures.imagencustomer",
    "pk": 80,
    "fields": {
        "customer_id": 53,
        "image_id": 80
    }
},
{
    "model": "pictures.imagencustomer",
    "pk": 81,
    "fields": {
        "customer_id": 54,
        "image_id": 81
    }
},
{
    "model": "pictures.imagencustomer",
    "pk": 82,
    "fields": {
        "customer_id": 54,
        "image_id": 82
    }
},
{
    "model": "pictures.imagencustomer",
    "pk": 83,
    "fields": {
        "customer_id": 55,
        "image_id": 83
    }
},
{
    "model": "pictures.imagencustomer",
    "pk": 84,
    "fields": {
        "customer_id": 55,
        "image_id": 84
    }
},
{
    "model": "pictures.imagencustomer",
    "pk": 85,
    "fields": {
        "customer_id": 56,
        "image_id": 85
    }
},
{
    "model": "pictures.imagencustomer",
    "pk": 86,
    "fields": {
        "customer_id": 56,
        "image_id": 86
    }
},
{
    "model": "pictures.imagencustomer",
    "pk": 87,
    "fields": {
        "customer_id": 57,
        "image_id": 87
    }
},
{
    "model": "pictures.imagencustomer",
    "pk": 88,
    "fields": {
        "customer_id": 57,
        "image_id": 88
    }
},
{
    "model": "pictures.imagencustomer",
    "pk": 89,
    "fields": {
        "customer_id": 58,
        "image_id": 89
    }
},
{
    "model": "pictures.imagencustomer",
    "pk": 90,
    "fields": {
        "customer_id": 58,
        "image_id": 90
    }
},
{
    "model": "pictures.imagencustomer",
    "pk": 91,
    "fields": {
        "customer_id": 59,
        "image_id": 91
    }
},
{
    "model": "pictures.imagencustomer",
    "pk": 92,
    "fields": {
        "customer_id": 59,
        "image_id": 92
    }
},
{
    "model": "pictures.imagencustomer",
    "pk": 93,
    "fields": {
        "customer_id": 59,
        "image_id": 93
    }
},
{
    "model": "pictures.imagencustomer",
    "pk": 94,
    "fields": {
        "customer_id": 60,
        "image_id": 94
    }
},
{
    "model": "pictures.imagencustomer",
    "pk": 95,
    "fields": {
        "customer_id": 60,
        "image_id": 95
    }
},
{
    "model": "pictures.imagencustomer",
    "pk": 96,
    "fields": {
        "customer_id": 61,
        "image_id": 96
    }
},
{
    "model": "pictures.imagencustomer",
    "pk": 97,
    "fields": {
        "customer_id": 61,
        "image_id": 97
    }
},
{
    "model": "pictures.imagencustomer",
    "pk": 98,
    "fields": {
        "customer_id": 62,
        "image_id": 98
    }
},
{
    "model": "pictures.imagencustomer",
    "pk": 99,
    "fields": {
        "customer_id": 63,
        "image_id": 99
    }
},
{
    "model": "pictures.imagencustomer",
    "pk": 100,
    "fields": {
        "customer_id": 63,
        "image_id": 100
    }
},
{
    "model": "pictures.imagencustomer",
    "pk": 101,
    "fields": {
        "customer_id": 65,
        "image_id": 101
    }
},
{
    "model": "pictures.imagencustomer",
    "pk": 102,
    "fields": {
        "customer_id": 65,
        "image_id": 102
    }
},
{
    "model": "pictures.imagencustomer",
    "pk": 103,
    "fields": {
        "customer_id": 66,
        "image_id": 103
    }
},
{
    "model": "pictures.imagencustomer",
    "pk": 104,
    "fields": {
        "customer_id": 66,
        "image_id": 104
    }
},
{
    "model": "pictures.imagencustomer",
    "pk": 105,
    "fields": {
        "customer_id": 67,
        "image_id": 105
    }
},
{
    "model": "pictures.imagencustomer",
    "pk": 106,
    "fields": {
        "customer_id": 68,
        "image_id": 106
    }
},
{
    "model": "pictures.imagencustomer",
    "pk": 107,
    "fields": {
        "customer_id": 68,
        "image_id": 107
    }
},
{
    "model": "pictures.imagencustomer",
    "pk": 108,
    "fields": {
        "customer_id": 69,
        "image_id": 108
    }
},
{
    "model": "pictures.imagencustomer",
    "pk": 109,
    "fields": {
        "customer_id": 69,
        "image_id": 109
    }
},
{
    "model": "pictures.imagencustomer",
    "pk": 110,
    "fields": {
        "customer_id": 70,
        "image_id": 110
    }
},
{
    "model": "pictures.imagencustomer",
    "pk": 111,
    "fields": {
        "customer_id": 70,
        "image_id": 111
    }
},
{
    "model": "pictures.imagencustomer",
    "pk": 112,
    "fields": {
        "customer_id": 71,
        "image_id": 112
    }
},
{
    "model": "pictures.imagencustomer",
    "pk": 113,
    "fields": {
        "customer_id": 71,
        "image_id": 113
    }
},
{
    "model": "pictures.imagencustomer",
    "pk": 114,
    "fields": {
        "customer_id": 72,
        "image_id": 114
    }
},
{
    "model": "pictures.imagencustomer",
    "pk": 115,
    "fields": {
        "customer_id": 72,
        "image_id": 115
    }
},
{
    "model": "pictures.imagencustomer",
    "pk": 116,
    "fields": {
        "customer_id": 73,
        "image_id": 116
    }
},
{
    "model": "pictures.imagencustomer",
    "pk": 117,
    "fields": {
        "customer_id": 73,
        "image_id": 117
    }
},
{
    "model": "pictures.imagencustomer",
    "pk": 118,
    "fields": {
        "customer_id": 74,
        "image_id": 118
    }
},
{
    "model": "pictures.imagencustomer",
    "pk": 119,
    "fields": {
        "customer_id": 74,
        "image_id": 119
    }
},
{
    "model": "pictures.imagencustomer",
    "pk": 120,
    "fields": {
        "customer_id": 75,
        "image_id": 120
    }
},
{
    "model": "pictures.imagencustomer",
    "pk": 121,
    "fields": {
        "customer_id": 75,
        "image_id": 121
    }
},
{
    "model": "pictures.imagencustomer",
    "pk": 122,
    "fields": {
        "customer_id": 76,
        "image_id": 122
    }
},
{
    "model": "pictures.imagencustomer",
    "pk": 123,
    "fields": {
        "customer_id": 76,
        "image_id": 123
    }
},
{
    "model": "pictures.imagencustomer",
    "pk": 124,
    "fields": {
        "customer_id": 77,
        "image_id": 124
    }
},
{
    "model": "pictures.imagencustomer",
    "pk": 125,
    "fields": {
        "customer_id": 77,
        "image_id": 125
    }
},
{
    "model": "pictures.imagencustomer",
    "pk": 126,
    "fields": {
        "customer_id": 78,
        "image_id": 126
    }
},
{
    "model": "pictures.imagencustomer",
    "pk": 127,
    "fields": {
        "customer_id": 79,
        "image_id": 127
    }
},
{
    "model": "pictures.imagencustomer",
    "pk": 128,
    "fields": {
        "customer_id": 79,
        "image_id": 128
    }
},
{
    "model": "pictures.imagencustomer",
    "pk": 129,
    "fields": {
        "customer_id": 81,
        "image_id": 129
    }
},
{
    "model": "pictures.imagencustomer",
    "pk": 130,
    "fields": {
        "customer_id": 81,
        "image_id": 130
    }
},
{
    "model": "pictures.imagencustomer",
    "pk": 131,
    "fields": {
        "customer_id": 82,
        "image_id": 131
    }
},
{
    "model": "pictures.imagencustomer",
    "pk": 132,
    "fields": {
        "customer_id": 83,
        "image_id": 132
    }
},
{
    "model": "pictures.imagencustomer",
    "pk": 133,
    "fields": {
        "customer_id": 83,
        "image_id": 133
    }
},
{
    "model": "pictures.imagencustomer",
    "pk": 134,
    "fields": {
        "customer_id": 84,
        "image_id": 134
    }
},
{
    "model": "pictures.imagencustomer",
    "pk": 135,
    "fields": {
        "customer_id": 84,
        "image_id": 135
    }
},
{
    "model": "pictures.imagencustomer",
    "pk": 136,
    "fields": {
        "customer_id": 86,
        "image_id": 136
    }
},
{
    "model": "pictures.imagencustomer",
    "pk": 137,
    "fields": {
        "customer_id": 86,
        "image_id": 137
    }
},
{
    "model": "pictures.imagencustomer",
    "pk": 138,
    "fields": {
        "customer_id": 87,
        "image_id": 138
    }
},
{
    "model": "pictures.imagencustomer",
    "pk": 139,
    "fields": {
        "customer_id": 87,
        "image_id": 139
    }
},
{
    "model": "pictures.imagencustomer",
    "pk": 140,
    "fields": {
        "customer_id": 90,
        "image_id": 140
    }
},
{
    "model": "pictures.imagencustomer",
    "pk": 141,
    "fields": {
        "customer_id": 89,
        "image_id": 141
    }
},
{
    "model": "pictures.imagencustomer",
    "pk": 142,
    "fields": {
        "customer_id": 90,
        "image_id": 142
    }
},
{
    "model": "pictures.imagencustomer",
    "pk": 143,
    "fields": {
        "customer_id": 91,
        "image_id": 143
    }
},
{
    "model": "pictures.imagencustomer",
    "pk": 144,
    "fields": {
        "customer_id": 91,
        "image_id": 144
    }
},
{
    "model": "pictures.imagencustomer",
    "pk": 145,
    "fields": {
        "customer_id": 92,
        "image_id": 145
    }
},
{
    "model": "pictures.imagencustomer",
    "pk": 146,
    "fields": {
        "customer_id": 92,
        "image_id": 146
    }
},
{
    "model": "pictures.imagencustomer",
    "pk": 147,
    "fields": {
        "customer_id": 93,
        "image_id": 147
    }
},
{
    "model": "pictures.imagencustomer",
    "pk": 148,
    "fields": {
        "customer_id": 93,
        "image_id": 148
    }
},
{
    "model": "pictures.imagencustomer",
    "pk": 149,
    "fields": {
        "customer_id": 96,
        "image_id": 149
    }
},
{
    "model": "pictures.imagencustomer",
    "pk": 150,
    "fields": {
        "customer_id": 97,
        "image_id": 150
    }
},
{
    "model": "pictures.imagencustomer",
    "pk": 151,
    "fields": {
        "customer_id": 97,
        "image_id": 151
    }
},
{
    "model": "pictures.imagencustomer",
    "pk": 152,
    "fields": {
        "customer_id": 98,
        "image_id": 152
    }
},
{
    "model": "pictures.imagencustomer",
    "pk": 153,
    "fields": {
        "customer_id": 99,
        "image_id": 153
    }
},
{
    "model": "pictures.imagencustomer",
    "pk": 154,
    "fields": {
        "customer_id": 100,
        "image_id": 154
    }
},
{
    "model": "pictures.imagencustomer",
    "pk": 155,
    "fields": {
        "customer_id": 100,
        "image_id": 155
    }
},
{
    "model": "pictures.imagencustomer",
    "pk": 156,
    "fields": {
        "customer_id": 101,
        "image_id": 156
    }
},
{
    "model": "pictures.imagencustomer",
    "pk": 157,
    "fields": {
        "customer_id": 101,
        "image_id": 157
    }
},
{
    "model": "pictures.imagencustomer",
    "pk": 158,
    "fields": {
        "customer_id": 102,
        "image_id": 158
    }
},
{
    "model": "pictures.imagencustomer",
    "pk": 159,
    "fields": {
        "customer_id": 102,
        "image_id": 159
    }
},
{
    "model": "pictures.imagencustomer",
    "pk": 160,
    "fields": {
        "customer_id": 103,
        "image_id": 160
    }
},
{
    "model": "pictures.imagencustomer",
    "pk": 161,
    "fields": {
        "customer_id": 103,
        "image_id": 161
    }
},
{
    "model": "pictures.imagencustomer",
    "pk": 162,
    "fields": {
        "customer_id": 104,
        "image_id": 162
    }
},
{
    "model": "pictures.imagencustomer",
    "pk": 163,
    "fields": {
        "customer_id": 104,
        "image_id": 163
    }
},
{
    "model": "pictures.imagencustomer",
    "pk": 164,
    "fields": {
        "customer_id": 105,
        "image_id": 164
    }
},
{
    "model": "pictures.imagencustomer",
    "pk": 165,
    "fields": {
        "customer_id": 105,
        "image_id": 165
    }
},
{
    "model": "pictures.imagencustomer",
    "pk": 166,
    "fields": {
        "customer_id": 106,
        "image_id": 166
    }
},
{
    "model": "pictures.imagencustomer",
    "pk": 167,
    "fields": {
        "customer_id": 106,
        "image_id": 167
    }
},
{
    "model": "pictures.imagencustomer",
    "pk": 168,
    "fields": {
        "customer_id": 107,
        "image_id": 168
    }
},
{
    "model": "pictures.imagencustomer",
    "pk": 169,
    "fields": {
        "customer_id": 107,
        "image_id": 169
    }
},
{
    "model": "pictures.imagencustomer",
    "pk": 170,
    "fields": {
        "customer_id": 108,
        "image_id": 170
    }
},
{
    "model": "pictures.imagencustomer",
    "pk": 171,
    "fields": {
        "customer_id": 108,
        "image_id": 171
    }
},
{
    "model": "pictures.imagencustomer",
    "pk": 172,
    "fields": {
        "customer_id": 109,
        "image_id": 172
    }
},
{
    "model": "pictures.imagencustomer",
    "pk": 173,
    "fields": {
        "customer_id": 110,
        "image_id": 173
    }
},
{
    "model": "pictures.imagencustomer",
    "pk": 174,
    "fields": {
        "customer_id": 110,
        "image_id": 174
    }
},
{
    "model": "pictures.imagencustomer",
    "pk": 175,
    "fields": {
        "customer_id": 111,
        "image_id": 175
    }
},
{
    "model": "pictures.imagencustomer",
    "pk": 176,
    "fields": {
        "customer_id": 111,
        "image_id": 176
    }
},
{
    "model": "pictures.imagencustomer",
    "pk": 177,
    "fields": {
        "customer_id": 112,
        "image_id": 177
    }
},
{
    "model": "pictures.imagencustomer",
    "pk": 178,
    "fields": {
        "customer_id": 112,
        "image_id": 178
    }
},
{
    "model": "pictures.imagencustomer",
    "pk": 179,
    "fields": {
        "customer_id": 113,
        "image_id": 179
    }
},
{
    "model": "pictures.imagencustomer",
    "pk": 180,
    "fields": {
        "customer_id": 113,
        "image_id": 180
    }
},
{
    "model": "pictures.imagencustomer",
    "pk": 181,
    "fields": {
        "customer_id": 114,
        "image_id": 181
    }
},
{
    "model": "pictures.imagencustomer",
    "pk": 182,
    "fields": {
        "customer_id": 114,
        "image_id": 182
    }
},
{
    "model": "pictures.imagencustomer",
    "pk": 183,
    "fields": {
        "customer_id": 115,
        "image_id": 183
    }
},
{
    "model": "pictures.imagencustomer",
    "pk": 184,
    "fields": {
        "customer_id": 115,
        "image_id": 184
    }
},
{
    "model": "pictures.imagencustomer",
    "pk": 185,
    "fields": {
        "customer_id": 116,
        "image_id": 185
    }
},
{
    "model": "pictures.imagencustomer",
    "pk": 186,
    "fields": {
        "customer_id": 116,
        "image_id": 186
    }
},
{
    "model": "pictures.imagencustomer",
    "pk": 187,
    "fields": {
        "customer_id": 117,
        "image_id": 187
    }
},
{
    "model": "pictures.imagencustomer",
    "pk": 188,
    "fields": {
        "customer_id": 117,
        "image_id": 188
    }
},
{
    "model": "pictures.imagencustomer",
    "pk": 189,
    "fields": {
        "customer_id": 118,
        "image_id": 189
    }
},
{
    "model": "pictures.imagencustomer",
    "pk": 190,
    "fields": {
        "customer_id": 118,
        "image_id": 190
    }
},
{
    "model": "pictures.imagencustomer",
    "pk": 191,
    "fields": {
        "customer_id": 119,
        "image_id": 191
    }
},
{
    "model": "pictures.imagencustomer",
    "pk": 192,
    "fields": {
        "customer_id": 119,
        "image_id": 192
    }
},
{
    "model": "pictures.imagencustomer",
    "pk": 193,
    "fields": {
        "customer_id": 120,
        "image_id": 193
    }
},
{
    "model": "pictures.imagencustomer",
    "pk": 194,
    "fields": {
        "customer_id": 120,
        "image_id": 194
    }
},
{
    "model": "pictures.imagencustomer",
    "pk": 195,
    "fields": {
        "customer_id": 121,
        "image_id": 195
    }
},
{
    "model": "pictures.imagencustomer",
    "pk": 196,
    "fields": {
        "customer_id": 121,
        "image_id": 196
    }
},
{
    "model": "pictures.imagencustomer",
    "pk": 197,
    "fields": {
        "customer_id": 123,
        "image_id": 197
    }
},
{
    "model": "pictures.imagencustomer",
    "pk": 198,
    "fields": {
        "customer_id": 123,
        "image_id": 198
    }
},
{
    "model": "pictures.imagencustomer",
    "pk": 199,
    "fields": {
        "customer_id": 123,
        "image_id": 199
    }
},
{
    "model": "pictures.imagencustomer",
    "pk": 200,
    "fields": {
        "customer_id": 124,
        "image_id": 200
    }
},
{
    "model": "pictures.imagencustomer",
    "pk": 201,
    "fields": {
        "customer_id": 124,
        "image_id": 201
    }
},
{
    "model": "pictures.imagencustomer",
    "pk": 202,
    "fields": {
        "customer_id": 125,
        "image_id": 202
    }
},
{
    "model": "pictures.imagencustomer",
    "pk": 203,
    "fields": {
        "customer_id": 125,
        "image_id": 203
    }
},
{
    "model": "pictures.imagencustomer",
    "pk": 204,
    "fields": {
        "customer_id": 126,
        "image_id": 204
    }
},
{
    "model": "pictures.imagencustomer",
    "pk": 205,
    "fields": {
        "customer_id": 126,
        "image_id": 205
    }
},
{
    "model": "pictures.imagencustomer",
    "pk": 206,
    "fields": {
        "customer_id": 127,
        "image_id": 206
    }
},
{
    "model": "pictures.imagencustomer",
    "pk": 207,
    "fields": {
        "customer_id": 127,
        "image_id": 207
    }
},
{
    "model": "pictures.imagencustomer",
    "pk": 208,
    "fields": {
        "customer_id": 128,
        "image_id": 208
    }
},
{
    "model": "pictures.imagencustomer",
    "pk": 209,
    "fields": {
        "customer_id": 128,
        "image_id": 209
    }
},
{
    "model": "pictures.imagencustomer",
    "pk": 210,
    "fields": {
        "customer_id": 130,
        "image_id": 210
    }
},
{
    "model": "pictures.imagencustomer",
    "pk": 211,
    "fields": {
        "customer_id": 130,
        "image_id": 211
    }
},
{
    "model": "pictures.imagencustomer",
    "pk": 212,
    "fields": {
        "customer_id": 131,
        "image_id": 212
    }
},
{
    "model": "pictures.imagencustomer",
    "pk": 213,
    "fields": {
        "customer_id": 131,
        "image_id": 213
    }
},
{
    "model": "pictures.imagencustomer",
    "pk": 214,
    "fields": {
        "customer_id": 133,
        "image_id": 214
    }
},
{
    "model": "pictures.imagencustomer",
    "pk": 215,
    "fields": {
        "customer_id": 133,
        "image_id": 215
    }
},
{
    "model": "pictures.imagencustomer",
    "pk": 216,
    "fields": {
        "customer_id": 132,
        "image_id": 216
    }
},
{
    "model": "pictures.imagencustomer",
    "pk": 217,
    "fields": {
        "customer_id": 132,
        "image_id": 217
    }
},
{
    "model": "pictures.imagencustomer",
    "pk": 218,
    "fields": {
        "customer_id": 134,
        "image_id": 218
    }
},
{
    "model": "pictures.imagencustomer",
    "pk": 219,
    "fields": {
        "customer_id": 134,
        "image_id": 219
    }
},
{
    "model": "pictures.imagencustomer",
    "pk": 220,
    "fields": {
        "customer_id": 135,
        "image_id": 220
    }
},
{
    "model": "pictures.imagencustomer",
    "pk": 221,
    "fields": {
        "customer_id": 136,
        "image_id": 221
    }
},
{
    "model": "pictures.imagencustomer",
    "pk": 222,
    "fields": {
        "customer_id": 136,
        "image_id": 222
    }
},
{
    "model": "pictures.imagencustomer",
    "pk": 223,
    "fields": {
        "customer_id": 137,
        "image_id": 223
    }
},
{
    "model": "pictures.imagencustomer",
    "pk": 224,
    "fields": {
        "customer_id": 138,
        "image_id": 224
    }
},
{
    "model": "pictures.imagencustomer",
    "pk": 225,
    "fields": {
        "customer_id": 138,
        "image_id": 225
    }
},
{
    "model": "pictures.imagencustomer",
    "pk": 227,
    "fields": {
        "customer_id": 140,
        "image_id": 227
    }
},
{
    "model": "pictures.imagencustomer",
    "pk": 228,
    "fields": {
        "customer_id": 140,
        "image_id": 228
    }
},
{
    "model": "pictures.imagencustomer",
    "pk": 229,
    "fields": {
        "customer_id": 141,
        "image_id": 229
    }
},
{
    "model": "pictures.imagencustomer",
    "pk": 230,
    "fields": {
        "customer_id": 141,
        "image_id": 230
    }
},
{
    "model": "pictures.imagencustomer",
    "pk": 231,
    "fields": {
        "customer_id": 142,
        "image_id": 231
    }
},
{
    "model": "pictures.imagencustomer",
    "pk": 232,
    "fields": {
        "customer_id": 142,
        "image_id": 232
    }
},
{
    "model": "pictures.imagencustomer",
    "pk": 233,
    "fields": {
        "customer_id": 143,
        "image_id": 233
    }
},
{
    "model": "pictures.imagencustomer",
    "pk": 234,
    "fields": {
        "customer_id": 144,
        "image_id": 234
    }
},
{
    "model": "pictures.imagencustomer",
    "pk": 235,
    "fields": {
        "customer_id": 144,
        "image_id": 235
    }
},
{
    "model": "pictures.imagencustomer",
    "pk": 236,
    "fields": {
        "customer_id": 145,
        "image_id": 236
    }
},
{
    "model": "pictures.imagencustomer",
    "pk": 237,
    "fields": {
        "customer_id": 145,
        "image_id": 237
    }
},
{
    "model": "pictures.imagencustomer",
    "pk": 238,
    "fields": {
        "customer_id": 146,
        "image_id": 238
    }
},
{
    "model": "pictures.imagencustomer",
    "pk": 239,
    "fields": {
        "customer_id": 147,
        "image_id": 239
    }
},
{
    "model": "pictures.imagencustomer",
    "pk": 240,
    "fields": {
        "customer_id": 149,
        "image_id": 240
    }
},
{
    "model": "pictures.imagencustomer",
    "pk": 241,
    "fields": {
        "customer_id": 149,
        "image_id": 241
    }
},
{
    "model": "pictures.imagencustomer",
    "pk": 242,
    "fields": {
        "customer_id": 152,
        "image_id": 242
    }
},
{
    "model": "pictures.imagencustomer",
    "pk": 243,
    "fields": {
        "customer_id": 152,
        "image_id": 243
    }
},
{
    "model": "pictures.imagencustomer",
    "pk": 244,
    "fields": {
        "customer_id": 153,
        "image_id": 244
    }
},
{
    "model": "pictures.imagencustomer",
    "pk": 245,
    "fields": {
        "customer_id": 153,
        "image_id": 245
    }
},
{
    "model": "pictures.imagencustomer",
    "pk": 246,
    "fields": {
        "customer_id": 154,
        "image_id": 246
    }
},
{
    "model": "pictures.imagencustomer",
    "pk": 247,
    "fields": {
        "customer_id": 154,
        "image_id": 247
    }
},
{
    "model": "pictures.imagencustomer",
    "pk": 248,
    "fields": {
        "customer_id": 155,
        "image_id": 248
    }
},
{
    "model": "pictures.imagencustomer",
    "pk": 249,
    "fields": {
        "customer_id": 156,
        "image_id": 249
    }
},
{
    "model": "pictures.imagencustomer",
    "pk": 250,
    "fields": {
        "customer_id": 157,
        "image_id": 250
    }
},
{
    "model": "pictures.imagencustomer",
    "pk": 251,
    "fields": {
        "customer_id": 159,
        "image_id": 251
    }
},
{
    "model": "pictures.imagencustomer",
    "pk": 252,
    "fields": {
        "customer_id": 159,
        "image_id": 252
    }
},
{
    "model": "pictures.imagencustomer",
    "pk": 253,
    "fields": {
        "customer_id": 160,
        "image_id": 253
    }
},
{
    "model": "pictures.imagencustomer",
    "pk": 254,
    "fields": {
        "customer_id": 161,
        "image_id": 254
    }
},
{
    "model": "pictures.imagencustomer",
    "pk": 255,
    "fields": {
        "customer_id": 161,
        "image_id": 255
    }
},
{
    "model": "pictures.imagencustomer",
    "pk": 256,
    "fields": {
        "customer_id": 162,
        "image_id": 256
    }
},
{
    "model": "pictures.imagencustomer",
    "pk": 257,
    "fields": {
        "customer_id": 162,
        "image_id": 257
    }
},
{
    "model": "pictures.imagencustomer",
    "pk": 258,
    "fields": {
        "customer_id": 164,
        "image_id": 258
    }
},
{
    "model": "pictures.imagencustomer",
    "pk": 259,
    "fields": {
        "customer_id": 164,
        "image_id": 259
    }
},
{
    "model": "pictures.imagencustomer",
    "pk": 260,
    "fields": {
        "customer_id": 165,
        "image_id": 260
    }
},
{
    "model": "pictures.imagencustomer",
    "pk": 261,
    "fields": {
        "customer_id": 165,
        "image_id": 261
    }
},
{
    "model": "pictures.imagencustomer",
    "pk": 262,
    "fields": {
        "customer_id": 166,
        "image_id": 262
    }
},
{
    "model": "pictures.imagencustomer",
    "pk": 263,
    "fields": {
        "customer_id": 166,
        "image_id": 263
    }
},
{
    "model": "pictures.imagencustomer",
    "pk": 264,
    "fields": {
        "customer_id": 167,
        "image_id": 264
    }
},
{
    "model": "pictures.imagencustomer",
    "pk": 265,
    "fields": {
        "customer_id": 169,
        "image_id": 265
    }
},
{
    "model": "pictures.imagencustomer",
    "pk": 266,
    "fields": {
        "customer_id": 168,
        "image_id": 266
    }
},
{
    "model": "pictures.imagencustomer",
    "pk": 267,
    "fields": {
        "customer_id": 172,
        "image_id": 267
    }
},
{
    "model": "pictures.imagencustomer",
    "pk": 268,
    "fields": {
        "customer_id": 172,
        "image_id": 268
    }
},
{
    "model": "pictures.imagencustomer",
    "pk": 269,
    "fields": {
        "customer_id": 171,
        "image_id": 269
    }
},
{
    "model": "pictures.imagencustomer",
    "pk": 270,
    "fields": {
        "customer_id": 171,
        "image_id": 270
    }
},
{
    "model": "pictures.imagencustomer",
    "pk": 271,
    "fields": {
        "customer_id": 173,
        "image_id": 271
    }
},
{
    "model": "pictures.imagencustomer",
    "pk": 272,
    "fields": {
        "customer_id": 173,
        "image_id": 272
    }
},
{
    "model": "pictures.imagencustomer",
    "pk": 273,
    "fields": {
        "customer_id": 170,
        "image_id": 273
    }
},
{
    "model": "pictures.imagencustomer",
    "pk": 274,
    "fields": {
        "customer_id": 170,
        "image_id": 274
    }
},
{
    "model": "pictures.imagencustomer",
    "pk": 275,
    "fields": {
        "customer_id": 174,
        "image_id": 275
    }
},
{
    "model": "pictures.imagencustomer",
    "pk": 276,
    "fields": {
        "customer_id": 175,
        "image_id": 276
    }
},
{
    "model": "pictures.imagencustomer",
    "pk": 277,
    "fields": {
        "customer_id": 174,
        "image_id": 277
    }
},
{
    "model": "pictures.imagencustomer",
    "pk": 278,
    "fields": {
        "customer_id": 176,
        "image_id": 278
    }
},
{
    "model": "pictures.imagencustomer",
    "pk": 279,
    "fields": {
        "customer_id": 179,
        "image_id": 279
    }
},
{
    "model": "pictures.imagencustomer",
    "pk": 280,
    "fields": {
        "customer_id": 179,
        "image_id": 280
    }
},
{
    "model": "pictures.imagencustomer",
    "pk": 281,
    "fields": {
        "customer_id": 180,
        "image_id": 281
    }
},
{
    "model": "pictures.imagencustomer",
    "pk": 282,
    "fields": {
        "customer_id": 180,
        "image_id": 282
    }
},
{
    "model": "pictures.imagencustomer",
    "pk": 283,
    "fields": {
        "customer_id": 181,
        "image_id": 283
    }
},
{
    "model": "pictures.imagencustomer",
    "pk": 284,
    "fields": {
        "customer_id": 181,
        "image_id": 284
    }
},
{
    "model": "pictures.imagencustomer",
    "pk": 285,
    "fields": {
        "customer_id": 182,
        "image_id": 285
    }
},
{
    "model": "pictures.imagencustomer",
    "pk": 286,
    "fields": {
        "customer_id": 182,
        "image_id": 286
    }
},
{
    "model": "pictures.imagencustomer",
    "pk": 287,
    "fields": {
        "customer_id": 183,
        "image_id": 287
    }
},
{
    "model": "pictures.imagencustomer",
    "pk": 288,
    "fields": {
        "customer_id": 183,
        "image_id": 288
    }
},
{
    "model": "pictures.imagencustomer",
    "pk": 289,
    "fields": {
        "customer_id": 184,
        "image_id": 289
    }
},
{
    "model": "pictures.imagencustomer",
    "pk": 290,
    "fields": {
        "customer_id": 184,
        "image_id": 290
    }
},
{
    "model": "pictures.imagencustomer",
    "pk": 291,
    "fields": {
        "customer_id": 185,
        "image_id": 291
    }
},
{
    "model": "pictures.imagencustomer",
    "pk": 292,
    "fields": {
        "customer_id": 186,
        "image_id": 292
    }
},
{
    "model": "pictures.imagencustomer",
    "pk": 293,
    "fields": {
        "customer_id": 187,
        "image_id": 293
    }
},
{
    "model": "pictures.imagencustomer",
    "pk": 294,
    "fields": {
        "customer_id": 187,
        "image_id": 294
    }
},
{
    "model": "pictures.imagencustomer",
    "pk": 295,
    "fields": {
        "customer_id": 186,
        "image_id": 295
    }
},
{
    "model": "pictures.imagencustomer",
    "pk": 296,
    "fields": {
        "customer_id": 188,
        "image_id": 296
    }
},
{
    "model": "pictures.imagencustomer",
    "pk": 297,
    "fields": {
        "customer_id": 190,
        "image_id": 297
    }
},
{
    "model": "pictures.imagencustomer",
    "pk": 298,
    "fields": {
        "customer_id": 190,
        "image_id": 298
    }
},
{
    "model": "pictures.imagencustomer",
    "pk": 301,
    "fields": {
        "customer_id": 199,
        "image_id": 301
    }
},
{
    "model": "pictures.imagencustomer",
    "pk": 302,
    "fields": {
        "customer_id": 199,
        "image_id": 302
    }
},
{
    "model": "pictures.imagencustomer",
    "pk": 303,
    "fields": {
        "customer_id": 200,
        "image_id": 303
    }
},
{
    "model": "pictures.imagencustomer",
    "pk": 304,
    "fields": {
        "customer_id": 201,
        "image_id": 304
    }
},
{
    "model": "pictures.imagencustomer",
    "pk": 305,
    "fields": {
        "customer_id": 201,
        "image_id": 305
    }
},
{
    "model": "pictures.imagencustomer",
    "pk": 306,
    "fields": {
        "customer_id": 204,
        "image_id": 306
    }
},
{
    "model": "pictures.imagencustomer",
    "pk": 307,
    "fields": {
        "customer_id": 204,
        "image_id": 307
    }
},
{
    "model": "pictures.imagencustomer",
    "pk": 308,
    "fields": {
        "customer_id": 207,
        "image_id": 308
    }
},
{
    "model": "pictures.imagencustomer",
    "pk": 309,
    "fields": {
        "customer_id": 207,
        "image_id": 309
    }
},
{
    "model": "pictures.imagencustomer",
    "pk": 310,
    "fields": {
        "customer_id": 204,
        "image_id": 310
    }
},
{
    "model": "pictures.imagencustomer",
    "pk": 311,
    "fields": {
        "customer_id": 209,
        "image_id": 311
    }
},
{
    "model": "pictures.imagencustomer",
    "pk": 312,
    "fields": {
        "customer_id": 209,
        "image_id": 312
    }
},
{
    "model": "pictures.imagencustomer",
    "pk": 313,
    "fields": {
        "customer_id": 210,
        "image_id": 313
    }
},
{
    "model": "pictures.imagencustomer",
    "pk": 314,
    "fields": {
        "customer_id": 210,
        "image_id": 314
    }
},
{
    "model": "pictures.imagencustomer",
    "pk": 315,
    "fields": {
        "customer_id": 213,
        "image_id": 315
    }
},
{
    "model": "pictures.imagencustomer",
    "pk": 316,
    "fields": {
        "customer_id": 215,
        "image_id": 316
    }
},
{
    "model": "pictures.imagencustomer",
    "pk": 317,
    "fields": {
        "customer_id": 216,
        "image_id": 317
    }
},
{
    "model": "pictures.imagencustomer",
    "pk": 318,
    "fields": {
        "customer_id": 216,
        "image_id": 318
    }
},
{
    "model": "pictures.imagencustomer",
    "pk": 319,
    "fields": {
        "customer_id": 217,
        "image_id": 319
    }
},
{
    "model": "pictures.imagencustomer",
    "pk": 320,
    "fields": {
        "customer_id": 217,
        "image_id": 320
    }
},
{
    "model": "pictures.imagencustomer",
    "pk": 321,
    "fields": {
        "customer_id": 218,
        "image_id": 321
    }
},
{
    "model": "pictures.imagencustomer",
    "pk": 322,
    "fields": {
        "customer_id": 218,
        "image_id": 322
    }
},
{
    "model": "pictures.imagencustomer",
    "pk": 323,
    "fields": {
        "customer_id": 219,
        "image_id": 323
    }
},
{
    "model": "pictures.imagencustomer",
    "pk": 324,
    "fields": {
        "customer_id": 219,
        "image_id": 324
    }
},
{
    "model": "pictures.imagencustomer",
    "pk": 325,
    "fields": {
        "customer_id": 221,
        "image_id": 325
    }
},
{
    "model": "pictures.imagencustomer",
    "pk": 326,
    "fields": {
        "customer_id": 221,
        "image_id": 326
    }
},
{
    "model": "pictures.imagencustomer",
    "pk": 327,
    "fields": {
        "customer_id": 222,
        "image_id": 327
    }
},
{
    "model": "pictures.imagencustomer",
    "pk": 328,
    "fields": {
        "customer_id": 222,
        "image_id": 328
    }
},
{
    "model": "pictures.imagencustomer",
    "pk": 329,
    "fields": {
        "customer_id": 223,
        "image_id": 329
    }
},
{
    "model": "pictures.imagencustomer",
    "pk": 330,
    "fields": {
        "customer_id": 223,
        "image_id": 330
    }
},
{
    "model": "pictures.imagencustomer",
    "pk": 331,
    "fields": {
        "customer_id": 224,
        "image_id": 331
    }
},
{
    "model": "pictures.imagencustomer",
    "pk": 332,
    "fields": {
        "customer_id": 224,
        "image_id": 332
    }
},
{
    "model": "pictures.imagencustomer",
    "pk": 333,
    "fields": {
        "customer_id": 225,
        "image_id": 333
    }
},
{
    "model": "pictures.imagencustomer",
    "pk": 334,
    "fields": {
        "customer_id": 225,
        "image_id": 334
    }
},
{
    "model": "pictures.imagencustomer",
    "pk": 335,
    "fields": {
        "customer_id": 227,
        "image_id": 335
    }
},
{
    "model": "pictures.imagencustomer",
    "pk": 336,
    "fields": {
        "customer_id": 228,
        "image_id": 336
    }
},
{
    "model": "pictures.imagencustomer",
    "pk": 337,
    "fields": {
        "customer_id": 229,
        "image_id": 337
    }
},
{
    "model": "pictures.imagencustomer",
    "pk": 338,
    "fields": {
        "customer_id": 229,
        "image_id": 338
    }
},
{
    "model": "pictures.imagencustomer",
    "pk": 339,
    "fields": {
        "customer_id": 230,
        "image_id": 339
    }
},
{
    "model": "pictures.imagencustomer",
    "pk": 340,
    "fields": {
        "customer_id": 230,
        "image_id": 340
    }
},
{
    "model": "pictures.imagencustomer",
    "pk": 341,
    "fields": {
        "customer_id": 233,
        "image_id": 341
    }
},
{
    "model": "pictures.imagencustomer",
    "pk": 342,
    "fields": {
        "customer_id": 233,
        "image_id": 342
    }
},
{
    "model": "pictures.imagencustomer",
    "pk": 343,
    "fields": {
        "customer_id": 232,
        "image_id": 343
    }
},
{
    "model": "pictures.imagencustomer",
    "pk": 344,
    "fields": {
        "customer_id": 232,
        "image_id": 344
    }
},
{
    "model": "pictures.imagencustomer",
    "pk": 345,
    "fields": {
        "customer_id": 231,
        "image_id": 345
    }
},
{
    "model": "pictures.imagencustomer",
    "pk": 346,
    "fields": {
        "customer_id": 231,
        "image_id": 346
    }
},
{
    "model": "pictures.imagencustomer",
    "pk": 347,
    "fields": {
        "customer_id": 234,
        "image_id": 347
    }
},
{
    "model": "pictures.imagencustomer",
    "pk": 348,
    "fields": {
        "customer_id": 234,
        "image_id": 348
    }
},
{
    "model": "pictures.imagencustomer",
    "pk": 349,
    "fields": {
        "customer_id": 235,
        "image_id": 349
    }
},
{
    "model": "pictures.imagencustomer",
    "pk": 350,
    "fields": {
        "customer_id": 235,
        "image_id": 350
    }
},
{
    "model": "pictures.imagencustomer",
    "pk": 351,
    "fields": {
        "customer_id": 237,
        "image_id": 351
    }
},
{
    "model": "pictures.imagencustomer",
    "pk": 352,
    "fields": {
        "customer_id": 237,
        "image_id": 352
    }
},
{
    "model": "pictures.imagencustomer",
    "pk": 353,
    "fields": {
        "customer_id": 238,
        "image_id": 353
    }
},
{
    "model": "pictures.imagencustomer",
    "pk": 354,
    "fields": {
        "customer_id": 238,
        "image_id": 354
    }
},
{
    "model": "pictures.imagencustomer",
    "pk": 355,
    "fields": {
        "customer_id": 239,
        "image_id": 355
    }
},
{
    "model": "pictures.imagencustomer",
    "pk": 356,
    "fields": {
        "customer_id": 239,
        "image_id": 356
    }
},
{
    "model": "pictures.imagencustomer",
    "pk": 357,
    "fields": {
        "customer_id": 240,
        "image_id": 357
    }
},
{
    "model": "pictures.imagencustomer",
    "pk": 358,
    "fields": {
        "customer_id": 240,
        "image_id": 358
    }
},
{
    "model": "pictures.imagencustomer",
    "pk": 359,
    "fields": {
        "customer_id": 241,
        "image_id": 359
    }
},
{
    "model": "pictures.imagencustomer",
    "pk": 360,
    "fields": {
        "customer_id": 241,
        "image_id": 360
    }
},
{
    "model": "pictures.imagencustomer",
    "pk": 361,
    "fields": {
        "customer_id": 242,
        "image_id": 361
    }
},
{
    "model": "pictures.imagencustomer",
    "pk": 362,
    "fields": {
        "customer_id": 242,
        "image_id": 362
    }
},
{
    "model": "pictures.imagencustomer",
    "pk": 363,
    "fields": {
        "customer_id": 243,
        "image_id": 363
    }
},
{
    "model": "pictures.imagencustomer",
    "pk": 364,
    "fields": {
        "customer_id": 243,
        "image_id": 364
    }
},
{
    "model": "pictures.imagencustomer",
    "pk": 365,
    "fields": {
        "customer_id": 244,
        "image_id": 365
    }
},
{
    "model": "pictures.imagencustomer",
    "pk": 366,
    "fields": {
        "customer_id": 244,
        "image_id": 366
    }
},
{
    "model": "pictures.imagencustomer",
    "pk": 367,
    "fields": {
        "customer_id": 245,
        "image_id": 367
    }
},
{
    "model": "pictures.imagencustomer",
    "pk": 368,
    "fields": {
        "customer_id": 245,
        "image_id": 368
    }
},
{
    "model": "pictures.imagencustomer",
    "pk": 369,
    "fields": {
        "customer_id": 246,
        "image_id": 369
    }
},
{
    "model": "pictures.imagencustomer",
    "pk": 370,
    "fields": {
        "customer_id": 246,
        "image_id": 370
    }
},
{
    "model": "pictures.imagencustomer",
    "pk": 371,
    "fields": {
        "customer_id": 247,
        "image_id": 371
    }
},
{
    "model": "pictures.imagencustomer",
    "pk": 372,
    "fields": {
        "customer_id": 247,
        "image_id": 372
    }
},
{
    "model": "pictures.imagencustomer",
    "pk": 373,
    "fields": {
        "customer_id": 248,
        "image_id": 373
    }
},
{
    "model": "pictures.imagencustomer",
    "pk": 374,
    "fields": {
        "customer_id": 248,
        "image_id": 374
    }
},
{
    "model": "pictures.imagencustomer",
    "pk": 375,
    "fields": {
        "customer_id": 249,
        "image_id": 375
    }
},
{
    "model": "pictures.imagencustomer",
    "pk": 376,
    "fields": {
        "customer_id": 249,
        "image_id": 376
    }
},
{
    "model": "pictures.imagencustomer",
    "pk": 377,
    "fields": {
        "customer_id": 250,
        "image_id": 377
    }
},
{
    "model": "pictures.imagencustomer",
    "pk": 378,
    "fields": {
        "customer_id": 250,
        "image_id": 378
    }
},
{
    "model": "pictures.imagencustomer",
    "pk": 379,
    "fields": {
        "customer_id": 251,
        "image_id": 379
    }
},
{
    "model": "pictures.imagencustomer",
    "pk": 380,
    "fields": {
        "customer_id": 251,
        "image_id": 380
    }
},
{
    "model": "pictures.imagencustomer",
    "pk": 381,
    "fields": {
        "customer_id": 252,
        "image_id": 381
    }
},
{
    "model": "pictures.imagencustomer",
    "pk": 382,
    "fields": {
        "customer_id": 252,
        "image_id": 382
    }
},
{
    "model": "pictures.imagencustomer",
    "pk": 414,
    "fields": {
        "customer_id": 286,
        "image_id": 414
    }
},
{
    "model": "pictures.imagencustomer",
    "pk": 415,
    "fields": {
        "customer_id": 288,
        "image_id": 415
    }
},
{
    "model": "pictures.imagencustomer",
    "pk": 416,
    "fields": {
        "customer_id": 288,
        "image_id": 416
    }
},
{
    "model": "pictures.imagencustomer",
    "pk": 417,
    "fields": {
        "customer_id": 253,
        "image_id": 417
    }
},
{
    "model": "pictures.imagencustomer",
    "pk": 418,
    "fields": {
        "customer_id": 253,
        "image_id": 418
    }
},
{
    "model": "pictures.imagencustomer",
    "pk": 419,
    "fields": {
        "customer_id": 289,
        "image_id": 419
    }
},
{
    "model": "pictures.imagencustomer",
    "pk": 420,
    "fields": {
        "customer_id": 289,
        "image_id": 420
    }
},
{
    "model": "pictures.imagencustomer",
    "pk": 421,
    "fields": {
        "customer_id": 290,
        "image_id": 421
    }
},
{
    "model": "pictures.imagencustomer",
    "pk": 422,
    "fields": {
        "customer_id": 290,
        "image_id": 422
    }
},
{
    "model": "pictures.imagencustomer",
    "pk": 423,
    "fields": {
        "customer_id": 291,
        "image_id": 423
    }
},
{
    "model": "pictures.imagencustomer",
    "pk": 424,
    "fields": {
        "customer_id": 291,
        "image_id": 424
    }
},
{
    "model": "pictures.imagencustomer",
    "pk": 425,
    "fields": {
        "customer_id": 292,
        "image_id": 425
    }
},
{
    "model": "pictures.imagencustomer",
    "pk": 426,
    "fields": {
        "customer_id": 292,
        "image_id": 426
    }
},
{
    "model": "pictures.imagencustomer",
    "pk": 427,
    "fields": {
        "customer_id": 293,
        "image_id": 427
    }
},
{
    "model": "pictures.imagencustomer",
    "pk": 428,
    "fields": {
        "customer_id": 293,
        "image_id": 428
    }
},
{
    "model": "pictures.imagencustomer",
    "pk": 429,
    "fields": {
        "customer_id": 46,
        "image_id": 429
    }
},
{
    "model": "pictures.imagencustomer",
    "pk": 430,
    "fields": {
        "customer_id": 197,
        "image_id": 430
    }
},
{
    "model": "pictures.imagencustomer",
    "pk": 431,
    "fields": {
        "customer_id": 197,
        "image_id": 431
    }
},
{
    "model": "pictures.imagencustomer",
    "pk": 432,
    "fields": {
        "customer_id": 295,
        "image_id": 432
    }
},
{
    "model": "pictures.imagencustomer",
    "pk": 433,
    "fields": {
        "customer_id": 295,
        "image_id": 433
    }
},
{
    "model": "pictures.imagencustomer",
    "pk": 434,
    "fields": {
        "customer_id": 296,
        "image_id": 434
    }
},
{
    "model": "pictures.imagencustomer",
    "pk": 435,
    "fields": {
        "customer_id": 296,
        "image_id": 435
    }
},
{
    "model": "pictures.imagencustomer",
    "pk": 436,
    "fields": {
        "customer_id": 297,
        "image_id": 436
    }
},
{
    "model": "pictures.imagencustomer",
    "pk": 437,
    "fields": {
        "customer_id": 297,
        "image_id": 437
    }
},
{
    "model": "pictures.imagencustomer",
    "pk": 438,
    "fields": {
        "customer_id": 298,
        "image_id": 438
    }
},
{
    "model": "pictures.imagencustomer",
    "pk": 439,
    "fields": {
        "customer_id": 298,
        "image_id": 439
    }
},
{
    "model": "pictures.imagencustomer",
    "pk": 440,
    "fields": {
        "customer_id": 299,
        "image_id": 440
    }
},
{
    "model": "pictures.imagencustomer",
    "pk": 441,
    "fields": {
        "customer_id": 301,
        "image_id": 441
    }
},
{
    "model": "pictures.imagencustomer",
    "pk": 442,
    "fields": {
        "customer_id": 301,
        "image_id": 442
    }
},
{
    "model": "pictures.imagencustomer",
    "pk": 443,
    "fields": {
        "customer_id": 300,
        "image_id": 443
    }
},
{
    "model": "pictures.imagencustomer",
    "pk": 444,
    "fields": {
        "customer_id": 302,
        "image_id": 444
    }
},
{
    "model": "pictures.imagencustomer",
    "pk": 445,
    "fields": {
        "customer_id": 302,
        "image_id": 445
    }
},
{
    "model": "pictures.imagencustomer",
    "pk": 446,
    "fields": {
        "customer_id": 300,
        "image_id": 446
    }
},
{
    "model": "pictures.imagencustomer",
    "pk": 447,
    "fields": {
        "customer_id": 308,
        "image_id": 447
    }
},
{
    "model": "pictures.imagencustomer",
    "pk": 448,
    "fields": {
        "customer_id": 308,
        "image_id": 448
    }
},
{
    "model": "pictures.imagencustomer",
    "pk": 449,
    "fields": {
        "customer_id": 309,
        "image_id": 449
    }
},
{
    "model": "pictures.imagencustomer",
    "pk": 450,
    "fields": {
        "customer_id": 309,
        "image_id": 450
    }
},
{
    "model": "pictures.imagencustomer",
    "pk": 451,
    "fields": {
        "customer_id": 314,
        "image_id": 451
    }
},
{
    "model": "pictures.imagencustomer",
    "pk": 452,
    "fields": {
        "customer_id": 314,
        "image_id": 452
    }
},
{
    "model": "pictures.imagencustomer",
    "pk": 453,
    "fields": {
        "customer_id": 315,
        "image_id": 453
    }
},
{
    "model": "pictures.imagencustomer",
    "pk": 454,
    "fields": {
        "customer_id": 315,
        "image_id": 454
    }
},
{
    "model": "pictures.imagencustomer",
    "pk": 455,
    "fields": {
        "customer_id": 316,
        "image_id": 455
    }
},
{
    "model": "pictures.imagencustomer",
    "pk": 456,
    "fields": {
        "customer_id": 316,
        "image_id": 456
    }
},
{
    "model": "pictures.imagencustomer",
    "pk": 457,
    "fields": {
        "customer_id": 318,
        "image_id": 457
    }
},
{
    "model": "pictures.imagencustomer",
    "pk": 458,
    "fields": {
        "customer_id": 318,
        "image_id": 458
    }
},
{
    "model": "pictures.imagencustomer",
    "pk": 459,
    "fields": {
        "customer_id": 319,
        "image_id": 459
    }
},
{
    "model": "pictures.imagencustomer",
    "pk": 460,
    "fields": {
        "customer_id": 319,
        "image_id": 460
    }
},
{
    "model": "pictures.imagencustomer",
    "pk": 461,
    "fields": {
        "customer_id": 317,
        "image_id": 461
    }
},
{
    "model": "pictures.imagencustomer",
    "pk": 462,
    "fields": {
        "customer_id": 317,
        "image_id": 462
    }
},
{
    "model": "pictures.imagencustomer",
    "pk": 463,
    "fields": {
        "customer_id": 322,
        "image_id": 463
    }
},
{
    "model": "pictures.imagencustomer",
    "pk": 464,
    "fields": {
        "customer_id": 322,
        "image_id": 464
    }
},
{
    "model": "pictures.imagencustomer",
    "pk": 465,
    "fields": {
        "customer_id": 323,
        "image_id": 465
    }
},
{
    "model": "pictures.imagencustomer",
    "pk": 466,
    "fields": {
        "customer_id": 323,
        "image_id": 466
    }
},
{
    "model": "pictures.imagencustomer",
    "pk": 467,
    "fields": {
        "customer_id": 324,
        "image_id": 467
    }
},
{
    "model": "pictures.imagencustomer",
    "pk": 468,
    "fields": {
        "customer_id": 324,
        "image_id": 468
    }
},
{
    "model": "pictures.imagencustomer",
    "pk": 469,
    "fields": {
        "customer_id": 320,
        "image_id": 469
    }
},
{
    "model": "pictures.imagencustomer",
    "pk": 470,
    "fields": {
        "customer_id": 320,
        "image_id": 470
    }
},
{
    "model": "pictures.imagencustomer",
    "pk": 471,
    "fields": {
        "customer_id": 321,
        "image_id": 471
    }
},
{
    "model": "pictures.imagencustomer",
    "pk": 472,
    "fields": {
        "customer_id": 321,
        "image_id": 472
    }
},
{
    "model": "pictures.imagencustomer",
    "pk": 473,
    "fields": {
        "customer_id": 326,
        "image_id": 473
    }
},
{
    "model": "pictures.imagencustomer",
    "pk": 474,
    "fields": {
        "customer_id": 326,
        "image_id": 474
    }
},
{
    "model": "pictures.imagencustomer",
    "pk": 475,
    "fields": {
        "customer_id": 327,
        "image_id": 475
    }
},
{
    "model": "pictures.imagencustomer",
    "pk": 476,
    "fields": {
        "customer_id": 327,
        "image_id": 476
    }
},
{
    "model": "pictures.imagencustomer",
    "pk": 477,
    "fields": {
        "customer_id": 328,
        "image_id": 477
    }
},
{
    "model": "pictures.imagencustomer",
    "pk": 478,
    "fields": {
        "customer_id": 328,
        "image_id": 478
    }
},
{
    "model": "pictures.imagencustomer",
    "pk": 479,
    "fields": {
        "customer_id": 329,
        "image_id": 479
    }
},
{
    "model": "pictures.imagencustomer",
    "pk": 480,
    "fields": {
        "customer_id": 329,
        "image_id": 480
    }
},
{
    "model": "pictures.imagencustomer",
    "pk": 481,
    "fields": {
        "customer_id": 330,
        "image_id": 481
    }
},
{
    "model": "pictures.imagencustomer",
    "pk": 482,
    "fields": {
        "customer_id": 331,
        "image_id": 482
    }
},
{
    "model": "pictures.imagencustomer",
    "pk": 483,
    "fields": {
        "customer_id": 331,
        "image_id": 483
    }
},
{
    "model": "pictures.imagencustomer",
    "pk": 484,
    "fields": {
        "customer_id": 332,
        "image_id": 484
    }
},
{
    "model": "pictures.imagencustomer",
    "pk": 485,
    "fields": {
        "customer_id": 332,
        "image_id": 485
    }
},
{
    "model": "pictures.imagencustomer",
    "pk": 486,
    "fields": {
        "customer_id": 325,
        "image_id": 486
    }
},
{
    "model": "pictures.imagencustomer",
    "pk": 487,
    "fields": {
        "customer_id": 325,
        "image_id": 487
    }
},
{
    "model": "pictures.imagencustomer",
    "pk": 488,
    "fields": {
        "customer_id": 333,
        "image_id": 488
    }
},
{
    "model": "pictures.imagencustomer",
    "pk": 489,
    "fields": {
        "customer_id": 333,
        "image_id": 489
    }
},
{
    "model": "pictures.imagencustomer",
    "pk": 490,
    "fields": {
        "customer_id": 334,
        "image_id": 490
    }
},
{
    "model": "pictures.imagencustomer",
    "pk": 491,
    "fields": {
        "customer_id": 334,
        "image_id": 491
    }
},
{
    "model": "pictures.imagencustomer",
    "pk": 492,
    "fields": {
        "customer_id": 336,
        "image_id": 492
    }
},
{
    "model": "pictures.imagencustomer",
    "pk": 493,
    "fields": {
        "customer_id": 336,
        "image_id": 493
    }
},
{
    "model": "pictures.imagencustomer",
    "pk": 494,
    "fields": {
        "customer_id": 50,
        "image_id": 494
    }
},
{
    "model": "pictures.imagencustomer",
    "pk": 495,
    "fields": {
        "customer_id": 337,
        "image_id": 495
    }
},
{
    "model": "pictures.imagencustomer",
    "pk": 496,
    "fields": {
        "customer_id": 340,
        "image_id": 496
    }
},
{
    "model": "pictures.imagencustomer",
    "pk": 497,
    "fields": {
        "customer_id": 340,
        "image_id": 497
    }
},
{
    "model": "pictures.imagencustomer",
    "pk": 498,
    "fields": {
        "customer_id": 342,
        "image_id": 498
    }
},
{
    "model": "pictures.imagencustomer",
    "pk": 499,
    "fields": {
        "customer_id": 342,
        "image_id": 499
    }
},
{
    "model": "pictures.imagencustomer",
    "pk": 500,
    "fields": {
        "customer_id": 341,
        "image_id": 500
    }
},
{
    "model": "pictures.imagencustomer",
    "pk": 502,
    "fields": {
        "customer_id": 346,
        "image_id": 502
    }
},
{
    "model": "pictures.imagencustomer",
    "pk": 503,
    "fields": {
        "customer_id": 347,
        "image_id": 503
    }
},
{
    "model": "pictures.imagencustomer",
    "pk": 504,
    "fields": {
        "customer_id": 347,
        "image_id": 504
    }
},
{
    "model": "pictures.imagencustomer",
    "pk": 505,
    "fields": {
        "customer_id": 347,
        "image_id": 505
    }
},
{
    "model": "pictures.imagencustomer",
    "pk": 506,
    "fields": {
        "customer_id": 348,
        "image_id": 506
    }
},
{
    "model": "pictures.imagencustomer",
    "pk": 507,
    "fields": {
        "customer_id": 348,
        "image_id": 507
    }
},
{
    "model": "pictures.imagencustomer",
    "pk": 508,
    "fields": {
        "customer_id": 348,
        "image_id": 508
    }
},
{
    "model": "pictures.imagencustomer",
    "pk": 509,
    "fields": {
        "customer_id": 349,
        "image_id": 509
    }
},
{
    "model": "pictures.imagencustomer",
    "pk": 510,
    "fields": {
        "customer_id": 349,
        "image_id": 510
    }
},
{
    "model": "pictures.imagencustomer",
    "pk": 511,
    "fields": {
        "customer_id": 350,
        "image_id": 511
    }
},
{
    "model": "pictures.imagencustomer",
    "pk": 512,
    "fields": {
        "customer_id": 350,
        "image_id": 512
    }
},
{
    "model": "pictures.imagencustomer",
    "pk": 544,
    "fields": {
        "customer_id": 383,
        "image_id": 544
    }
},
{
    "model": "pictures.imagencustomer",
    "pk": 545,
    "fields": {
        "customer_id": 383,
        "image_id": 545
    }
},
{
    "model": "pictures.imagencustomer",
    "pk": 546,
    "fields": {
        "customer_id": 384,
        "image_id": 546
    }
},
{
    "model": "pictures.imagencustomer",
    "pk": 547,
    "fields": {
        "customer_id": 384,
        "image_id": 547
    }
},
{
    "model": "pictures.imagencustomer",
    "pk": 548,
    "fields": {
        "customer_id": 384,
        "image_id": 548
    }
},
{
    "model": "pictures.imagencustomer",
    "pk": 549,
    "fields": {
        "customer_id": 385,
        "image_id": 549
    }
},
{
    "model": "pictures.imagencustomer",
    "pk": 550,
    "fields": {
        "customer_id": 385,
        "image_id": 550
    }
},
{
    "model": "pictures.imagencustomer",
    "pk": 551,
    "fields": {
        "customer_id": 385,
        "image_id": 551
    }
},
{
    "model": "pictures.imagencustomer",
    "pk": 552,
    "fields": {
        "customer_id": 386,
        "image_id": 552
    }
},
{
    "model": "pictures.imagencustomer",
    "pk": 553,
    "fields": {
        "customer_id": 386,
        "image_id": 553
    }
},
{
    "model": "pictures.imagencustomer",
    "pk": 554,
    "fields": {
        "customer_id": 387,
        "image_id": 554
    }
},
{
    "model": "pictures.imagencustomer",
    "pk": 555,
    "fields": {
        "customer_id": 387,
        "image_id": 555
    }
},
{
    "model": "pictures.imagencustomer",
    "pk": 556,
    "fields": {
        "customer_id": 388,
        "image_id": 556
    }
},
{
    "model": "pictures.imagencustomer",
    "pk": 557,
    "fields": {
        "customer_id": 388,
        "image_id": 557
    }
},
{
    "model": "pictures.imagencustomer",
    "pk": 558,
    "fields": {
        "customer_id": 389,
        "image_id": 558
    }
},
{
    "model": "pictures.imagencustomer",
    "pk": 559,
    "fields": {
        "customer_id": 390,
        "image_id": 559
    }
},
{
    "model": "pictures.imagencustomer",
    "pk": 560,
    "fields": {
        "customer_id": 390,
        "image_id": 560
    }
},
{
    "model": "pictures.imagencustomer",
    "pk": 561,
    "fields": {
        "customer_id": 391,
        "image_id": 561
    }
},
{
    "model": "pictures.imagencustomer",
    "pk": 562,
    "fields": {
        "customer_id": 391,
        "image_id": 562
    }
},
{
    "model": "pictures.imagencustomer",
    "pk": 563,
    "fields": {
        "customer_id": 392,
        "image_id": 563
    }
},
{
    "model": "pictures.imagencustomer",
    "pk": 564,
    "fields": {
        "customer_id": 392,
        "image_id": 564
    }
},
{
    "model": "pictures.imagencustomer",
    "pk": 565,
    "fields": {
        "customer_id": 392,
        "image_id": 565
    }
},
{
    "model": "pictures.imagencustomer",
    "pk": 566,
    "fields": {
        "customer_id": 393,
        "image_id": 566
    }
},
{
    "model": "pictures.imagencustomer",
    "pk": 567,
    "fields": {
        "customer_id": 393,
        "image_id": 567
    }
},
{
    "model": "pictures.imagencustomer",
    "pk": 568,
    "fields": {
        "customer_id": 394,
        "image_id": 568
    }
},
{
    "model": "pictures.imagencustomer",
    "pk": 569,
    "fields": {
        "customer_id": 395,
        "image_id": 569
    }
},
{
    "model": "pictures.imagencustomer",
    "pk": 570,
    "fields": {
        "customer_id": 396,
        "image_id": 570
    }
},
{
    "model": "pictures.imagencustomer",
    "pk": 571,
    "fields": {
        "customer_id": 396,
        "image_id": 571
    }
},
{
    "model": "pictures.imagencustomer",
    "pk": 572,
    "fields": {
        "customer_id": 397,
        "image_id": 572
    }
},
{
    "model": "pictures.imagencustomer",
    "pk": 573,
    "fields": {
        "customer_id": 398,
        "image_id": 573
    }
},
{
    "model": "pictures.imagencustomer",
    "pk": 574,
    "fields": {
        "customer_id": 399,
        "image_id": 574
    }
},
{
    "model": "pictures.imagencustomer",
    "pk": 575,
    "fields": {
        "customer_id": 399,
        "image_id": 575
    }
},
{
    "model": "pictures.imagencustomer",
    "pk": 576,
    "fields": {
        "customer_id": 398,
        "image_id": 576
    }
},
{
    "model": "pictures.imagencustomer",
    "pk": 577,
    "fields": {
        "customer_id": 401,
        "image_id": 577
    }
},
{
    "model": "pictures.imagencustomer",
    "pk": 578,
    "fields": {
        "customer_id": 401,
        "image_id": 578
    }
},
{
    "model": "pictures.imagencustomer",
    "pk": 579,
    "fields": {
        "customer_id": 402,
        "image_id": 579
    }
},
{
    "model": "pictures.imagencustomer",
    "pk": 580,
    "fields": {
        "customer_id": 402,
        "image_id": 580
    }
},
{
    "model": "pictures.imagencustomer",
    "pk": 581,
    "fields": {
        "customer_id": 404,
        "image_id": 581
    }
},
{
    "model": "pictures.imagencustomer",
    "pk": 582,
    "fields": {
        "customer_id": 404,
        "image_id": 582
    }
},
{
    "model": "pictures.imagencustomer",
    "pk": 583,
    "fields": {
        "customer_id": 404,
        "image_id": 583
    }
},
{
    "model": "pictures.imagencustomer",
    "pk": 584,
    "fields": {
        "customer_id": 203,
        "image_id": 584
    }
},
{
    "model": "pictures.imagencustomer",
    "pk": 585,
    "fields": {
        "customer_id": 203,
        "image_id": 585
    }
},
{
    "model": "pictures.imagencustomer",
    "pk": 586,
    "fields": {
        "customer_id": 405,
        "image_id": 586
    }
},
{
    "model": "pictures.imagencustomer",
    "pk": 587,
    "fields": {
        "customer_id": 405,
        "image_id": 587
    }
},
{
    "model": "pictures.imagencustomer",
    "pk": 588,
    "fields": {
        "customer_id": 405,
        "image_id": 588
    }
},
{
    "model": "pictures.imagencustomer",
    "pk": 589,
    "fields": {
        "customer_id": 406,
        "image_id": 589
    }
},
{
    "model": "pictures.imagencustomer",
    "pk": 590,
    "fields": {
        "customer_id": 403,
        "image_id": 590
    }
},
{
    "model": "pictures.imagencustomer",
    "pk": 591,
    "fields": {
        "customer_id": 403,
        "image_id": 591
    }
},
{
    "model": "pictures.imagencustomer",
    "pk": 592,
    "fields": {
        "customer_id": 403,
        "image_id": 592
    }
},
{
    "model": "pictures.imagencustomer",
    "pk": 593,
    "fields": {
        "customer_id": 407,
        "image_id": 593
    }
},
{
    "model": "pictures.imagencustomer",
    "pk": 594,
    "fields": {
        "customer_id": 408,
        "image_id": 594
    }
},
{
    "model": "pictures.imagencustomer",
    "pk": 595,
    "fields": {
        "customer_id": 408,
        "image_id": 595
    }
},
{
    "model": "pictures.imagencustomer",
    "pk": 596,
    "fields": {
        "customer_id": 411,
        "image_id": 596
    }
},
{
    "model": "pictures.imagencustomer",
    "pk": 597,
    "fields": {
        "customer_id": 409,
        "image_id": 597
    }
},
{
    "model": "pictures.imagencustomer",
    "pk": 598,
    "fields": {
        "customer_id": 409,
        "image_id": 598
    }
},
{
    "model": "pictures.imagencustomer",
    "pk": 599,
    "fields": {
        "customer_id": 409,
        "image_id": 599
    }
},
{
    "model": "pictures.imagencustomer",
    "pk": 600,
    "fields": {
        "customer_id": 409,
        "image_id": 600
    }
},
{
    "model": "pictures.imagencustomer",
    "pk": 601,
    "fields": {
        "customer_id": 412,
        "image_id": 601
    }
},
{
    "model": "pictures.imagencustomer",
    "pk": 602,
    "fields": {
        "customer_id": 412,
        "image_id": 602
    }
},
{
    "model": "pictures.imagencustomer",
    "pk": 603,
    "fields": {
        "customer_id": 412,
        "image_id": 603
    }
},
{
    "model": "pictures.imagencustomer",
    "pk": 604,
    "fields": {
        "customer_id": 413,
        "image_id": 604
    }
},
{
    "model": "pictures.imagencustomer",
    "pk": 605,
    "fields": {
        "customer_id": 413,
        "image_id": 605
    }
},
{
    "model": "pictures.imagencustomer",
    "pk": 606,
    "fields": {
        "customer_id": 347,
        "image_id": 606
    }
},
{
    "model": "pictures.imagencustomer",
    "pk": 609,
    "fields": {
        "customer_id": 415,
        "image_id": 609
    }
},
{
    "model": "pictures.imagencustomer",
    "pk": 610,
    "fields": {
        "customer_id": 415,
        "image_id": 610
    }
},
{
    "model": "pictures.imagencustomer",
    "pk": 611,
    "fields": {
        "customer_id": 416,
        "image_id": 611
    }
},
{
    "model": "pictures.imagencustomer",
    "pk": 612,
    "fields": {
        "customer_id": 416,
        "image_id": 612
    }
},
{
    "model": "pictures.imagencustomer",
    "pk": 613,
    "fields": {
        "customer_id": 417,
        "image_id": 613
    }
},
{
    "model": "pictures.imagencustomer",
    "pk": 614,
    "fields": {
        "customer_id": 417,
        "image_id": 614
    }
},
{
    "model": "pictures.imagencustomer",
    "pk": 615,
    "fields": {
        "customer_id": 418,
        "image_id": 615
    }
},
{
    "model": "pictures.imagencustomer",
    "pk": 616,
    "fields": {
        "customer_id": 418,
        "image_id": 616
    }
},
{
    "model": "pictures.imagencustomer",
    "pk": 617,
    "fields": {
        "customer_id": 419,
        "image_id": 617
    }
},
{
    "model": "pictures.imagencustomer",
    "pk": 618,
    "fields": {
        "customer_id": 419,
        "image_id": 618
    }
},
{
    "model": "pictures.imagencustomer",
    "pk": 619,
    "fields": {
        "customer_id": 437,
        "image_id": 619
    }
},
{
    "model": "pictures.imagencustomer",
    "pk": 628,
    "fields": {
        "customer_id": 438,
        "image_id": 628
    }
},
{
    "model": "pictures.imagencustomer",
    "pk": 629,
    "fields": {
        "customer_id": 428,
        "image_id": 629
    }
},
{
    "model": "pictures.imagencustomer",
    "pk": 630,
    "fields": {
        "customer_id": 426,
        "image_id": 630
    }
},
{
    "model": "pictures.imagencustomer",
    "pk": 631,
    "fields": {
        "customer_id": 426,
        "image_id": 631
    }
},
{
    "model": "pictures.imagencustomer",
    "pk": 632,
    "fields": {
        "customer_id": 429,
        "image_id": 632
    }
},
{
    "model": "pictures.imagencustomer",
    "pk": 633,
    "fields": {
        "customer_id": 424,
        "image_id": 633
    }
},
{
    "model": "pictures.imagencustomer",
    "pk": 634,
    "fields": {
        "customer_id": 424,
        "image_id": 634
    }
},
{
    "model": "pictures.imagencustomer",
    "pk": 635,
    "fields": {
        "customer_id": 433,
        "image_id": 635
    }
},
{
    "model": "pictures.imagencustomer",
    "pk": 636,
    "fields": {
        "customer_id": 435,
        "image_id": 636
    }
},
{
    "model": "pictures.imagencustomer",
    "pk": 637,
    "fields": {
        "customer_id": 435,
        "image_id": 637
    }
},
{
    "model": "pictures.imagencustomer",
    "pk": 638,
    "fields": {
        "customer_id": 430,
        "image_id": 638
    }
},
{
    "model": "pictures.imagencustomer",
    "pk": 639,
    "fields": {
        "customer_id": 434,
        "image_id": 639
    }
},
{
    "model": "pictures.imagencustomer",
    "pk": 640,
    "fields": {
        "customer_id": 434,
        "image_id": 640
    }
},
{
    "model": "pictures.imagencustomer",
    "pk": 641,
    "fields": {
        "customer_id": 420,
        "image_id": 641
    }
},
{
    "model": "pictures.imagencustomer",
    "pk": 642,
    "fields": {
        "customer_id": 420,
        "image_id": 642
    }
},
{
    "model": "pictures.imagencustomer",
    "pk": 643,
    "fields": {
        "customer_id": 436,
        "image_id": 643
    }
},
{
    "model": "pictures.imagencustomer",
    "pk": 644,
    "fields": {
        "customer_id": 431,
        "image_id": 644
    }
},
{
    "model": "pictures.imagencustomer",
    "pk": 645,
    "fields": {
        "customer_id": 421,
        "image_id": 645
    }
},
{
    "model": "pictures.imagencustomer",
    "pk": 646,
    "fields": {
        "customer_id": 422,
        "image_id": 646
    }
},
{
    "model": "pictures.imagencustomer",
    "pk": 647,
    "fields": {
        "customer_id": 422,
        "image_id": 647
    }
},
{
    "model": "pictures.imagencustomer",
    "pk": 648,
    "fields": {
        "customer_id": 425,
        "image_id": 648
    }
},
{
    "model": "pictures.imagencustomer",
    "pk": 649,
    "fields": {
        "customer_id": 427,
        "image_id": 649
    }
},
{
    "model": "pictures.imagencustomer",
    "pk": 650,
    "fields": {
        "customer_id": 439,
        "image_id": 650
    }
},
{
    "model": "pictures.imagencustomer",
    "pk": 651,
    "fields": {
        "customer_id": 436,
        "image_id": 651
    }
},
{
    "model": "pictures.imagencustomer",
    "pk": 652,
    "fields": {
        "customer_id": 439,
        "image_id": 652
    }
},
{
    "model": "pictures.imagencustomer",
    "pk": 653,
    "fields": {
        "customer_id": 440,
        "image_id": 653
    }
},
{
    "model": "pictures.imagencustomer",
    "pk": 654,
    "fields": {
        "customer_id": 440,
        "image_id": 654
    }
},
{
    "model": "pictures.imagencustomer",
    "pk": 655,
    "fields": {
        "customer_id": 441,
        "image_id": 655
    }
},
{
    "model": "pictures.imagencustomer",
    "pk": 656,
    "fields": {
        "customer_id": 441,
        "image_id": 656
    }
},
{
    "model": "pictures.imagencustomer",
    "pk": 657,
    "fields": {
        "customer_id": 431,
        "image_id": 657
    }
},
{
    "model": "pictures.imagencustomer",
    "pk": 658,
    "fields": {
        "customer_id": 428,
        "image_id": 658
    }
},
{
    "model": "pictures.imagencustomer",
    "pk": 659,
    "fields": {
        "customer_id": 389,
        "image_id": 659
    }
},
{
    "model": "pictures.imagencustomer",
    "pk": 660,
    "fields": {
        "customer_id": 425,
        "image_id": 660
    }
},
{
    "model": "pictures.imagencustomer",
    "pk": 661,
    "fields": {
        "customer_id": 423,
        "image_id": 661
    }
},
{
    "model": "pictures.imagencustomer",
    "pk": 662,
    "fields": {
        "customer_id": 423,
        "image_id": 662
    }
},
{
    "model": "pictures.imagencustomer",
    "pk": 663,
    "fields": {
        "customer_id": 442,
        "image_id": 663
    }
},
{
    "model": "pictures.imagencustomer",
    "pk": 664,
    "fields": {
        "customer_id": 442,
        "image_id": 664
    }
},
{
    "model": "pictures.imagencustomer",
    "pk": 665,
    "fields": {
        "customer_id": 220,
        "image_id": 665
    }
},
{
    "model": "pictures.imagencustomer",
    "pk": 666,
    "fields": {
        "customer_id": 220,
        "image_id": 666
    }
},
{
    "model": "pictures.imagencustomer",
    "pk": 667,
    "fields": {
        "customer_id": 432,
        "image_id": 667
    }
},
{
    "model": "pictures.imagencustomer",
    "pk": 668,
    "fields": {
        "customer_id": 443,
        "image_id": 668
    }
}
]
