[
{
    "model": "users.permisousuario",
    "pk": 93,
    "fields": {
        "user": 3,
        "permiso": 1
    }
},
{
    "model": "users.permisousuario",
    "pk": 94,
    "fields": {
        "user": 3,
        "permiso": 2
    }
},
{
    "model": "users.permisousuario",
    "pk": 95,
    "fields": {
        "user": 3,
        "permiso": 3
    }
},
{
    "model": "users.permisousuario",
    "pk": 96,
    "fields": {
        "user": 3,
        "permiso": 4
    }
},
{
    "model": "users.permisousuario",
    "pk": 97,
    "fields": {
        "user": 3,
        "permiso": 5
    }
},
{
    "model": "users.permisousuario",
    "pk": 98,
    "fields": {
        "user": 3,
        "permiso": 6
    }
},
{
    "model": "users.permisousuario",
    "pk": 99,
    "fields": {
        "user": 3,
        "permiso": 7
    }
},
{
    "model": "users.permisousuario",
    "pk": 100,
    "fields": {
        "user": 3,
        "permiso": 8
    }
},
{
    "model": "users.permisousuario",
    "pk": 101,
    "fields": {
        "user": 3,
        "permiso": 9
    }
},
{
    "model": "users.permisousuario",
    "pk": 103,
    "fields": {
        "user": 3,
        "permiso": 11
    }
},
{
    "model": "users.permisousuario",
    "pk": 104,
    "fields": {
        "user": 3,
        "permiso": 12
    }
},
{
    "model": "users.permisousuario",
    "pk": 105,
    "fields": {
        "user": 3,
        "permiso": 13
    }
},
{
    "model": "users.permisousuario",
    "pk": 106,
    "fields": {
        "user": 3,
        "permiso": 14
    }
},
{
    "model": "users.permisousuario",
    "pk": 107,
    "fields": {
        "user": 3,
        "permiso": 15
    }
},
{
    "model": "users.permisousuario",
    "pk": 108,
    "fields": {
        "user": 3,
        "permiso": 16
    }
},
{
    "model": "users.permisousuario",
    "pk": 109,
    "fields": {
        "user": 3,
        "permiso": 17
    }
},
{
    "model": "users.permisousuario",
    "pk": 110,
    "fields": {
        "user": 3,
        "permiso": 18
    }
},
{
    "model": "users.permisousuario",
    "pk": 111,
    "fields": {
        "user": 3,
        "permiso": 19
    }
},
{
    "model": "users.permisousuario",
    "pk": 112,
    "fields": {
        "user": 3,
        "permiso": 20
    }
},
{
    "model": "users.permisousuario",
    "pk": 113,
    "fields": {
        "user": 3,
        "permiso": 21
    }
},
{
    "model": "users.permisousuario",
    "pk": 114,
    "fields": {
        "user": 3,
        "permiso": 22
    }
},
{
    "model": "users.permisousuario",
    "pk": 115,
    "fields": {
        "user": 3,
        "permiso": 23
    }
},
{
    "model": "users.permisousuario",
    "pk": 116,
    "fields": {
        "user": 3,
        "permiso": 24
    }
},
{
    "model": "users.permisousuario",
    "pk": 117,
    "fields": {
        "user": 3,
        "permiso": 25
    }
},
{
    "model": "users.permisousuario",
    "pk": 118,
    "fields": {
        "user": 3,
        "permiso": 26
    }
},
{
    "model": "users.permisousuario",
    "pk": 119,
    "fields": {
        "user": 3,
        "permiso": 27
    }
},
{
    "model": "users.permisousuario",
    "pk": 120,
    "fields": {
        "user": 3,
        "permiso": 28
    }
},
{
    "model": "users.permisousuario",
    "pk": 121,
    "fields": {
        "user": 3,
        "permiso": 29
    }
},
{
    "model": "users.permisousuario",
    "pk": 122,
    "fields": {
        "user": 3,
        "permiso": 30
    }
},
{
    "model": "users.permisousuario",
    "pk": 123,
    "fields": {
        "user": 3,
        "permiso": 31
    }
},
{
    "model": "users.permisousuario",
    "pk": 124,
    "fields": {
        "user": 3,
        "permiso": 32
    }
},
{
    "model": "users.permisousuario",
    "pk": 125,
    "fields": {
        "user": 3,
        "permiso": 33
    }
},
{
    "model": "users.permisousuario",
    "pk": 126,
    "fields": {
        "user": 3,
        "permiso": 34
    }
},
{
    "model": "users.permisousuario",
    "pk": 127,
    "fields": {
        "user": 3,
        "permiso": 35
    }
},
{
    "model": "users.permisousuario",
    "pk": 128,
    "fields": {
        "user": 3,
        "permiso": 36
    }
},
{
    "model": "users.permisousuario",
    "pk": 129,
    "fields": {
        "user": 3,
        "permiso": 37
    }
},
{
    "model": "users.permisousuario",
    "pk": 130,
    "fields": {
        "user": 3,
        "permiso": 38
    }
},
{
    "model": "users.permisousuario",
    "pk": 131,
    "fields": {
        "user": 3,
        "permiso": 39
    }
},
{
    "model": "users.permisousuario",
    "pk": 132,
    "fields": {
        "user": 3,
        "permiso": 40
    }
},
{
    "model": "users.permisousuario",
    "pk": 133,
    "fields": {
        "user": 3,
        "permiso": 41
    }
},
{
    "model": "users.permisousuario",
    "pk": 134,
    "fields": {
        "user": 3,
        "permiso": 42
    }
},
{
    "model": "users.permisousuario",
    "pk": 135,
    "fields": {
        "user": 3,
        "permiso": 43
    }
},
{
    "model": "users.permisousuario",
    "pk": 136,
    "fields": {
        "user": 3,
        "permiso": 44
    }
},
{
    "model": "users.permisousuario",
    "pk": 137,
    "fields": {
        "user": 3,
        "permiso": 45
    }
},
{
    "model": "users.permisousuario",
    "pk": 138,
    "fields": {
        "user": 3,
        "permiso": 46
    }
},
{
    "model": "users.permisousuario",
    "pk": 139,
    "fields": {
        "user": 3,
        "permiso": 47
    }
},
{
    "model": "users.permisousuario",
    "pk": 140,
    "fields": {
        "user": 3,
        "permiso": 48
    }
},
{
    "model": "users.permisousuario",
    "pk": 141,
    "fields": {
        "user": 3,
        "permiso": 49
    }
},
{
    "model": "users.permisousuario",
    "pk": 142,
    "fields": {
        "user": 3,
        "permiso": 50
    }
},
{
    "model": "users.permisousuario",
    "pk": 143,
    "fields": {
        "user": 3,
        "permiso": 51
    }
},
{
    "model": "users.permisousuario",
    "pk": 144,
    "fields": {
        "user": 3,
        "permiso": 52
    }
},
{
    "model": "users.permisousuario",
    "pk": 145,
    "fields": {
        "user": 3,
        "permiso": 53
    }
},
{
    "model": "users.permisousuario",
    "pk": 146,
    "fields": {
        "user": 3,
        "permiso": 54
    }
},
{
    "model": "users.permisousuario",
    "pk": 147,
    "fields": {
        "user": 3,
        "permiso": 55
    }
},
{
    "model": "users.permisousuario",
    "pk": 148,
    "fields": {
        "user": 3,
        "permiso": 56
    }
},
{
    "model": "users.permisousuario",
    "pk": 149,
    "fields": {
        "user": 3,
        "permiso": 57
    }
},
{
    "model": "users.permisousuario",
    "pk": 150,
    "fields": {
        "user": 3,
        "permiso": 58
    }
},
{
    "model": "users.permisousuario",
    "pk": 151,
    "fields": {
        "user": 3,
        "permiso": 59
    }
},
{
    "model": "users.permisousuario",
    "pk": 152,
    "fields": {
        "user": 3,
        "permiso": 60
    }
},
{
    "model": "users.permisousuario",
    "pk": 153,
    "fields": {
        "user": 3,
        "permiso": 61
    }
},
{
    "model": "users.permisousuario",
    "pk": 154,
    "fields": {
        "user": 3,
        "permiso": 62
    }
},
{
    "model": "users.permisousuario",
    "pk": 155,
    "fields": {
        "user": 3,
        "permiso": 63
    }
},
{
    "model": "users.permisousuario",
    "pk": 156,
    "fields": {
        "user": 3,
        "permiso": 64
    }
},
{
    "model": "users.permisousuario",
    "pk": 157,
    "fields": {
        "user": 3,
        "permiso": 65
    }
},
{
    "model": "users.permisousuario",
    "pk": 158,
    "fields": {
        "user": 3,
        "permiso": 66
    }
},
{
    "model": "users.permisousuario",
    "pk": 159,
    "fields": {
        "user": 3,
        "permiso": 67
    }
},
{
    "model": "users.permisousuario",
    "pk": 160,
    "fields": {
        "user": 3,
        "permiso": 68
    }
},
{
    "model": "users.permisousuario",
    "pk": 161,
    "fields": {
        "user": 3,
        "permiso": 69
    }
},
{
    "model": "users.permisousuario",
    "pk": 162,
    "fields": {
        "user": 3,
        "permiso": 70
    }
},
{
    "model": "users.permisousuario",
    "pk": 163,
    "fields": {
        "user": 3,
        "permiso": 71
    }
},
{
    "model": "users.permisousuario",
    "pk": 164,
    "fields": {
        "user": 3,
        "permiso": 72
    }
},
{
    "model": "users.permisousuario",
    "pk": 165,
    "fields": {
        "user": 3,
        "permiso": 73
    }
},
{
    "model": "users.permisousuario",
    "pk": 166,
    "fields": {
        "user": 3,
        "permiso": 74
    }
},
{
    "model": "users.permisousuario",
    "pk": 167,
    "fields": {
        "user": 3,
        "permiso": 75
    }
},
{
    "model": "users.permisousuario",
    "pk": 168,
    "fields": {
        "user": 3,
        "permiso": 76
    }
},
{
    "model": "users.permisousuario",
    "pk": 169,
    "fields": {
        "user": 3,
        "permiso": 77
    }
},
{
    "model": "users.permisousuario",
    "pk": 170,
    "fields": {
        "user": 3,
        "permiso": 78
    }
},
{
    "model": "users.permisousuario",
    "pk": 171,
    "fields": {
        "user": 3,
        "permiso": 79
    }
},
{
    "model": "users.permisousuario",
    "pk": 172,
    "fields": {
        "user": 3,
        "permiso": 80
    }
},
{
    "model": "users.permisousuario",
    "pk": 173,
    "fields": {
        "user": 3,
        "permiso": 81
    }
},
{
    "model": "users.permisousuario",
    "pk": 174,
    "fields": {
        "user": 3,
        "permiso": 82
    }
},
{
    "model": "users.permisousuario",
    "pk": 175,
    "fields": {
        "user": 3,
        "permiso": 83
    }
},
{
    "model": "users.permisousuario",
    "pk": 176,
    "fields": {
        "user": 3,
        "permiso": 84
    }
},
{
    "model": "users.permisousuario",
    "pk": 177,
    "fields": {
        "user": 3,
        "permiso": 85
    }
},
{
    "model": "users.permisousuario",
    "pk": 178,
    "fields": {
        "user": 3,
        "permiso": 86
    }
},
{
    "model": "users.permisousuario",
    "pk": 179,
    "fields": {
        "user": 3,
        "permiso": 87
    }
},
{
    "model": "users.permisousuario",
    "pk": 180,
    "fields": {
        "user": 3,
        "permiso": 88
    }
},
{
    "model": "users.permisousuario",
    "pk": 181,
    "fields": {
        "user": 3,
        "permiso": 89
    }
},
{
    "model": "users.permisousuario",
    "pk": 182,
    "fields": {
        "user": 3,
        "permiso": 90
    }
},
{
    "model": "users.permisousuario",
    "pk": 183,
    "fields": {
        "user": 3,
        "permiso": 91
    }
},
{
    "model": "users.permisousuario",
    "pk": 184,
    "fields": {
        "user": 3,
        "permiso": 92
    }
},
{
    "model": "users.permisousuario",
    "pk": 447,
    "fields": {
        "user": 2,
        "permiso": 6
    }
},
{
    "model": "users.permisousuario",
    "pk": 448,
    "fields": {
        "user": 2,
        "permiso": 8
    }
},
{
    "model": "users.permisousuario",
    "pk": 449,
    "fields": {
        "user": 2,
        "permiso": 12
    }
},
{
    "model": "users.permisousuario",
    "pk": 450,
    "fields": {
        "user": 2,
        "permiso": 13
    }
},
{
    "model": "users.permisousuario",
    "pk": 451,
    "fields": {
        "user": 2,
        "permiso": 16
    }
},
{
    "model": "users.permisousuario",
    "pk": 452,
    "fields": {
        "user": 2,
        "permiso": 18
    }
},
{
    "model": "users.permisousuario",
    "pk": 453,
    "fields": {
        "user": 2,
        "permiso": 49
    }
},
{
    "model": "users.permisousuario",
    "pk": 454,
    "fields": {
        "user": 2,
        "permiso": 51
    }
},
{
    "model": "users.permisousuario",
    "pk": 455,
    "fields": {
        "user": 2,
        "permiso": 52
    }
},
{
    "model": "users.permisousuario",
    "pk": 456,
    "fields": {
        "user": 2,
        "permiso": 53
    }
},
{
    "model": "users.permisousuario",
    "pk": 457,
    "fields": {
        "user": 2,
        "permiso": 54
    }
},
{
    "model": "users.permisousuario",
    "pk": 458,
    "fields": {
        "user": 2,
        "permiso": 55
    }
},
{
    "model": "users.permisousuario",
    "pk": 459,
    "fields": {
        "user": 2,
        "permiso": 56
    }
},
{
    "model": "users.permisousuario",
    "pk": 460,
    "fields": {
        "user": 2,
        "permiso": 57
    }
},
{
    "model": "users.permisousuario",
    "pk": 461,
    "fields": {
        "user": 2,
        "permiso": 58
    }
},
{
    "model": "users.permisousuario",
    "pk": 462,
    "fields": {
        "user": 2,
        "permiso": 59
    }
},
{
    "model": "users.permisousuario",
    "pk": 463,
    "fields": {
        "user": 2,
        "permiso": 60
    }
},
{
    "model": "users.permisousuario",
    "pk": 464,
    "fields": {
        "user": 2,
        "permiso": 61
    }
},
{
    "model": "users.permisousuario",
    "pk": 465,
    "fields": {
        "user": 2,
        "permiso": 64
    }
},
{
    "model": "users.permisousuario",
    "pk": 466,
    "fields": {
        "user": 2,
        "permiso": 66
    }
},
{
    "model": "users.permisousuario",
    "pk": 467,
    "fields": {
        "user": 2,
        "permiso": 67
    }
},
{
    "model": "users.permisousuario",
    "pk": 468,
    "fields": {
        "user": 2,
        "permiso": 68
    }
},
{
    "model": "users.permisousuario",
    "pk": 469,
    "fields": {
        "user": 2,
        "permiso": 70
    }
},
{
    "model": "users.permisousuario",
    "pk": 470,
    "fields": {
        "user": 2,
        "permiso": 72
    }
},
{
    "model": "users.permisousuario",
    "pk": 471,
    "fields": {
        "user": 2,
        "permiso": 74
    }
},
{
    "model": "users.permisousuario",
    "pk": 472,
    "fields": {
        "user": 2,
        "permiso": 76
    }
},
{
    "model": "users.permisousuario",
    "pk": 473,
    "fields": {
        "user": 2,
        "permiso": 77
    }
},
{
    "model": "users.permisousuario",
    "pk": 474,
    "fields": {
        "user": 2,
        "permiso": 79
    }
},
{
    "model": "users.permisousuario",
    "pk": 475,
    "fields": {
        "user": 2,
        "permiso": 82
    }
},
{
    "model": "users.permisousuario",
    "pk": 476,
    "fields": {
        "user": 2,
        "permiso": 90
    }
},
{
    "model": "users.permisousuario",
    "pk": 477,
    "fields": {
        "user": 5,
        "permiso": 6
    }
},
{
    "model": "users.permisousuario",
    "pk": 478,
    "fields": {
        "user": 5,
        "permiso": 8
    }
},
{
    "model": "users.permisousuario",
    "pk": 479,
    "fields": {
        "user": 5,
        "permiso": 12
    }
},
{
    "model": "users.permisousuario",
    "pk": 480,
    "fields": {
        "user": 5,
        "permiso": 13
    }
},
{
    "model": "users.permisousuario",
    "pk": 481,
    "fields": {
        "user": 5,
        "permiso": 16
    }
},
{
    "model": "users.permisousuario",
    "pk": 482,
    "fields": {
        "user": 5,
        "permiso": 18
    }
},
{
    "model": "users.permisousuario",
    "pk": 483,
    "fields": {
        "user": 5,
        "permiso": 49
    }
},
{
    "model": "users.permisousuario",
    "pk": 484,
    "fields": {
        "user": 5,
        "permiso": 51
    }
},
{
    "model": "users.permisousuario",
    "pk": 485,
    "fields": {
        "user": 5,
        "permiso": 52
    }
},
{
    "model": "users.permisousuario",
    "pk": 486,
    "fields": {
        "user": 5,
        "permiso": 53
    }
},
{
    "model": "users.permisousuario",
    "pk": 487,
    "fields": {
        "user": 5,
        "permiso": 54
    }
},
{
    "model": "users.permisousuario",
    "pk": 488,
    "fields": {
        "user": 5,
        "permiso": 55
    }
},
{
    "model": "users.permisousuario",
    "pk": 489,
    "fields": {
        "user": 5,
        "permiso": 56
    }
},
{
    "model": "users.permisousuario",
    "pk": 490,
    "fields": {
        "user": 5,
        "permiso": 57
    }
},
{
    "model": "users.permisousuario",
    "pk": 491,
    "fields": {
        "user": 5,
        "permiso": 58
    }
},
{
    "model": "users.permisousuario",
    "pk": 492,
    "fields": {
        "user": 5,
        "permiso": 59
    }
},
{
    "model": "users.permisousuario",
    "pk": 493,
    "fields": {
        "user": 5,
        "permiso": 60
    }
},
{
    "model": "users.permisousuario",
    "pk": 494,
    "fields": {
        "user": 5,
        "permiso": 61
    }
},
{
    "model": "users.permisousuario",
    "pk": 495,
    "fields": {
        "user": 5,
        "permiso": 64
    }
},
{
    "model": "users.permisousuario",
    "pk": 496,
    "fields": {
        "user": 5,
        "permiso": 66
    }
},
{
    "model": "users.permisousuario",
    "pk": 497,
    "fields": {
        "user": 5,
        "permiso": 67
    }
},
{
    "model": "users.permisousuario",
    "pk": 498,
    "fields": {
        "user": 5,
        "permiso": 68
    }
},
{
    "model": "users.permisousuario",
    "pk": 499,
    "fields": {
        "user": 5,
        "permiso": 70
    }
},
{
    "model": "users.permisousuario",
    "pk": 500,
    "fields": {
        "user": 5,
        "permiso": 72
    }
},
{
    "model": "users.permisousuario",
    "pk": 501,
    "fields": {
        "user": 5,
        "permiso": 74
    }
},
{
    "model": "users.permisousuario",
    "pk": 502,
    "fields": {
        "user": 5,
        "permiso": 76
    }
},
{
    "model": "users.permisousuario",
    "pk": 503,
    "fields": {
        "user": 5,
        "permiso": 77
    }
},
{
    "model": "users.permisousuario",
    "pk": 504,
    "fields": {
        "user": 5,
        "permiso": 79
    }
},
{
    "model": "users.permisousuario",
    "pk": 505,
    "fields": {
        "user": 5,
        "permiso": 82
    }
},
{
    "model": "users.permisousuario",
    "pk": 506,
    "fields": {
        "user": 5,
        "permiso": 90
    }
},
{
    "model": "users.permisousuario",
    "pk": 507,
    "fields": {
        "user": 2,
        "permiso": 1
    }
},
{
    "model": "users.permisousuario",
    "pk": 508,
    "fields": {
        "user": 2,
        "permiso": 2
    }
},
{
    "model": "users.permisousuario",
    "pk": 509,
    "fields": {
        "user": 2,
        "permiso": 3
    }
},
{
    "model": "users.permisousuario",
    "pk": 510,
    "fields": {
        "user": 2,
        "permiso": 4
    }
},
{
    "model": "users.permisousuario",
    "pk": 511,
    "fields": {
        "user": 2,
        "permiso": 5
    }
},
{
    "model": "users.permisousuario",
    "pk": 512,
    "fields": {
        "user": 2,
        "permiso": 7
    }
},
{
    "model": "users.permisousuario",
    "pk": 513,
    "fields": {
        "user": 2,
        "permiso": 9
    }
},
{
    "model": "users.permisousuario",
    "pk": 514,
    "fields": {
        "user": 2,
        "permiso": 11
    }
},
{
    "model": "users.permisousuario",
    "pk": 515,
    "fields": {
        "user": 2,
        "permiso": 14
    }
},
{
    "model": "users.permisousuario",
    "pk": 516,
    "fields": {
        "user": 2,
        "permiso": 15
    }
},
{
    "model": "users.permisousuario",
    "pk": 517,
    "fields": {
        "user": 2,
        "permiso": 17
    }
},
{
    "model": "users.permisousuario",
    "pk": 518,
    "fields": {
        "user": 2,
        "permiso": 19
    }
},
{
    "model": "users.permisousuario",
    "pk": 519,
    "fields": {
        "user": 2,
        "permiso": 20
    }
},
{
    "model": "users.permisousuario",
    "pk": 520,
    "fields": {
        "user": 2,
        "permiso": 21
    }
},
{
    "model": "users.permisousuario",
    "pk": 521,
    "fields": {
        "user": 2,
        "permiso": 22
    }
},
{
    "model": "users.permisousuario",
    "pk": 522,
    "fields": {
        "user": 2,
        "permiso": 23
    }
},
{
    "model": "users.permisousuario",
    "pk": 523,
    "fields": {
        "user": 2,
        "permiso": 24
    }
},
{
    "model": "users.permisousuario",
    "pk": 524,
    "fields": {
        "user": 2,
        "permiso": 25
    }
},
{
    "model": "users.permisousuario",
    "pk": 525,
    "fields": {
        "user": 2,
        "permiso": 26
    }
},
{
    "model": "users.permisousuario",
    "pk": 526,
    "fields": {
        "user": 2,
        "permiso": 27
    }
},
{
    "model": "users.permisousuario",
    "pk": 527,
    "fields": {
        "user": 2,
        "permiso": 28
    }
},
{
    "model": "users.permisousuario",
    "pk": 528,
    "fields": {
        "user": 2,
        "permiso": 29
    }
},
{
    "model": "users.permisousuario",
    "pk": 529,
    "fields": {
        "user": 2,
        "permiso": 30
    }
},
{
    "model": "users.permisousuario",
    "pk": 530,
    "fields": {
        "user": 2,
        "permiso": 31
    }
},
{
    "model": "users.permisousuario",
    "pk": 531,
    "fields": {
        "user": 2,
        "permiso": 32
    }
},
{
    "model": "users.permisousuario",
    "pk": 532,
    "fields": {
        "user": 2,
        "permiso": 33
    }
},
{
    "model": "users.permisousuario",
    "pk": 533,
    "fields": {
        "user": 2,
        "permiso": 34
    }
},
{
    "model": "users.permisousuario",
    "pk": 534,
    "fields": {
        "user": 2,
        "permiso": 35
    }
},
{
    "model": "users.permisousuario",
    "pk": 535,
    "fields": {
        "user": 2,
        "permiso": 36
    }
},
{
    "model": "users.permisousuario",
    "pk": 536,
    "fields": {
        "user": 2,
        "permiso": 37
    }
},
{
    "model": "users.permisousuario",
    "pk": 537,
    "fields": {
        "user": 2,
        "permiso": 38
    }
},
{
    "model": "users.permisousuario",
    "pk": 538,
    "fields": {
        "user": 2,
        "permiso": 39
    }
},
{
    "model": "users.permisousuario",
    "pk": 539,
    "fields": {
        "user": 2,
        "permiso": 40
    }
},
{
    "model": "users.permisousuario",
    "pk": 540,
    "fields": {
        "user": 2,
        "permiso": 41
    }
},
{
    "model": "users.permisousuario",
    "pk": 541,
    "fields": {
        "user": 2,
        "permiso": 42
    }
},
{
    "model": "users.permisousuario",
    "pk": 542,
    "fields": {
        "user": 2,
        "permiso": 43
    }
},
{
    "model": "users.permisousuario",
    "pk": 543,
    "fields": {
        "user": 2,
        "permiso": 44
    }
},
{
    "model": "users.permisousuario",
    "pk": 544,
    "fields": {
        "user": 2,
        "permiso": 45
    }
},
{
    "model": "users.permisousuario",
    "pk": 545,
    "fields": {
        "user": 2,
        "permiso": 46
    }
},
{
    "model": "users.permisousuario",
    "pk": 546,
    "fields": {
        "user": 2,
        "permiso": 47
    }
},
{
    "model": "users.permisousuario",
    "pk": 547,
    "fields": {
        "user": 2,
        "permiso": 48
    }
},
{
    "model": "users.permisousuario",
    "pk": 548,
    "fields": {
        "user": 2,
        "permiso": 50
    }
},
{
    "model": "users.permisousuario",
    "pk": 549,
    "fields": {
        "user": 2,
        "permiso": 62
    }
},
{
    "model": "users.permisousuario",
    "pk": 550,
    "fields": {
        "user": 2,
        "permiso": 63
    }
},
{
    "model": "users.permisousuario",
    "pk": 551,
    "fields": {
        "user": 2,
        "permiso": 65
    }
},
{
    "model": "users.permisousuario",
    "pk": 552,
    "fields": {
        "user": 2,
        "permiso": 69
    }
},
{
    "model": "users.permisousuario",
    "pk": 553,
    "fields": {
        "user": 2,
        "permiso": 71
    }
},
{
    "model": "users.permisousuario",
    "pk": 554,
    "fields": {
        "user": 2,
        "permiso": 73
    }
},
{
    "model": "users.permisousuario",
    "pk": 555,
    "fields": {
        "user": 2,
        "permiso": 75
    }
},
{
    "model": "users.permisousuario",
    "pk": 556,
    "fields": {
        "user": 2,
        "permiso": 78
    }
},
{
    "model": "users.permisousuario",
    "pk": 557,
    "fields": {
        "user": 2,
        "permiso": 80
    }
},
{
    "model": "users.permisousuario",
    "pk": 558,
    "fields": {
        "user": 2,
        "permiso": 81
    }
},
{
    "model": "users.permisousuario",
    "pk": 559,
    "fields": {
        "user": 2,
        "permiso": 83
    }
},
{
    "model": "users.permisousuario",
    "pk": 560,
    "fields": {
        "user": 2,
        "permiso": 84
    }
},
{
    "model": "users.permisousuario",
    "pk": 561,
    "fields": {
        "user": 2,
        "permiso": 85
    }
},
{
    "model": "users.permisousuario",
    "pk": 562,
    "fields": {
        "user": 2,
        "permiso": 86
    }
},
{
    "model": "users.permisousuario",
    "pk": 563,
    "fields": {
        "user": 2,
        "permiso": 87
    }
},
{
    "model": "users.permisousuario",
    "pk": 564,
    "fields": {
        "user": 2,
        "permiso": 88
    }
},
{
    "model": "users.permisousuario",
    "pk": 565,
    "fields": {
        "user": 2,
        "permiso": 89
    }
},
{
    "model": "users.permisousuario",
    "pk": 566,
    "fields": {
        "user": 2,
        "permiso": 91
    }
},
{
    "model": "users.permisousuario",
    "pk": 567,
    "fields": {
        "user": 2,
        "permiso": 92
    }
},
{
    "model": "users.permisousuario",
    "pk": 608,
    "fields": {
        "user": 6,
        "permiso": 6
    }
},
{
    "model": "users.permisousuario",
    "pk": 609,
    "fields": {
        "user": 6,
        "permiso": 8
    }
},
{
    "model": "users.permisousuario",
    "pk": 610,
    "fields": {
        "user": 6,
        "permiso": 12
    }
},
{
    "model": "users.permisousuario",
    "pk": 611,
    "fields": {
        "user": 6,
        "permiso": 13
    }
},
{
    "model": "users.permisousuario",
    "pk": 612,
    "fields": {
        "user": 6,
        "permiso": 16
    }
},
{
    "model": "users.permisousuario",
    "pk": 613,
    "fields": {
        "user": 6,
        "permiso": 18
    }
},
{
    "model": "users.permisousuario",
    "pk": 614,
    "fields": {
        "user": 6,
        "permiso": 49
    }
},
{
    "model": "users.permisousuario",
    "pk": 615,
    "fields": {
        "user": 6,
        "permiso": 51
    }
},
{
    "model": "users.permisousuario",
    "pk": 616,
    "fields": {
        "user": 6,
        "permiso": 52
    }
},
{
    "model": "users.permisousuario",
    "pk": 617,
    "fields": {
        "user": 6,
        "permiso": 53
    }
},
{
    "model": "users.permisousuario",
    "pk": 618,
    "fields": {
        "user": 6,
        "permiso": 54
    }
},
{
    "model": "users.permisousuario",
    "pk": 619,
    "fields": {
        "user": 6,
        "permiso": 55
    }
},
{
    "model": "users.permisousuario",
    "pk": 620,
    "fields": {
        "user": 6,
        "permiso": 56
    }
},
{
    "model": "users.permisousuario",
    "pk": 621,
    "fields": {
        "user": 6,
        "permiso": 57
    }
},
{
    "model": "users.permisousuario",
    "pk": 622,
    "fields": {
        "user": 6,
        "permiso": 58
    }
},
{
    "model": "users.permisousuario",
    "pk": 623,
    "fields": {
        "user": 6,
        "permiso": 59
    }
},
{
    "model": "users.permisousuario",
    "pk": 624,
    "fields": {
        "user": 6,
        "permiso": 60
    }
},
{
    "model": "users.permisousuario",
    "pk": 625,
    "fields": {
        "user": 6,
        "permiso": 61
    }
},
{
    "model": "users.permisousuario",
    "pk": 626,
    "fields": {
        "user": 6,
        "permiso": 64
    }
},
{
    "model": "users.permisousuario",
    "pk": 627,
    "fields": {
        "user": 6,
        "permiso": 66
    }
},
{
    "model": "users.permisousuario",
    "pk": 628,
    "fields": {
        "user": 6,
        "permiso": 67
    }
},
{
    "model": "users.permisousuario",
    "pk": 629,
    "fields": {
        "user": 6,
        "permiso": 68
    }
},
{
    "model": "users.permisousuario",
    "pk": 630,
    "fields": {
        "user": 6,
        "permiso": 70
    }
},
{
    "model": "users.permisousuario",
    "pk": 631,
    "fields": {
        "user": 6,
        "permiso": 72
    }
},
{
    "model": "users.permisousuario",
    "pk": 632,
    "fields": {
        "user": 6,
        "permiso": 74
    }
},
{
    "model": "users.permisousuario",
    "pk": 633,
    "fields": {
        "user": 6,
        "permiso": 76
    }
},
{
    "model": "users.permisousuario",
    "pk": 634,
    "fields": {
        "user": 6,
        "permiso": 77
    }
},
{
    "model": "users.permisousuario",
    "pk": 635,
    "fields": {
        "user": 6,
        "permiso": 79
    }
},
{
    "model": "users.permisousuario",
    "pk": 636,
    "fields": {
        "user": 6,
        "permiso": 82
    }
},
{
    "model": "users.permisousuario",
    "pk": 637,
    "fields": {
        "user": 6,
        "permiso": 90
    }
},
{
    "model": "users.permisousuario",
    "pk": 638,
    "fields": {
        "user": 7,
        "permiso": 6
    }
},
{
    "model": "users.permisousuario",
    "pk": 639,
    "fields": {
        "user": 7,
        "permiso": 8
    }
},
{
    "model": "users.permisousuario",
    "pk": 640,
    "fields": {
        "user": 7,
        "permiso": 12
    }
},
{
    "model": "users.permisousuario",
    "pk": 641,
    "fields": {
        "user": 7,
        "permiso": 13
    }
},
{
    "model": "users.permisousuario",
    "pk": 642,
    "fields": {
        "user": 7,
        "permiso": 16
    }
},
{
    "model": "users.permisousuario",
    "pk": 643,
    "fields": {
        "user": 7,
        "permiso": 18
    }
},
{
    "model": "users.permisousuario",
    "pk": 644,
    "fields": {
        "user": 7,
        "permiso": 49
    }
},
{
    "model": "users.permisousuario",
    "pk": 645,
    "fields": {
        "user": 7,
        "permiso": 51
    }
},
{
    "model": "users.permisousuario",
    "pk": 646,
    "fields": {
        "user": 7,
        "permiso": 52
    }
},
{
    "model": "users.permisousuario",
    "pk": 647,
    "fields": {
        "user": 7,
        "permiso": 53
    }
},
{
    "model": "users.permisousuario",
    "pk": 648,
    "fields": {
        "user": 7,
        "permiso": 54
    }
},
{
    "model": "users.permisousuario",
    "pk": 649,
    "fields": {
        "user": 7,
        "permiso": 55
    }
},
{
    "model": "users.permisousuario",
    "pk": 650,
    "fields": {
        "user": 7,
        "permiso": 56
    }
},
{
    "model": "users.permisousuario",
    "pk": 651,
    "fields": {
        "user": 7,
        "permiso": 57
    }
},
{
    "model": "users.permisousuario",
    "pk": 652,
    "fields": {
        "user": 7,
        "permiso": 58
    }
},
{
    "model": "users.permisousuario",
    "pk": 653,
    "fields": {
        "user": 7,
        "permiso": 59
    }
},
{
    "model": "users.permisousuario",
    "pk": 654,
    "fields": {
        "user": 7,
        "permiso": 60
    }
},
{
    "model": "users.permisousuario",
    "pk": 655,
    "fields": {
        "user": 7,
        "permiso": 61
    }
},
{
    "model": "users.permisousuario",
    "pk": 656,
    "fields": {
        "user": 7,
        "permiso": 64
    }
},
{
    "model": "users.permisousuario",
    "pk": 657,
    "fields": {
        "user": 7,
        "permiso": 66
    }
},
{
    "model": "users.permisousuario",
    "pk": 658,
    "fields": {
        "user": 7,
        "permiso": 67
    }
},
{
    "model": "users.permisousuario",
    "pk": 659,
    "fields": {
        "user": 7,
        "permiso": 68
    }
},
{
    "model": "users.permisousuario",
    "pk": 660,
    "fields": {
        "user": 7,
        "permiso": 70
    }
},
{
    "model": "users.permisousuario",
    "pk": 661,
    "fields": {
        "user": 7,
        "permiso": 72
    }
},
{
    "model": "users.permisousuario",
    "pk": 662,
    "fields": {
        "user": 7,
        "permiso": 74
    }
},
{
    "model": "users.permisousuario",
    "pk": 663,
    "fields": {
        "user": 7,
        "permiso": 76
    }
},
{
    "model": "users.permisousuario",
    "pk": 664,
    "fields": {
        "user": 7,
        "permiso": 77
    }
},
{
    "model": "users.permisousuario",
    "pk": 665,
    "fields": {
        "user": 7,
        "permiso": 79
    }
},
{
    "model": "users.permisousuario",
    "pk": 666,
    "fields": {
        "user": 7,
        "permiso": 82
    }
},
{
    "model": "users.permisousuario",
    "pk": 667,
    "fields": {
        "user": 7,
        "permiso": 90
    }
},
{
    "model": "users.permisousuario",
    "pk": 668,
    "fields": {
        "user": 8,
        "permiso": 1
    }
},
{
    "model": "users.permisousuario",
    "pk": 669,
    "fields": {
        "user": 8,
        "permiso": 2
    }
},
{
    "model": "users.permisousuario",
    "pk": 670,
    "fields": {
        "user": 8,
        "permiso": 3
    }
},
{
    "model": "users.permisousuario",
    "pk": 671,
    "fields": {
        "user": 8,
        "permiso": 4
    }
},
{
    "model": "users.permisousuario",
    "pk": 672,
    "fields": {
        "user": 8,
        "permiso": 5
    }
},
{
    "model": "users.permisousuario",
    "pk": 673,
    "fields": {
        "user": 8,
        "permiso": 6
    }
},
{
    "model": "users.permisousuario",
    "pk": 674,
    "fields": {
        "user": 8,
        "permiso": 7
    }
},
{
    "model": "users.permisousuario",
    "pk": 675,
    "fields": {
        "user": 8,
        "permiso": 8
    }
},
{
    "model": "users.permisousuario",
    "pk": 676,
    "fields": {
        "user": 8,
        "permiso": 9
    }
},
{
    "model": "users.permisousuario",
    "pk": 677,
    "fields": {
        "user": 8,
        "permiso": 11
    }
},
{
    "model": "users.permisousuario",
    "pk": 678,
    "fields": {
        "user": 8,
        "permiso": 12
    }
},
{
    "model": "users.permisousuario",
    "pk": 679,
    "fields": {
        "user": 8,
        "permiso": 13
    }
},
{
    "model": "users.permisousuario",
    "pk": 680,
    "fields": {
        "user": 8,
        "permiso": 14
    }
},
{
    "model": "users.permisousuario",
    "pk": 681,
    "fields": {
        "user": 8,
        "permiso": 15
    }
},
{
    "model": "users.permisousuario",
    "pk": 682,
    "fields": {
        "user": 8,
        "permiso": 16
    }
},
{
    "model": "users.permisousuario",
    "pk": 683,
    "fields": {
        "user": 8,
        "permiso": 17
    }
},
{
    "model": "users.permisousuario",
    "pk": 684,
    "fields": {
        "user": 8,
        "permiso": 18
    }
},
{
    "model": "users.permisousuario",
    "pk": 685,
    "fields": {
        "user": 8,
        "permiso": 19
    }
},
{
    "model": "users.permisousuario",
    "pk": 686,
    "fields": {
        "user": 8,
        "permiso": 20
    }
},
{
    "model": "users.permisousuario",
    "pk": 687,
    "fields": {
        "user": 8,
        "permiso": 21
    }
},
{
    "model": "users.permisousuario",
    "pk": 688,
    "fields": {
        "user": 8,
        "permiso": 22
    }
},
{
    "model": "users.permisousuario",
    "pk": 689,
    "fields": {
        "user": 8,
        "permiso": 23
    }
},
{
    "model": "users.permisousuario",
    "pk": 690,
    "fields": {
        "user": 8,
        "permiso": 24
    }
},
{
    "model": "users.permisousuario",
    "pk": 691,
    "fields": {
        "user": 8,
        "permiso": 25
    }
},
{
    "model": "users.permisousuario",
    "pk": 692,
    "fields": {
        "user": 8,
        "permiso": 26
    }
},
{
    "model": "users.permisousuario",
    "pk": 693,
    "fields": {
        "user": 8,
        "permiso": 27
    }
},
{
    "model": "users.permisousuario",
    "pk": 694,
    "fields": {
        "user": 8,
        "permiso": 28
    }
},
{
    "model": "users.permisousuario",
    "pk": 695,
    "fields": {
        "user": 8,
        "permiso": 29
    }
},
{
    "model": "users.permisousuario",
    "pk": 696,
    "fields": {
        "user": 8,
        "permiso": 30
    }
},
{
    "model": "users.permisousuario",
    "pk": 697,
    "fields": {
        "user": 8,
        "permiso": 31
    }
},
{
    "model": "users.permisousuario",
    "pk": 698,
    "fields": {
        "user": 8,
        "permiso": 32
    }
},
{
    "model": "users.permisousuario",
    "pk": 699,
    "fields": {
        "user": 8,
        "permiso": 33
    }
},
{
    "model": "users.permisousuario",
    "pk": 700,
    "fields": {
        "user": 8,
        "permiso": 34
    }
},
{
    "model": "users.permisousuario",
    "pk": 701,
    "fields": {
        "user": 8,
        "permiso": 35
    }
},
{
    "model": "users.permisousuario",
    "pk": 702,
    "fields": {
        "user": 8,
        "permiso": 36
    }
},
{
    "model": "users.permisousuario",
    "pk": 703,
    "fields": {
        "user": 8,
        "permiso": 37
    }
},
{
    "model": "users.permisousuario",
    "pk": 704,
    "fields": {
        "user": 8,
        "permiso": 38
    }
},
{
    "model": "users.permisousuario",
    "pk": 705,
    "fields": {
        "user": 8,
        "permiso": 39
    }
},
{
    "model": "users.permisousuario",
    "pk": 706,
    "fields": {
        "user": 8,
        "permiso": 40
    }
},
{
    "model": "users.permisousuario",
    "pk": 707,
    "fields": {
        "user": 8,
        "permiso": 41
    }
},
{
    "model": "users.permisousuario",
    "pk": 708,
    "fields": {
        "user": 8,
        "permiso": 42
    }
},
{
    "model": "users.permisousuario",
    "pk": 709,
    "fields": {
        "user": 8,
        "permiso": 43
    }
},
{
    "model": "users.permisousuario",
    "pk": 710,
    "fields": {
        "user": 8,
        "permiso": 44
    }
},
{
    "model": "users.permisousuario",
    "pk": 711,
    "fields": {
        "user": 8,
        "permiso": 45
    }
},
{
    "model": "users.permisousuario",
    "pk": 712,
    "fields": {
        "user": 8,
        "permiso": 46
    }
},
{
    "model": "users.permisousuario",
    "pk": 713,
    "fields": {
        "user": 8,
        "permiso": 47
    }
},
{
    "model": "users.permisousuario",
    "pk": 714,
    "fields": {
        "user": 8,
        "permiso": 48
    }
},
{
    "model": "users.permisousuario",
    "pk": 715,
    "fields": {
        "user": 8,
        "permiso": 49
    }
},
{
    "model": "users.permisousuario",
    "pk": 716,
    "fields": {
        "user": 8,
        "permiso": 50
    }
},
{
    "model": "users.permisousuario",
    "pk": 717,
    "fields": {
        "user": 8,
        "permiso": 51
    }
},
{
    "model": "users.permisousuario",
    "pk": 718,
    "fields": {
        "user": 8,
        "permiso": 52
    }
},
{
    "model": "users.permisousuario",
    "pk": 719,
    "fields": {
        "user": 8,
        "permiso": 53
    }
},
{
    "model": "users.permisousuario",
    "pk": 720,
    "fields": {
        "user": 8,
        "permiso": 54
    }
},
{
    "model": "users.permisousuario",
    "pk": 721,
    "fields": {
        "user": 8,
        "permiso": 55
    }
},
{
    "model": "users.permisousuario",
    "pk": 722,
    "fields": {
        "user": 8,
        "permiso": 56
    }
},
{
    "model": "users.permisousuario",
    "pk": 723,
    "fields": {
        "user": 8,
        "permiso": 57
    }
},
{
    "model": "users.permisousuario",
    "pk": 724,
    "fields": {
        "user": 8,
        "permiso": 58
    }
},
{
    "model": "users.permisousuario",
    "pk": 725,
    "fields": {
        "user": 8,
        "permiso": 59
    }
},
{
    "model": "users.permisousuario",
    "pk": 726,
    "fields": {
        "user": 8,
        "permiso": 60
    }
},
{
    "model": "users.permisousuario",
    "pk": 727,
    "fields": {
        "user": 8,
        "permiso": 61
    }
},
{
    "model": "users.permisousuario",
    "pk": 728,
    "fields": {
        "user": 8,
        "permiso": 62
    }
},
{
    "model": "users.permisousuario",
    "pk": 729,
    "fields": {
        "user": 8,
        "permiso": 63
    }
},
{
    "model": "users.permisousuario",
    "pk": 730,
    "fields": {
        "user": 8,
        "permiso": 64
    }
},
{
    "model": "users.permisousuario",
    "pk": 731,
    "fields": {
        "user": 8,
        "permiso": 65
    }
},
{
    "model": "users.permisousuario",
    "pk": 732,
    "fields": {
        "user": 8,
        "permiso": 66
    }
},
{
    "model": "users.permisousuario",
    "pk": 733,
    "fields": {
        "user": 8,
        "permiso": 67
    }
},
{
    "model": "users.permisousuario",
    "pk": 734,
    "fields": {
        "user": 8,
        "permiso": 68
    }
},
{
    "model": "users.permisousuario",
    "pk": 735,
    "fields": {
        "user": 8,
        "permiso": 69
    }
},
{
    "model": "users.permisousuario",
    "pk": 736,
    "fields": {
        "user": 8,
        "permiso": 70
    }
},
{
    "model": "users.permisousuario",
    "pk": 737,
    "fields": {
        "user": 8,
        "permiso": 71
    }
},
{
    "model": "users.permisousuario",
    "pk": 738,
    "fields": {
        "user": 8,
        "permiso": 72
    }
},
{
    "model": "users.permisousuario",
    "pk": 739,
    "fields": {
        "user": 8,
        "permiso": 73
    }
},
{
    "model": "users.permisousuario",
    "pk": 740,
    "fields": {
        "user": 8,
        "permiso": 74
    }
},
{
    "model": "users.permisousuario",
    "pk": 741,
    "fields": {
        "user": 8,
        "permiso": 75
    }
},
{
    "model": "users.permisousuario",
    "pk": 742,
    "fields": {
        "user": 8,
        "permiso": 76
    }
},
{
    "model": "users.permisousuario",
    "pk": 743,
    "fields": {
        "user": 8,
        "permiso": 77
    }
},
{
    "model": "users.permisousuario",
    "pk": 744,
    "fields": {
        "user": 8,
        "permiso": 78
    }
},
{
    "model": "users.permisousuario",
    "pk": 745,
    "fields": {
        "user": 8,
        "permiso": 79
    }
},
{
    "model": "users.permisousuario",
    "pk": 746,
    "fields": {
        "user": 8,
        "permiso": 80
    }
},
{
    "model": "users.permisousuario",
    "pk": 747,
    "fields": {
        "user": 8,
        "permiso": 81
    }
},
{
    "model": "users.permisousuario",
    "pk": 748,
    "fields": {
        "user": 8,
        "permiso": 82
    }
},
{
    "model": "users.permisousuario",
    "pk": 749,
    "fields": {
        "user": 8,
        "permiso": 83
    }
},
{
    "model": "users.permisousuario",
    "pk": 750,
    "fields": {
        "user": 8,
        "permiso": 84
    }
},
{
    "model": "users.permisousuario",
    "pk": 751,
    "fields": {
        "user": 8,
        "permiso": 85
    }
},
{
    "model": "users.permisousuario",
    "pk": 752,
    "fields": {
        "user": 8,
        "permiso": 86
    }
},
{
    "model": "users.permisousuario",
    "pk": 753,
    "fields": {
        "user": 8,
        "permiso": 87
    }
},
{
    "model": "users.permisousuario",
    "pk": 754,
    "fields": {
        "user": 8,
        "permiso": 88
    }
},
{
    "model": "users.permisousuario",
    "pk": 755,
    "fields": {
        "user": 8,
        "permiso": 89
    }
},
{
    "model": "users.permisousuario",
    "pk": 756,
    "fields": {
        "user": 8,
        "permiso": 90
    }
},
{
    "model": "users.permisousuario",
    "pk": 757,
    "fields": {
        "user": 8,
        "permiso": 91
    }
},
{
    "model": "users.permisousuario",
    "pk": 758,
    "fields": {
        "user": 8,
        "permiso": 92
    }
},
{
    "model": "users.permisousuario",
    "pk": 759,
    "fields": {
        "user": 2,
        "permiso": 93
    }
},
{
    "model": "users.permisousuario",
    "pk": 760,
    "fields": {
        "user": 8,
        "permiso": 93
    }
},
{
    "model": "users.permisousuario",
    "pk": 763,
    "fields": {
        "user": 3,
        "permiso": 93
    }
},
{
    "model": "users.permisousuario",
    "pk": 765,
    "fields": {
        "user": 8,
        "permiso": 94
    }
},
{
    "model": "users.permisousuario",
    "pk": 766,
    "fields": {
        "user": 2,
        "permiso": 94
    }
},
{
    "model": "users.permisousuario",
    "pk": 767,
    "fields": {
        "user": 3,
        "permiso": 94
    }
},
{
    "model": "users.permisousuario",
    "pk": 769,
    "fields": {
        "user": 8,
        "permiso": 95
    }
},
{
    "model": "users.permisousuario",
    "pk": 770,
    "fields": {
        "user": 2,
        "permiso": 95
    }
},
{
    "model": "users.permisousuario",
    "pk": 771,
    "fields": {
        "user": 3,
        "permiso": 95
    }
},
{
    "model": "users.permisousuario",
    "pk": 772,
    "fields": {
        "user": 2,
        "permiso": 96
    }
},
{
    "model": "users.permisousuario",
    "pk": 775,
    "fields": {
        "user": 8,
        "permiso": 97
    }
},
{
    "model": "users.permisousuario",
    "pk": 776,
    "fields": {
        "user": 2,
        "permiso": 97
    }
},
{
    "model": "users.permisousuario",
    "pk": 778,
    "fields": {
        "user": 3,
        "permiso": 97
    }
},
{
    "model": "users.permisousuario",
    "pk": 779,
    "fields": {
        "user": 3,
        "permiso": 96
    }
},
{
    "model": "users.permisousuario",
    "pk": 780,
    "fields": {
        "user": 3,
        "permiso": 98
    }
},
{
    "model": "users.permisousuario",
    "pk": 781,
    "fields": {
        "user": 2,
        "permiso": 98
    }
},
{
    "model": "users.permisousuario",
    "pk": 784,
    "fields": {
        "user": 8,
        "permiso": 98
    }
},
{
    "model": "users.permisousuario",
    "pk": 786,
    "fields": {
        "user": 7,
        "permiso": 98
    }
},
{
    "model": "users.permisousuario",
    "pk": 788,
    "fields": {
        "user": 6,
        "permiso": 98
    }
},
{
    "model": "users.permisousuario",
    "pk": 789,
    "fields": {
        "user": 5,
        "permiso": 98
    }
},
{
    "model": "users.permisousuario",
    "pk": 790,
    "fields": {
        "user": 3,
        "permiso": 99
    }
},
{
    "model": "users.permisousuario",
    "pk": 791,
    "fields": {
        "user": 8,
        "permiso": 99
    }
},
{
    "model": "users.permisousuario",
    "pk": 792,
    "fields": {
        "user": 2,
        "permiso": 99
    }
},
{
    "model": "users.permisousuario",
    "pk": 793,
    "fields": {
        "user": 7,
        "permiso": 99
    }
},
{
    "model": "users.permisousuario",
    "pk": 795,
    "fields": {
        "user": 6,
        "permiso": 99
    }
},
{
    "model": "users.permisousuario",
    "pk": 796,
    "fields": {
        "user": 5,
        "permiso": 99
    }
},
{
    "model": "users.permisousuario",
    "pk": 797,
    "fields": {
        "user": 8,
        "permiso": 96
    }
},
{
    "model": "users.permisousuario",
    "pk": 1121,
    "fields": {
        "user": 1,
        "permiso": 1
    }
},
{
    "model": "users.permisousuario",
    "pk": 1122,
    "fields": {
        "user": 1,
        "permiso": 2
    }
},
{
    "model": "users.permisousuario",
    "pk": 1123,
    "fields": {
        "user": 1,
        "permiso": 3
    }
},
{
    "model": "users.permisousuario",
    "pk": 1124,
    "fields": {
        "user": 1,
        "permiso": 4
    }
},
{
    "model": "users.permisousuario",
    "pk": 1125,
    "fields": {
        "user": 1,
        "permiso": 5
    }
},
{
    "model": "users.permisousuario",
    "pk": 1126,
    "fields": {
        "user": 1,
        "permiso": 6
    }
},
{
    "model": "users.permisousuario",
    "pk": 1127,
    "fields": {
        "user": 1,
        "permiso": 7
    }
},
{
    "model": "users.permisousuario",
    "pk": 1128,
    "fields": {
        "user": 1,
        "permiso": 84
    }
},
{
    "model": "users.permisousuario",
    "pk": 1129,
    "fields": {
        "user": 1,
        "permiso": 85
    }
},
{
    "model": "users.permisousuario",
    "pk": 1130,
    "fields": {
        "user": 1,
        "permiso": 8
    }
},
{
    "model": "users.permisousuario",
    "pk": 1131,
    "fields": {
        "user": 1,
        "permiso": 9
    }
},
{
    "model": "users.permisousuario",
    "pk": 1132,
    "fields": {
        "user": 1,
        "permiso": 11
    }
},
{
    "model": "users.permisousuario",
    "pk": 1133,
    "fields": {
        "user": 1,
        "permiso": 12
    }
},
{
    "model": "users.permisousuario",
    "pk": 1134,
    "fields": {
        "user": 1,
        "permiso": 13
    }
},
{
    "model": "users.permisousuario",
    "pk": 1135,
    "fields": {
        "user": 1,
        "permiso": 14
    }
},
{
    "model": "users.permisousuario",
    "pk": 1136,
    "fields": {
        "user": 1,
        "permiso": 15
    }
},
{
    "model": "users.permisousuario",
    "pk": 1137,
    "fields": {
        "user": 1,
        "permiso": 90
    }
},
{
    "model": "users.permisousuario",
    "pk": 1138,
    "fields": {
        "user": 1,
        "permiso": 16
    }
},
{
    "model": "users.permisousuario",
    "pk": 1139,
    "fields": {
        "user": 1,
        "permiso": 17
    }
},
{
    "model": "users.permisousuario",
    "pk": 1140,
    "fields": {
        "user": 1,
        "permiso": 18
    }
},
{
    "model": "users.permisousuario",
    "pk": 1141,
    "fields": {
        "user": 1,
        "permiso": 80
    }
},
{
    "model": "users.permisousuario",
    "pk": 1142,
    "fields": {
        "user": 1,
        "permiso": 81
    }
},
{
    "model": "users.permisousuario",
    "pk": 1143,
    "fields": {
        "user": 1,
        "permiso": 82
    }
},
{
    "model": "users.permisousuario",
    "pk": 1144,
    "fields": {
        "user": 1,
        "permiso": 83
    }
},
{
    "model": "users.permisousuario",
    "pk": 1145,
    "fields": {
        "user": 1,
        "permiso": 77
    }
},
{
    "model": "users.permisousuario",
    "pk": 1146,
    "fields": {
        "user": 1,
        "permiso": 78
    }
},
{
    "model": "users.permisousuario",
    "pk": 1147,
    "fields": {
        "user": 1,
        "permiso": 79
    }
},
{
    "model": "users.permisousuario",
    "pk": 1148,
    "fields": {
        "user": 1,
        "permiso": 74
    }
},
{
    "model": "users.permisousuario",
    "pk": 1149,
    "fields": {
        "user": 1,
        "permiso": 75
    }
},
{
    "model": "users.permisousuario",
    "pk": 1150,
    "fields": {
        "user": 1,
        "permiso": 76
    }
},
{
    "model": "users.permisousuario",
    "pk": 1151,
    "fields": {
        "user": 1,
        "permiso": 70
    }
},
{
    "model": "users.permisousuario",
    "pk": 1152,
    "fields": {
        "user": 1,
        "permiso": 71
    }
},
{
    "model": "users.permisousuario",
    "pk": 1153,
    "fields": {
        "user": 1,
        "permiso": 72
    }
},
{
    "model": "users.permisousuario",
    "pk": 1154,
    "fields": {
        "user": 1,
        "permiso": 73
    }
},
{
    "model": "users.permisousuario",
    "pk": 1155,
    "fields": {
        "user": 1,
        "permiso": 67
    }
},
{
    "model": "users.permisousuario",
    "pk": 1156,
    "fields": {
        "user": 1,
        "permiso": 68
    }
},
{
    "model": "users.permisousuario",
    "pk": 1157,
    "fields": {
        "user": 1,
        "permiso": 69
    }
},
{
    "model": "users.permisousuario",
    "pk": 1158,
    "fields": {
        "user": 1,
        "permiso": 62
    }
},
{
    "model": "users.permisousuario",
    "pk": 1159,
    "fields": {
        "user": 1,
        "permiso": 63
    }
},
{
    "model": "users.permisousuario",
    "pk": 1160,
    "fields": {
        "user": 1,
        "permiso": 64
    }
},
{
    "model": "users.permisousuario",
    "pk": 1161,
    "fields": {
        "user": 1,
        "permiso": 65
    }
},
{
    "model": "users.permisousuario",
    "pk": 1162,
    "fields": {
        "user": 1,
        "permiso": 66
    }
},
{
    "model": "users.permisousuario",
    "pk": 1163,
    "fields": {
        "user": 1,
        "permiso": 96
    }
},
{
    "model": "users.permisousuario",
    "pk": 1164,
    "fields": {
        "user": 1,
        "permiso": 59
    }
},
{
    "model": "users.permisousuario",
    "pk": 1165,
    "fields": {
        "user": 1,
        "permiso": 60
    }
},
{
    "model": "users.permisousuario",
    "pk": 1166,
    "fields": {
        "user": 1,
        "permiso": 61
    }
},
{
    "model": "users.permisousuario",
    "pk": 1167,
    "fields": {
        "user": 1,
        "permiso": 56
    }
},
{
    "model": "users.permisousuario",
    "pk": 1168,
    "fields": {
        "user": 1,
        "permiso": 57
    }
},
{
    "model": "users.permisousuario",
    "pk": 1169,
    "fields": {
        "user": 1,
        "permiso": 58
    }
},
{
    "model": "users.permisousuario",
    "pk": 1170,
    "fields": {
        "user": 1,
        "permiso": 53
    }
},
{
    "model": "users.permisousuario",
    "pk": 1171,
    "fields": {
        "user": 1,
        "permiso": 54
    }
},
{
    "model": "users.permisousuario",
    "pk": 1172,
    "fields": {
        "user": 1,
        "permiso": 55
    }
},
{
    "model": "users.permisousuario",
    "pk": 1173,
    "fields": {
        "user": 1,
        "permiso": 51
    }
},
{
    "model": "users.permisousuario",
    "pk": 1174,
    "fields": {
        "user": 1,
        "permiso": 52
    }
},
{
    "model": "users.permisousuario",
    "pk": 1175,
    "fields": {
        "user": 1,
        "permiso": 48
    }
},
{
    "model": "users.permisousuario",
    "pk": 1176,
    "fields": {
        "user": 1,
        "permiso": 49
    }
},
{
    "model": "users.permisousuario",
    "pk": 1177,
    "fields": {
        "user": 1,
        "permiso": 50
    }
},
{
    "model": "users.permisousuario",
    "pk": 1178,
    "fields": {
        "user": 1,
        "permiso": 41
    }
},
{
    "model": "users.permisousuario",
    "pk": 1179,
    "fields": {
        "user": 1,
        "permiso": 42
    }
},
{
    "model": "users.permisousuario",
    "pk": 1180,
    "fields": {
        "user": 1,
        "permiso": 43
    }
},
{
    "model": "users.permisousuario",
    "pk": 1181,
    "fields": {
        "user": 1,
        "permiso": 44
    }
},
{
    "model": "users.permisousuario",
    "pk": 1182,
    "fields": {
        "user": 1,
        "permiso": 45
    }
},
{
    "model": "users.permisousuario",
    "pk": 1183,
    "fields": {
        "user": 1,
        "permiso": 46
    }
},
{
    "model": "users.permisousuario",
    "pk": 1184,
    "fields": {
        "user": 1,
        "permiso": 47
    }
},
{
    "model": "users.permisousuario",
    "pk": 1185,
    "fields": {
        "user": 1,
        "permiso": 39
    }
},
{
    "model": "users.permisousuario",
    "pk": 1186,
    "fields": {
        "user": 1,
        "permiso": 40
    }
},
{
    "model": "users.permisousuario",
    "pk": 1187,
    "fields": {
        "user": 1,
        "permiso": 93
    }
},
{
    "model": "users.permisousuario",
    "pk": 1188,
    "fields": {
        "user": 1,
        "permiso": 35
    }
},
{
    "model": "users.permisousuario",
    "pk": 1189,
    "fields": {
        "user": 1,
        "permiso": 36
    }
},
{
    "model": "users.permisousuario",
    "pk": 1190,
    "fields": {
        "user": 1,
        "permiso": 37
    }
},
{
    "model": "users.permisousuario",
    "pk": 1191,
    "fields": {
        "user": 1,
        "permiso": 38
    }
},
{
    "model": "users.permisousuario",
    "pk": 1192,
    "fields": {
        "user": 1,
        "permiso": 31
    }
},
{
    "model": "users.permisousuario",
    "pk": 1193,
    "fields": {
        "user": 1,
        "permiso": 32
    }
},
{
    "model": "users.permisousuario",
    "pk": 1194,
    "fields": {
        "user": 1,
        "permiso": 33
    }
},
{
    "model": "users.permisousuario",
    "pk": 1195,
    "fields": {
        "user": 1,
        "permiso": 34
    }
},
{
    "model": "users.permisousuario",
    "pk": 1196,
    "fields": {
        "user": 1,
        "permiso": 88
    }
},
{
    "model": "users.permisousuario",
    "pk": 1197,
    "fields": {
        "user": 1,
        "permiso": 27
    }
},
{
    "model": "users.permisousuario",
    "pk": 1198,
    "fields": {
        "user": 1,
        "permiso": 28
    }
},
{
    "model": "users.permisousuario",
    "pk": 1199,
    "fields": {
        "user": 1,
        "permiso": 29
    }
},
{
    "model": "users.permisousuario",
    "pk": 1200,
    "fields": {
        "user": 1,
        "permiso": 30
    }
},
{
    "model": "users.permisousuario",
    "pk": 1201,
    "fields": {
        "user": 1,
        "permiso": 89
    }
},
{
    "model": "users.permisousuario",
    "pk": 1202,
    "fields": {
        "user": 1,
        "permiso": 23
    }
},
{
    "model": "users.permisousuario",
    "pk": 1203,
    "fields": {
        "user": 1,
        "permiso": 24
    }
},
{
    "model": "users.permisousuario",
    "pk": 1204,
    "fields": {
        "user": 1,
        "permiso": 25
    }
},
{
    "model": "users.permisousuario",
    "pk": 1205,
    "fields": {
        "user": 1,
        "permiso": 26
    }
},
{
    "model": "users.permisousuario",
    "pk": 1206,
    "fields": {
        "user": 1,
        "permiso": 91
    }
},
{
    "model": "users.permisousuario",
    "pk": 1207,
    "fields": {
        "user": 1,
        "permiso": 19
    }
},
{
    "model": "users.permisousuario",
    "pk": 1208,
    "fields": {
        "user": 1,
        "permiso": 20
    }
},
{
    "model": "users.permisousuario",
    "pk": 1209,
    "fields": {
        "user": 1,
        "permiso": 21
    }
},
{
    "model": "users.permisousuario",
    "pk": 1210,
    "fields": {
        "user": 1,
        "permiso": 22
    }
},
{
    "model": "users.permisousuario",
    "pk": 1211,
    "fields": {
        "user": 1,
        "permiso": 92
    }
},
{
    "model": "users.permisousuario",
    "pk": 1212,
    "fields": {
        "user": 1,
        "permiso": 86
    }
},
{
    "model": "users.permisousuario",
    "pk": 1213,
    "fields": {
        "user": 1,
        "permiso": 94
    }
},
{
    "model": "users.permisousuario",
    "pk": 1214,
    "fields": {
        "user": 1,
        "permiso": 95
    }
},
{
    "model": "users.permisousuario",
    "pk": 1215,
    "fields": {
        "user": 1,
        "permiso": 98
    }
},
{
    "model": "users.permisousuario",
    "pk": 1216,
    "fields": {
        "user": 1,
        "permiso": 99
    }
},
{
    "model": "users.permisousuario",
    "pk": 1217,
    "fields": {
        "user": 1,
        "permiso": 97
    }
},
{
    "model": "users.permisousuario",
    "pk": 1218,
    "fields": {
        "user": 1,
        "permiso": 87
    }
},
{
    "model": "users.permisousuario",
    "pk": 1295,
    "fields": {
        "user": 2,
        "permiso": 100
    }
},
{
    "model": "users.permisousuario",
    "pk": 1296,
    "fields": {
        "user": 3,
        "permiso": 100
    }
},
{
    "model": "users.permisousuario",
    "pk": 1297,
    "fields": {
        "user": 1,
        "permiso": 100
    }
},
{
    "model": "users.permisousuario",
    "pk": 1298,
    "fields": {
        "user": 8,
        "permiso": 100
    }
},
{
    "model": "users.permisousuario",
    "pk": 1300,
    "fields": {
        "user": 2,
        "permiso": 101
    }
},
{
    "model": "users.permisousuario",
    "pk": 1301,
    "fields": {
        "user": 3,
        "permiso": 101
    }
},
{
    "model": "users.permisousuario",
    "pk": 1302,
    "fields": {
        "user": 1,
        "permiso": 101
    }
},
{
    "model": "users.permisousuario",
    "pk": 1303,
    "fields": {
        "user": 8,
        "permiso": 101
    }
},
{
    "model": "users.permisousuario",
    "pk": 1346,
    "fields": {
        "user": 4,
        "permiso": 6
    }
},
{
    "model": "users.permisousuario",
    "pk": 1347,
    "fields": {
        "user": 4,
        "permiso": 8
    }
},
{
    "model": "users.permisousuario",
    "pk": 1348,
    "fields": {
        "user": 4,
        "permiso": 9
    }
},
{
    "model": "users.permisousuario",
    "pk": 1349,
    "fields": {
        "user": 4,
        "permiso": 12
    }
},
{
    "model": "users.permisousuario",
    "pk": 1350,
    "fields": {
        "user": 4,
        "permiso": 13
    }
},
{
    "model": "users.permisousuario",
    "pk": 1351,
    "fields": {
        "user": 4,
        "permiso": 90
    }
},
{
    "model": "users.permisousuario",
    "pk": 1352,
    "fields": {
        "user": 4,
        "permiso": 16
    }
},
{
    "model": "users.permisousuario",
    "pk": 1353,
    "fields": {
        "user": 4,
        "permiso": 17
    }
},
{
    "model": "users.permisousuario",
    "pk": 1354,
    "fields": {
        "user": 4,
        "permiso": 18
    }
},
{
    "model": "users.permisousuario",
    "pk": 1355,
    "fields": {
        "user": 4,
        "permiso": 82
    }
},
{
    "model": "users.permisousuario",
    "pk": 1356,
    "fields": {
        "user": 4,
        "permiso": 77
    }
},
{
    "model": "users.permisousuario",
    "pk": 1357,
    "fields": {
        "user": 4,
        "permiso": 78
    }
},
{
    "model": "users.permisousuario",
    "pk": 1358,
    "fields": {
        "user": 4,
        "permiso": 79
    }
},
{
    "model": "users.permisousuario",
    "pk": 1359,
    "fields": {
        "user": 4,
        "permiso": 74
    }
},
{
    "model": "users.permisousuario",
    "pk": 1360,
    "fields": {
        "user": 4,
        "permiso": 76
    }
},
{
    "model": "users.permisousuario",
    "pk": 1361,
    "fields": {
        "user": 4,
        "permiso": 70
    }
},
{
    "model": "users.permisousuario",
    "pk": 1362,
    "fields": {
        "user": 4,
        "permiso": 72
    }
},
{
    "model": "users.permisousuario",
    "pk": 1363,
    "fields": {
        "user": 4,
        "permiso": 67
    }
},
{
    "model": "users.permisousuario",
    "pk": 1364,
    "fields": {
        "user": 4,
        "permiso": 68
    }
},
{
    "model": "users.permisousuario",
    "pk": 1365,
    "fields": {
        "user": 4,
        "permiso": 62
    }
},
{
    "model": "users.permisousuario",
    "pk": 1366,
    "fields": {
        "user": 4,
        "permiso": 63
    }
},
{
    "model": "users.permisousuario",
    "pk": 1367,
    "fields": {
        "user": 4,
        "permiso": 64
    }
},
{
    "model": "users.permisousuario",
    "pk": 1368,
    "fields": {
        "user": 4,
        "permiso": 65
    }
},
{
    "model": "users.permisousuario",
    "pk": 1369,
    "fields": {
        "user": 4,
        "permiso": 66
    }
},
{
    "model": "users.permisousuario",
    "pk": 1370,
    "fields": {
        "user": 4,
        "permiso": 59
    }
},
{
    "model": "users.permisousuario",
    "pk": 1371,
    "fields": {
        "user": 4,
        "permiso": 60
    }
},
{
    "model": "users.permisousuario",
    "pk": 1372,
    "fields": {
        "user": 4,
        "permiso": 61
    }
},
{
    "model": "users.permisousuario",
    "pk": 1373,
    "fields": {
        "user": 4,
        "permiso": 56
    }
},
{
    "model": "users.permisousuario",
    "pk": 1374,
    "fields": {
        "user": 4,
        "permiso": 57
    }
},
{
    "model": "users.permisousuario",
    "pk": 1375,
    "fields": {
        "user": 4,
        "permiso": 58
    }
},
{
    "model": "users.permisousuario",
    "pk": 1376,
    "fields": {
        "user": 4,
        "permiso": 53
    }
},
{
    "model": "users.permisousuario",
    "pk": 1377,
    "fields": {
        "user": 4,
        "permiso": 54
    }
},
{
    "model": "users.permisousuario",
    "pk": 1378,
    "fields": {
        "user": 4,
        "permiso": 55
    }
},
{
    "model": "users.permisousuario",
    "pk": 1379,
    "fields": {
        "user": 4,
        "permiso": 51
    }
},
{
    "model": "users.permisousuario",
    "pk": 1380,
    "fields": {
        "user": 4,
        "permiso": 52
    }
},
{
    "model": "users.permisousuario",
    "pk": 1381,
    "fields": {
        "user": 4,
        "permiso": 48
    }
},
{
    "model": "users.permisousuario",
    "pk": 1382,
    "fields": {
        "user": 4,
        "permiso": 49
    }
},
{
    "model": "users.permisousuario",
    "pk": 1383,
    "fields": {
        "user": 4,
        "permiso": 41
    }
},
{
    "model": "users.permisousuario",
    "pk": 1384,
    "fields": {
        "user": 4,
        "permiso": 42
    }
},
{
    "model": "users.permisousuario",
    "pk": 1385,
    "fields": {
        "user": 4,
        "permiso": 43
    }
},
{
    "model": "users.permisousuario",
    "pk": 1386,
    "fields": {
        "user": 4,
        "permiso": 45
    }
},
{
    "model": "users.permisousuario",
    "pk": 1387,
    "fields": {
        "user": 4,
        "permiso": 46
    }
},
{
    "model": "users.permisousuario",
    "pk": 1388,
    "fields": {
        "user": 4,
        "permiso": 39
    }
},
{
    "model": "users.permisousuario",
    "pk": 1389,
    "fields": {
        "user": 4,
        "permiso": 93
    }
},
{
    "model": "users.permisousuario",
    "pk": 1390,
    "fields": {
        "user": 4,
        "permiso": 97
    }
},
{
    "model": "users.permisousuario",
    "pk": 1391,
    "fields": {
        "user": 4,
        "permiso": 100
    }
},
{
    "model": "users.permisousuario",
    "pk": 1392,
    "fields": {
        "user": 4,
        "permiso": 101
    }
},
{
    "model": "users.permisousuario",
    "pk": 1617,
    "fields": {
        "user": 3,
        "permiso": 102
    }
},
{
    "model": "users.permisousuario",
    "pk": 1618,
    "fields": {
        "user": 2,
        "permiso": 102
    }
},
{
    "model": "users.permisousuario",
    "pk": 1619,
    "fields": {
        "user": 1,
        "permiso": 102
    }
},
{
    "model": "users.permisousuario",
    "pk": 1620,
    "fields": {
        "user": 8,
        "permiso": 102
    }
},
{
    "model": "users.permisousuario",
    "pk": 1621,
    "fields": {
        "user": 9,
        "permiso": 6
    }
},
{
    "model": "users.permisousuario",
    "pk": 1622,
    "fields": {
        "user": 9,
        "permiso": 8
    }
},
{
    "model": "users.permisousuario",
    "pk": 1623,
    "fields": {
        "user": 9,
        "permiso": 9
    }
},
{
    "model": "users.permisousuario",
    "pk": 1624,
    "fields": {
        "user": 9,
        "permiso": 12
    }
},
{
    "model": "users.permisousuario",
    "pk": 1625,
    "fields": {
        "user": 9,
        "permiso": 13
    }
},
{
    "model": "users.permisousuario",
    "pk": 1626,
    "fields": {
        "user": 9,
        "permiso": 90
    }
},
{
    "model": "users.permisousuario",
    "pk": 1627,
    "fields": {
        "user": 9,
        "permiso": 16
    }
},
{
    "model": "users.permisousuario",
    "pk": 1628,
    "fields": {
        "user": 9,
        "permiso": 17
    }
},
{
    "model": "users.permisousuario",
    "pk": 1629,
    "fields": {
        "user": 9,
        "permiso": 18
    }
},
{
    "model": "users.permisousuario",
    "pk": 1630,
    "fields": {
        "user": 9,
        "permiso": 82
    }
},
{
    "model": "users.permisousuario",
    "pk": 1631,
    "fields": {
        "user": 9,
        "permiso": 77
    }
},
{
    "model": "users.permisousuario",
    "pk": 1632,
    "fields": {
        "user": 9,
        "permiso": 78
    }
},
{
    "model": "users.permisousuario",
    "pk": 1633,
    "fields": {
        "user": 9,
        "permiso": 79
    }
},
{
    "model": "users.permisousuario",
    "pk": 1634,
    "fields": {
        "user": 9,
        "permiso": 74
    }
},
{
    "model": "users.permisousuario",
    "pk": 1635,
    "fields": {
        "user": 9,
        "permiso": 76
    }
},
{
    "model": "users.permisousuario",
    "pk": 1636,
    "fields": {
        "user": 9,
        "permiso": 70
    }
},
{
    "model": "users.permisousuario",
    "pk": 1637,
    "fields": {
        "user": 9,
        "permiso": 72
    }
},
{
    "model": "users.permisousuario",
    "pk": 1638,
    "fields": {
        "user": 9,
        "permiso": 67
    }
},
{
    "model": "users.permisousuario",
    "pk": 1639,
    "fields": {
        "user": 9,
        "permiso": 68
    }
},
{
    "model": "users.permisousuario",
    "pk": 1640,
    "fields": {
        "user": 9,
        "permiso": 62
    }
},
{
    "model": "users.permisousuario",
    "pk": 1641,
    "fields": {
        "user": 9,
        "permiso": 63
    }
},
{
    "model": "users.permisousuario",
    "pk": 1642,
    "fields": {
        "user": 9,
        "permiso": 64
    }
},
{
    "model": "users.permisousuario",
    "pk": 1643,
    "fields": {
        "user": 9,
        "permiso": 65
    }
},
{
    "model": "users.permisousuario",
    "pk": 1644,
    "fields": {
        "user": 9,
        "permiso": 66
    }
},
{
    "model": "users.permisousuario",
    "pk": 1645,
    "fields": {
        "user": 9,
        "permiso": 59
    }
},
{
    "model": "users.permisousuario",
    "pk": 1646,
    "fields": {
        "user": 9,
        "permiso": 60
    }
},
{
    "model": "users.permisousuario",
    "pk": 1647,
    "fields": {
        "user": 9,
        "permiso": 61
    }
},
{
    "model": "users.permisousuario",
    "pk": 1648,
    "fields": {
        "user": 9,
        "permiso": 56
    }
},
{
    "model": "users.permisousuario",
    "pk": 1649,
    "fields": {
        "user": 9,
        "permiso": 57
    }
},
{
    "model": "users.permisousuario",
    "pk": 1650,
    "fields": {
        "user": 9,
        "permiso": 58
    }
},
{
    "model": "users.permisousuario",
    "pk": 1651,
    "fields": {
        "user": 9,
        "permiso": 53
    }
},
{
    "model": "users.permisousuario",
    "pk": 1652,
    "fields": {
        "user": 9,
        "permiso": 54
    }
},
{
    "model": "users.permisousuario",
    "pk": 1653,
    "fields": {
        "user": 9,
        "permiso": 55
    }
},
{
    "model": "users.permisousuario",
    "pk": 1654,
    "fields": {
        "user": 9,
        "permiso": 51
    }
},
{
    "model": "users.permisousuario",
    "pk": 1655,
    "fields": {
        "user": 9,
        "permiso": 52
    }
},
{
    "model": "users.permisousuario",
    "pk": 1656,
    "fields": {
        "user": 9,
        "permiso": 48
    }
},
{
    "model": "users.permisousuario",
    "pk": 1657,
    "fields": {
        "user": 9,
        "permiso": 49
    }
},
{
    "model": "users.permisousuario",
    "pk": 1658,
    "fields": {
        "user": 9,
        "permiso": 41
    }
},
{
    "model": "users.permisousuario",
    "pk": 1659,
    "fields": {
        "user": 9,
        "permiso": 42
    }
},
{
    "model": "users.permisousuario",
    "pk": 1660,
    "fields": {
        "user": 9,
        "permiso": 43
    }
},
{
    "model": "users.permisousuario",
    "pk": 1661,
    "fields": {
        "user": 9,
        "permiso": 45
    }
},
{
    "model": "users.permisousuario",
    "pk": 1662,
    "fields": {
        "user": 9,
        "permiso": 46
    }
},
{
    "model": "users.permisousuario",
    "pk": 1663,
    "fields": {
        "user": 9,
        "permiso": 39
    }
},
{
    "model": "users.permisousuario",
    "pk": 1664,
    "fields": {
        "user": 9,
        "permiso": 93
    }
},
{
    "model": "users.permisousuario",
    "pk": 1665,
    "fields": {
        "user": 9,
        "permiso": 97
    }
},
{
    "model": "users.permisousuario",
    "pk": 1666,
    "fields": {
        "user": 9,
        "permiso": 100
    }
}
]
