[
{
    "model": "accountings.insurance",
    "pk": 1,
    "fields": {
        "codigo_seguro": "SEG-2025-1",
        "nombre_acreedor": "EDGAR ARMANDO ALVARADO BERMUDEZ",
        "fecha_inicio": "2024-12-15",
        "monto": "954.00",
        "tasa": "0.000",
        "plazo": 3,
        "fecha_vencimiento": "2025-03-15",
        "fecha_registro": "2025-02-26",
        "numero_referencia": "0",
        "observaciones": "POLIZA VEHICULO TOYOTA COROLLA MODELO 2018 COLOR NEGRO PLACA P-794HSJ/ LIGADO CREDITO ANGEL LEAL",
        "boleta": "",
        "status": false,
        "saldo_pendiente": "1283.00",
        "saldo_actual": "0.00",
        "is_paid_off": true,
        "estado_aportacion": true,
        "estados_fechas": true,
        "forma_de_pago": "AMORTIZACIONES A CAPITAL",
        "credito": null,
        "creation_date": "2025-04-10T07:16:30.504Z",
        "excedente": "0.00",
        "sucursal": 1,
        "fecha_cancelacion": null
    }
},
{
    "model": "accountings.insurance",
    "pk": 2,
    "fields": {
        "codigo_seguro": "SEG-2025-2",
        "nombre_acreedor": "EDGAR ARMANDO ALVARADO BERMUDEZ",
        "fecha_inicio": "2024-12-10",
        "monto": "1254.00",
        "tasa": "0.000",
        "plazo": 5,
        "fecha_vencimiento": "2025-05-10",
        "fecha_registro": "2025-02-26",
        "numero_referencia": "0",
        "observaciones": "POLIZA VEHICULO JEEP SUZUKI MODELO 2002 ROJO - PLACA P-188DNS/ CREDITO DE ERICK CHUN",
        "boleta": "",
        "status": false,
        "saldo_pendiente": "-11.00",
        "saldo_actual": "-11.00",
        "is_paid_off": true,
        "estado_aportacion": true,
        "estados_fechas": true,
        "forma_de_pago": "AMORTIZACIONES A CAPITAL",
        "credito": null,
        "creation_date": "2025-04-10T07:16:30.504Z",
        "excedente": "0.00",
        "sucursal": 1,
        "fecha_cancelacion": null
    }
},
{
    "model": "accountings.insurance",
    "pk": 7,
    "fields": {
        "codigo_seguro": "SEG-2025-3",
        "nombre_acreedor": "EDGAR ARMANDO ALVARADO BERMUDEZ",
        "fecha_inicio": "2025-03-08",
        "monto": "1400.00",
        "tasa": "0.000",
        "plazo": 12,
        "fecha_vencimiento": "2026-03-08",
        "fecha_registro": "2025-03-11",
        "numero_referencia": "",
        "observaciones": "MOTOCICLETA HAOJUE MODELO 2026 COLOR CORINTO CON  FRANJAS MULTICOLOR  LINEA: HJ125-8  SERIE:  LC6PCJK27T0000362 VIN: LC6PCJK27T0000362 CHASIS: LC6PCJK27T0000362 MOTOR: 156FMI 5A*D4F31313*/LIGADO AL CREDITO DE RACHELL LINDA EUNICE CHOC YAT FICHA  DE EXCEL 63-2025",
        "boleta": "pagos/boletas/acreedor/Captura_de_pantalla_2025-03-11_170517.png",
        "status": false,
        "saldo_pendiente": "0.00",
        "saldo_actual": "815.00",
        "is_paid_off": true,
        "estado_aportacion": true,
        "estados_fechas": true,
        "forma_de_pago": "AMORTIZACIONES A CAPITAL",
        "credito": null,
        "creation_date": "2025-04-10T07:16:30.504Z",
        "excedente": "116.67",
        "sucursal": 1,
        "fecha_cancelacion": null
    }
},
{
    "model": "accountings.insurance",
    "pk": 8,
    "fields": {
        "codigo_seguro": "SEG-2025-4",
        "nombre_acreedor": "EDGAR ARMANDO ALVARADO BERMUDEZ",
        "fecha_inicio": "2025-04-15",
        "monto": "3816.00",
        "tasa": "0.000",
        "plazo": 12,
        "fecha_vencimiento": "2026-04-15",
        "fecha_registro": "2025-05-15",
        "numero_referencia": "",
        "observaciones": "POLIZA VEHICULO TOYOTA COROLLA MODELO 2018 COLOR NEGRO PLACA P-794HSJ/ LIGADO CREDITO ANGEL LEAL",
        "boleta": "",
        "status": false,
        "saldo_pendiente": "12000.00",
        "saldo_actual": "12000.00",
        "is_paid_off": false,
        "estado_aportacion": true,
        "estados_fechas": false,
        "forma_de_pago": "AMORTIZACIONES A CAPITAL",
        "credito": null,
        "creation_date": "2025-05-15T16:56:33.802Z",
        "excedente": "0.00",
        "sucursal": 1,
        "fecha_cancelacion": null
    }
},
{
    "model": "accountings.insurance",
    "pk": 9,
    "fields": {
        "codigo_seguro": "SEG-2025-5",
        "nombre_acreedor": "EDGAR ARMANDO ALVARADO BERMUDEZ",
        "fecha_inicio": "2025-06-10",
        "monto": "3025.00",
        "tasa": "0.000",
        "plazo": 12,
        "fecha_vencimiento": "2026-06-10",
        "fecha_registro": "2025-08-01",
        "numero_referencia": "",
        "observaciones": "POLIZA VEHICULO JEEP SUZUKI MODELO 2002 ROJO - PLACA P-188DNS/ CREDITO DE ERICK CHUN",
        "boleta": "",
        "status": false,
        "saldo_pendiente": "2519.00",
        "saldo_actual": "2519.00",
        "is_paid_off": false,
        "estado_aportacion": false,
        "estados_fechas": false,
        "forma_de_pago": "AMORTIZACIONES A CAPITAL",
        "credito": null,
        "creation_date": "2025-08-01T17:13:26.143Z",
        "excedente": "0.00",
        "sucursal": 1,
        "fecha_cancelacion": null
    }
}
]
