[
{
    "model": "users.user",
    "pk": 1,
    "fields": {
        "password": "pbkdf2_sha256$720000$9u9pd4U05K3C1fSZbSw9Ci$HU5Pt4NBZwNi047/EGefKiBv1596S7p+yQgMpCah+3s=",
        "last_login": "2025-11-04T18:51:36.147Z",
        "is_superuser": true,
        "username": "choc1403",
        "first_name": "JUAN CARLOS",
        "last_name": "CHOC XOL",
        "is_staff": true,
        "is_active": true,
        "date_joined": "2024-10-28T23:41:45Z",
        "type_identification": "DPI",
        "identification_number": "3238438161601",
        "telephone": "42249955",
        "email": "choc1403.iieltelarsa@gmail.com",
        "status": true,
        "gender": "MASCULINO",
        "user_code": "2024-1",
        "nationality": "Guatemala",
        "profile_pic": "",
        "rol": 3,
        "creation_date": "2024-10-28T23:41:45.515Z",
        "fecha_actualizacion": "2025-06-25",
        "nit": null,
        "sucursal": null,
        "groups": [],
        "user_permissions": []
    }
},
{
    "model": "users.user",
    "pk": 2,
    "fields": {
        "password": "pbkdf2_sha256$720000$EEvuqArXW8Z3mbY4KUNKzu$54gL75TfPQoCF6J5jU+VqTqKNhrhXtGmXb+S1DD8Rao=",
        "last_login": "2025-11-04T20:58:12.935Z",
        "is_superuser": true,
        "username": "l_chenof1",
        "first_name": "Fernanda",
        "last_name": "Chen",
        "is_staff": true,
        "is_active": true,
        "date_joined": "2024-10-28T23:41:45Z",
        "type_identification": "DPI",
        "identification_number": "3246850171601",
        "telephone": "53373687",
        "email": "lchenof1.iieltelarsa@gmail.com",
        "status": true,
        "gender": "FEMENINO",
        "user_code": "2024-2",
        "nationality": "Guatemala",
        "profile_pic": "",
        "rol": 2,
        "creation_date": "2024-10-28T23:41:45.515Z",
        "fecha_actualizacion": "2025-06-25",
        "nit": null,
        "sucursal": null,
        "groups": [],
        "user_permissions": []
    }
},
{
    "model": "users.user",
    "pk": 3,
    "fields": {
        "password": "pbkdf2_sha256$720000$Kvpb5uCInvweu6sBS4rXiW$0U4qhD2Ig2hh57Lc6eOKJFoNH+R1hUWveAUDjw977Bw=",
        "last_login": "2025-11-04T20:07:55.411Z",
        "is_superuser": true,
        "username": "g_rodriguez",
        "first_name": "Grecia",
        "last_name": "Rodrguez",
        "is_staff": true,
        "is_active": true,
        "date_joined": "2024-10-28T23:41:45Z",
        "type_identification": "DPI",
        "identification_number": "3692585565",
        "telephone": "37160995",
        "email": "iieltelarsa@gmail.com",
        "status": true,
        "gender": "FEMENINO",
        "user_code": "2024-3",
        "nationality": "Guatemala",
        "profile_pic": "",
        "rol": 2,
        "creation_date": "2024-10-28T23:41:45.515Z",
        "fecha_actualizacion": "2025-06-25",
        "nit": null,
        "sucursal": null,
        "groups": [],
        "user_permissions": []
    }
},
{
    "model": "users.user",
    "pk": 4,
    "fields": {
        "password": "pbkdf2_sha256$720000$BMbn9ZMSgDcI50aI19ycPk$xS/n3y0iBeFML+qMaOQMoNxvK5+k41Glv6uaZJNQW5U=",
        "last_login": "2025-11-04T20:19:23.189Z",
        "is_superuser": false,
        "username": "andrea_tot",
        "first_name": "Andrea",
        "last_name": "Tot",
        "is_staff": false,
        "is_active": true,
        "date_joined": "2024-12-23T22:39:11Z",
        "type_identification": "DPI",
        "identification_number": "3253514141601",
        "telephone": "38616418",
        "email": "andreatot.iieltelarsa@gmail.com",
        "status": true,
        "gender": "FEMENINO",
        "user_code": "2024-4",
        "nationality": "Guatemala",
        "profile_pic": "",
        "rol": 1,
        "creation_date": "2024-12-23T22:39:11.788Z",
        "fecha_actualizacion": "2025-06-25",
        "nit": null,
        "sucursal": 1,
        "groups": [],
        "user_permissions": []
    }
},
{
    "model": "users.user",
    "pk": 5,
    "fields": {
        "password": "pbkdf2_sha256$720000$C8NqL0YvHnuK4qBNdMFqzz$wHYf7N3pQTqaeaGqYvnTWkWyNPaOONr1LoZd7zJjATw=",
        "last_login": "2025-11-03T14:19:42.131Z",
        "is_superuser": false,
        "username": "luis_macz01",
        "first_name": "LUIS ALBERTO",
        "last_name": "MACZ XOL",
        "is_staff": false,
        "is_active": true,
        "date_joined": "2025-04-23T21:28:00Z",
        "type_identification": "DPI",
        "identification_number": "1966952361601",
        "telephone": "50414864",
        "email": "Luismacz071@gmail.com",
        "status": true,
        "gender": "MASCULINO",
        "user_code": "2025-1",
        "nationality": "Guatemala",
        "profile_pic": "users/profile_pics/Imagen_de_WhatsApp_2025-04-23_a_las_15.27.15_13d2601e.jpg",
        "rol": 4,
        "creation_date": "2025-04-23T21:28:01.143Z",
        "fecha_actualizacion": "2025-06-25",
        "nit": null,
        "sucursal": 1,
        "groups": [],
        "user_permissions": []
    }
},
{
    "model": "users.user",
    "pk": 6,
    "fields": {
        "password": "pbkdf2_sha256$720000$TjYwq1rnGv2Vp6Zqu7mJP5$7q0WGCrHFwBm1jg05q+WJmQjVEI5iU9CVseA6ppm5qw=",
        "last_login": "2025-11-01T00:40:08.403Z",
        "is_superuser": false,
        "username": "o_gonzalez",
        "first_name": "JOSUÉ FRANCISCO",
        "last_name": "ORELLANA GONZÁLEZ",
        "is_staff": false,
        "is_active": true,
        "date_joined": "2025-06-30T22:33:25.928Z",
        "type_identification": "DPI",
        "identification_number": "2483565181601",
        "telephone": "44257375",
        "email": "jforellana9898@gmail.com",
        "status": true,
        "gender": "MASCULINO",
        "user_code": "2025-2",
        "nationality": "Guatemala",
        "profile_pic": "users/profile_pics/Imagen_de_WhatsApp_2025-07-22_a_las_14.46.08_17febce2.jpg",
        "rol": 4,
        "creation_date": "2025-06-30T22:33:26.187Z",
        "fecha_actualizacion": "2025-06-30",
        "nit": null,
        "sucursal": 1,
        "groups": [],
        "user_permissions": []
    }
},
{
    "model": "users.user",
    "pk": 7,
    "fields": {
        "password": "pbkdf2_sha256$720000$w18xDVDT6wARic4X5ruyOP$y37Jn85w6itnU7DFitZmATpwjUVRSHaskBeVoE5X6J8=",
        "last_login": "2025-11-04T16:29:16.411Z",
        "is_superuser": false,
        "username": "t_cifuentes",
        "first_name": "JENNIFFER TATIANA",
        "last_name": "HERRERA CIFUENTES",
        "is_staff": false,
        "is_active": true,
        "date_joined": "2025-06-30T22:38:14.597Z",
        "type_identification": "DPI",
        "identification_number": "3014831080101",
        "telephone": "30530355",
        "email": "heln18cifuentes@gmail.com",
        "status": true,
        "gender": "MASCULINO",
        "user_code": "2025-3",
        "nationality": "Guatemala",
        "profile_pic": "users/profile_pics/Imagen_de_WhatsApp_2025-06-30_a_las_16.35.58_23f95b4c.jpg",
        "rol": 4,
        "creation_date": "2025-06-30T22:38:14.978Z",
        "fecha_actualizacion": "2025-06-30",
        "nit": null,
        "sucursal": 1,
        "groups": [],
        "user_permissions": []
    }
},
{
    "model": "users.user",
    "pk": 8,
    "fields": {
        "password": "pbkdf2_sha256$720000$M25SVfDAKeBHqRryVn2FU5$wxiw648Q9EEGccT7mfjqzRybj0MPD5jV8/FeqCJhMSY=",
        "last_login": "2025-07-14T22:48:25Z",
        "is_superuser": false,
        "username": "e_bermudez",
        "first_name": "EDGAR ARMANDO",
        "last_name": "ALVARADO BERMUDEZ",
        "is_staff": false,
        "is_active": true,
        "date_joined": "2025-07-14T22:47:46Z",
        "type_identification": "DPI",
        "identification_number": "1837118821601",
        "telephone": "40115488",
        "email": "notienecorreo@gmail.com",
        "status": true,
        "gender": "MASCULINO",
        "user_code": "2025-4",
        "nationality": "Guatemala",
        "profile_pic": "",
        "rol": 2,
        "creation_date": "2025-07-14T22:47:47.219Z",
        "fecha_actualizacion": "2025-07-14",
        "nit": null,
        "sucursal": null,
        "groups": [],
        "user_permissions": []
    }
},
{
    "model": "users.user",
    "pk": 9,
    "fields": {
        "password": "pbkdf2_sha256$720000$btYQ9pEuCFMLP6oB8pUzTr$dbB5OX+SZpc5HF/yneGtNJF/4NWxA/rNZUVoR4UktAk=",
        "last_login": "2025-11-04T20:25:54.051Z",
        "is_superuser": false,
        "username": "Jalinne_b",
        "first_name": "JALINNE ANAGALY",
        "last_name": "BERRÍOS DE LA CRUZ",
        "is_staff": false,
        "is_active": true,
        "date_joined": "2025-10-15T18:58:54.203Z",
        "type_identification": "DPI",
        "identification_number": "3242776521601",
        "telephone": "31894814",
        "email": "jalinneberriosdelacruz@gmail.com",
        "status": true,
        "gender": "FEMENINO",
        "user_code": "2025-5",
        "nationality": "Guatemala",
        "profile_pic": "users/profile_pics/Captura_de_pantalla_2025-10-15_125640.png",
        "rol": 1,
        "creation_date": "2025-10-15T18:58:54.685Z",
        "fecha_actualizacion": "2025-10-15",
        "nit": null,
        "sucursal": 2,
        "groups": [],
        "user_permissions": []
    }
}
]
