[
{
    "model": "customers.creditcounselor",
    "pk": 1,
    "fields": {
        "usuario": 5,
        "nombre": "LUIS ALBERTO",
        "apellido": "MACZ XOL",
        "codigo_asesor": "2025-A1",
        "type_identification": "DPI",
        "identification_number": "1966952361601",
        "telephone": "50414864",
        "email": "Luismacz071@gmail.com",
        "profile_pic": "",
        "creation_date": "2025-06-26T03:20:29.156Z",
        "fecha_actualizacion": "2025-06-25",
        "status": true,
        "gender": "MASCULINO",
        "nit": null,
        "recordatorio_clientes": "2025-07-31",
        "sucursal": 1
    }
},
{
    "model": "customers.creditcounselor",
    "pk": 2,
    "fields": {
        "usuario": 2,
        "nombre": "Fernanda",
        "apellido": "Chen",
        "codigo_asesor": "2025-A2",
        "type_identification": "DPI",
        "identification_number": "3246850171601",
        "telephone": "53373687",
        "email": "eltelarlchenof1.iieltelarsa@gmail.com",
        "profile_pic": "",
        "creation_date": "2025-06-26T15:42:03.104Z",
        "fecha_actualizacion": "2025-06-26",
        "status": true,
        "gender": "FEMENINO",
        "nit": null,
        "recordatorio_clientes": "2025-07-31",
        "sucursal": 1
    }
},
{
    "model": "customers.creditcounselor",
    "pk": 3,
    "fields": {
        "usuario": 1,
        "nombre": "JUAN CARLOS",
        "apellido": "CHOC XOL",
        "codigo_asesor": "2025-A3",
        "type_identification": "DPI",
        "identification_number": "3238438161601",
        "telephone": "42249955",
        "email": "choc1403.iieltelarsa@gmail.com",
        "profile_pic": "",
        "creation_date": "2025-06-26T16:54:30.607Z",
        "fecha_actualizacion": "2025-06-26",
        "status": true,
        "gender": "MASCULINO",
        "nit": null,
        "recordatorio_clientes": "2025-07-31",
        "sucursal": null
    }
},
{
    "model": "customers.creditcounselor",
    "pk": 4,
    "fields": {
        "usuario": 3,
        "nombre": "GRECIA",
        "apellido": "RODRIGUEZ",
        "codigo_asesor": "2025-A4",
        "type_identification": "DPI",
        "identification_number": "3692585565",
        "telephone": "37160995",
        "email": "iieltelarsa@gmail.com",
        "profile_pic": "",
        "creation_date": "2025-06-26T19:18:04.014Z",
        "fecha_actualizacion": "2025-06-26",
        "status": true,
        "gender": "FEMENINO",
        "nit": null,
        "recordatorio_clientes": "2025-07-31",
        "sucursal": 1
    }
},
{
    "model": "customers.creditcounselor",
    "pk": 5,
    "fields": {
        "usuario": 6,
        "nombre": "JOSUÉ FRANCISCO",
        "apellido": "ORELLANA GONZÁLEZ",
        "codigo_asesor": "2025-A5",
        "type_identification": "DPI",
        "identification_number": "2483565181601",
        "telephone": "44257375",
        "email": "jforellana9898@gmail.com",
        "profile_pic": "",
        "creation_date": "2025-06-30T22:33:26.288Z",
        "fecha_actualizacion": "2025-06-30",
        "status": true,
        "gender": "MASCULINO",
        "nit": null,
        "recordatorio_clientes": "2025-07-31",
        "sucursal": 1
    }
},
{
    "model": "customers.creditcounselor",
    "pk": 6,
    "fields": {
        "usuario": 7,
        "nombre": "JENNIFFER TATIANA",
        "apellido": "HERRERA CIFUENTES",
        "codigo_asesor": "2025-A6",
        "type_identification": "DPI",
        "identification_number": "3014831080101",
        "telephone": "30530355",
        "email": "heln18cifuentes@gmail.com",
        "profile_pic": "",
        "creation_date": "2025-06-30T22:38:15.092Z",
        "fecha_actualizacion": "2025-06-30",
        "status": true,
        "gender": "MASCULINO",
        "nit": null,
        "recordatorio_clientes": "2025-07-31",
        "sucursal": 1
    }
},
{
    "model": "customers.creditcounselor",
    "pk": 7,
    "fields": {
        "usuario": 8,
        "nombre": "EDGAR ARMANDO",
        "apellido": "ALVARADO BERMUDEZ",
        "codigo_asesor": "2025-A7",
        "type_identification": "DPI",
        "identification_number": "1837118821601",
        "telephone": "40115488",
        "email": "notienecorreo@gmail.com",
        "profile_pic": "",
        "creation_date": "2025-08-04T22:25:58.939Z",
        "fecha_actualizacion": "2025-08-04",
        "status": true,
        "gender": "MASCULINO",
        "nit": null,
        "recordatorio_clientes": "2025-08-04",
        "sucursal": null
    }
}
]
