[
{
    "model": "documents.documentbank",
    "pk": 23,
    "fields": {
        "document": "",
        "uploaded_at": "2025-03-26T21:25:56.335Z",
        "sucursal": 1
    }
},
{
    "model": "documents.documentbank",
    "pk": 24,
    "fields": {
        "document": "documents/banco/Movs_XXXXXX8759_19_03_2025_26_03_2025.csv",
        "uploaded_at": "2025-03-26T21:26:40.580Z",
        "sucursal": 1
    }
},
{
    "model": "documents.documentbank",
    "pk": 26,
    "fields": {
        "document": "",
        "uploaded_at": "2025-03-28T21:23:21.960Z",
        "sucursal": 1
    }
},
{
    "model": "documents.documentbank",
    "pk": 32,
    "fields": {
        "document": "documents/banco/Movs_XXXXXX8759_28_03_2025_07_04_2025.csv",
        "uploaded_at": "2025-04-07T16:29:59.070Z",
        "sucursal": 1
    }
},
{
    "model": "documents.documentbank",
    "pk": 34,
    "fields": {
        "document": "documents/banco/Movs_XXXXXX8759_07_04_2025_09_04_2025.csv",
        "uploaded_at": "2025-04-09T22:56:41.749Z",
        "sucursal": 1
    }
},
{
    "model": "documents.documentbank",
    "pk": 36,
    "fields": {
        "document": "documents/banco/Movs_XXXXXX8759_08_04_2025_15_04_2025.csv",
        "uploaded_at": "2025-04-15T16:55:11.781Z",
        "sucursal": 1
    }
},
{
    "model": "documents.documentbank",
    "pk": 38,
    "fields": {
        "document": "documents/banco/Movs_XXXXXX8759_13_04_2025_21_04_2025.csv",
        "uploaded_at": "2025-04-21T16:00:23.042Z",
        "sucursal": 1
    }
},
{
    "model": "documents.documentbank",
    "pk": 46,
    "fields": {
        "document": "documents/banco/Movs_XXXXXX8759_26_04_2025_01_05_2025.csv",
        "uploaded_at": "2025-05-01T16:50:11.253Z",
        "sucursal": 1
    }
},
{
    "model": "documents.documentbank",
    "pk": 49,
    "fields": {
        "document": "documents/banco/Movs_XXXXXX8759_28_04_2025_06_05_2025.csv",
        "uploaded_at": "2025-05-06T17:55:17.557Z",
        "sucursal": 1
    }
},
{
    "model": "documents.documentbank",
    "pk": 50,
    "fields": {
        "document": "documents/banco/Movs_XXXXXX8759_28_04_2025_06_05_2025_NnTQrPp.csv",
        "uploaded_at": "2025-05-06T17:55:50.943Z",
        "sucursal": 1
    }
},
{
    "model": "documents.documentbank",
    "pk": 59,
    "fields": {
        "document": "documents/banco/Movs_XXXXXX8759_14_05_2025_15_05_2025.csv",
        "uploaded_at": "2025-05-16T15:03:22.864Z",
        "sucursal": 1
    }
},
{
    "model": "documents.documentbank",
    "pk": 61,
    "fields": {
        "document": "documents/banco/Movs_XXXXXX8759_15_05_2025_20_05_2025.csv",
        "uploaded_at": "2025-05-20T15:43:42.012Z",
        "sucursal": 1
    }
},
{
    "model": "documents.documentbank",
    "pk": 65,
    "fields": {
        "document": "documents/banco/Movs_XXXXXX8759_21_05_2025_22_05_2025.csv",
        "uploaded_at": "2025-05-22T15:55:51.986Z",
        "sucursal": 1
    }
},
{
    "model": "documents.documentbank",
    "pk": 71,
    "fields": {
        "document": "documents/banco/Movs_XXXXXX8759_26_05_2025_29_05_2025.csv",
        "uploaded_at": "2025-05-29T20:03:34.756Z",
        "sucursal": 1
    }
},
{
    "model": "documents.documentbank",
    "pk": 75,
    "fields": {
        "document": "documents/banco/Movs_XXXXXX8759_30_05_2025_02_06_2025.csv",
        "uploaded_at": "2025-06-02T14:54:27.584Z",
        "sucursal": 1
    }
},
{
    "model": "documents.documentbank",
    "pk": 132,
    "fields": {
        "document": "documents/banco/Movs_XXXXXX8759_27_06_2025_30_06_2025.csv",
        "uploaded_at": "2025-06-30T15:15:12.871Z",
        "sucursal": 1
    }
},
{
    "model": "documents.documentbank",
    "pk": 133,
    "fields": {
        "document": "documents/banco/Movs_XXXXXX8759_27_06_2025_30_06_2025_1.csv",
        "uploaded_at": "2025-06-30T15:17:34.921Z",
        "sucursal": 1
    }
},
{
    "model": "documents.documentbank",
    "pk": 134,
    "fields": {
        "document": "documents/banco/Movs_XXXXXX8759_27_06_2025_30_06_2025_1_Y0qz9WS.csv",
        "uploaded_at": "2025-06-30T15:21:50.416Z",
        "sucursal": 1
    }
},
{
    "model": "documents.documentbank",
    "pk": 150,
    "fields": {
        "document": "",
        "uploaded_at": "2025-07-07T16:05:42.842Z",
        "sucursal": 1
    }
},
{
    "model": "documents.documentbank",
    "pk": 208,
    "fields": {
        "document": "",
        "uploaded_at": "2025-08-12T17:38:32.691Z",
        "sucursal": 1
    }
},
{
    "model": "documents.documentbank",
    "pk": 290,
    "fields": {
        "document": "documents/banco/Movs_XXXXXX8759_04_09_2025_05_09_2025.csv",
        "uploaded_at": "2025-09-05T15:04:07.777Z",
        "sucursal": 1
    }
},
{
    "model": "documents.documentbank",
    "pk": 291,
    "fields": {
        "document": "documents/banco/Movs_XXXXXX8759_04_09_2025_05_09_2025_1.csv",
        "uploaded_at": "2025-09-05T15:21:16.307Z",
        "sucursal": 1
    }
},
{
    "model": "documents.documentbank",
    "pk": 292,
    "fields": {
        "document": "documents/banco/Movs_XXXXXX8759_04_09_2025_05_09_2025_1_6bLC8XW.csv",
        "uploaded_at": "2025-09-05T15:21:59.262Z",
        "sucursal": 1
    }
},
{
    "model": "documents.documentbank",
    "pk": 293,
    "fields": {
        "document": "documents/banco/Movs_XXXXXX8759_04_09_2025_05_09_2025_1_IuXrx0I.csv",
        "uploaded_at": "2025-09-05T15:27:37.436Z",
        "sucursal": 1
    }
},
{
    "model": "documents.documentbank",
    "pk": 294,
    "fields": {
        "document": "documents/banco/Movs_XXXXXX8759_04_09_2025_05_09_2025_1_NhDb3jq.csv",
        "uploaded_at": "2025-09-05T15:28:41.466Z",
        "sucursal": 1
    }
},
{
    "model": "documents.documentbank",
    "pk": 295,
    "fields": {
        "document": "documents/banco/Movs_XXXXXX8759_04_09_2025_05_09_2025_1_UTskmR2.csv",
        "uploaded_at": "2025-09-05T15:29:07.831Z",
        "sucursal": 1
    }
},
{
    "model": "documents.documentbank",
    "pk": 296,
    "fields": {
        "document": "documents/banco/ESTADO_DE_CUENTA_.csv",
        "uploaded_at": "2025-09-05T15:30:07.307Z",
        "sucursal": 1
    }
},
{
    "model": "documents.documentbank",
    "pk": 297,
    "fields": {
        "document": "documents/banco/Movs_XXXXXX8759_04_09_2025_05_09_2025_1_tqDUPGX.csv",
        "uploaded_at": "2025-09-05T15:46:10.849Z",
        "sucursal": 1
    }
},
{
    "model": "documents.documentbank",
    "pk": 299,
    "fields": {
        "document": "documents/banco/Movs_XXXXXX8759_04_09_2025_05_09_2025_1_auJbw6I.csv",
        "uploaded_at": "2025-09-05T16:02:12.694Z",
        "sucursal": 1
    }
},
{
    "model": "documents.documentbank",
    "pk": 300,
    "fields": {
        "document": "documents/banco/Movs_XXXXXX8759_04_09_2025_05_09_2025.txt",
        "uploaded_at": "2025-09-05T16:10:16.803Z",
        "sucursal": 1
    }
},
{
    "model": "documents.documentbank",
    "pk": 301,
    "fields": {
        "document": "documents/banco/Movs_XXXXXX8759_04_09_2025_05_09_2025_lbSHD7j.txt",
        "uploaded_at": "2025-09-05T16:17:33.080Z",
        "sucursal": 1
    }
},
{
    "model": "documents.documentbank",
    "pk": 302,
    "fields": {
        "document": "documents/banco/Movs_XXXXXX8759_04_09_2025_05_09_2025_Ec5Y1gd.txt",
        "uploaded_at": "2025-09-05T16:21:31.038Z",
        "sucursal": 1
    }
},
{
    "model": "documents.documentbank",
    "pk": 303,
    "fields": {
        "document": "documents/banco/Movs_XXXXXX8759_04_09_2025_05_09_2025_FKDYDlf.txt",
        "uploaded_at": "2025-09-05T16:26:11.159Z",
        "sucursal": 1
    }
},
{
    "model": "documents.documentbank",
    "pk": 304,
    "fields": {
        "document": "documents/banco/Movs_XXXXXX8759_04_09_2025_05_09_2025_g626wF4.txt",
        "uploaded_at": "2025-09-05T16:30:24.874Z",
        "sucursal": 1
    }
},
{
    "model": "documents.documentbank",
    "pk": 308,
    "fields": {
        "document": "documents/banco/Movs_XXXXXX8759_04_09_2025_05_09_2025_B6cGePW.txt",
        "uploaded_at": "2025-09-05T16:44:29.587Z",
        "sucursal": 1
    }
},
{
    "model": "documents.documentbank",
    "pk": 309,
    "fields": {
        "document": "documents/banco/Movs_XXXXXX8759_04_09_2025_05_09_2025_SdpGMSa.txt",
        "uploaded_at": "2025-09-05T16:46:11.613Z",
        "sucursal": 1
    }
},
{
    "model": "documents.documentbank",
    "pk": 312,
    "fields": {
        "document": "documents/banco/Movs_XXXXXX8759_04_09_2025_05_09_2025_2.csv",
        "uploaded_at": "2025-09-05T17:33:39.264Z",
        "sucursal": 1
    }
},
{
    "model": "documents.documentbank",
    "pk": 393,
    "fields": {
        "document": "documents/banco/Movs_XXXXXX8759_29_10_2025_30_10_2025_1.csv",
        "uploaded_at": "2025-10-30T15:17:53.247Z",
        "sucursal": 1
    }
},
{
    "model": "documents.documentbank",
    "pk": 398,
    "fields": {
        "document": "documents/banco/Movs_XXXXXX8759_29_10_2025_30_10_2025_3.csv",
        "uploaded_at": "2025-10-30T20:22:42.347Z",
        "sucursal": 1
    }
},
{
    "model": "documents.documentbank",
    "pk": 413,
    "fields": {
        "document": "documents/banco/Movs_XXXXXX8759_01_11_2025_04_11_2025.csv",
        "uploaded_at": "2025-11-04T17:39:14.067Z",
        "sucursal": 1
    }
},
{
    "model": "documents.documentbank",
    "pk": 414,
    "fields": {
        "document": "documents/banco/Movs_XXXXXX8759_01_11_2025_04_11_2025.txt",
        "uploaded_at": "2025-11-04T17:39:58.461Z",
        "sucursal": 1
    }
},
{
    "model": "documents.documentbank",
    "pk": 415,
    "fields": {
        "document": "documents/banco/Movs_XXXXXX8759_01_11_2025_04_11_2025_RkaIGhn.txt",
        "uploaded_at": "2025-11-04T17:39:59.776Z",
        "sucursal": 1
    }
}
]
