[
{
    "model": "documents.documentcustomer",
    "pk": 1,
    "fields": {
        "document_id": 1,
        "customer_id": 7
    }
},
{
    "model": "documents.documentcustomer",
    "pk": 2,
    "fields": {
        "document_id": 2,
        "customer_id": 8
    }
},
{
    "model": "documents.documentcustomer",
    "pk": 3,
    "fields": {
        "document_id": 3,
        "customer_id": 11
    }
},
{
    "model": "documents.documentcustomer",
    "pk": 4,
    "fields": {
        "document_id": 4,
        "customer_id": 12
    }
},
{
    "model": "documents.documentcustomer",
    "pk": 5,
    "fields": {
        "document_id": 5,
        "customer_id": 13
    }
},
{
    "model": "documents.documentcustomer",
    "pk": 6,
    "fields": {
        "document_id": 6,
        "customer_id": 14
    }
},
{
    "model": "documents.documentcustomer",
    "pk": 7,
    "fields": {
        "document_id": 7,
        "customer_id": 15
    }
},
{
    "model": "documents.documentcustomer",
    "pk": 8,
    "fields": {
        "document_id": 8,
        "customer_id": 17
    }
},
{
    "model": "documents.documentcustomer",
    "pk": 9,
    "fields": {
        "document_id": 9,
        "customer_id": 18
    }
},
{
    "model": "documents.documentcustomer",
    "pk": 10,
    "fields": {
        "document_id": 10,
        "customer_id": 19
    }
},
{
    "model": "documents.documentcustomer",
    "pk": 11,
    "fields": {
        "document_id": 11,
        "customer_id": 20
    }
},
{
    "model": "documents.documentcustomer",
    "pk": 12,
    "fields": {
        "document_id": 12,
        "customer_id": 21
    }
},
{
    "model": "documents.documentcustomer",
    "pk": 13,
    "fields": {
        "document_id": 13,
        "customer_id": 23
    }
},
{
    "model": "documents.documentcustomer",
    "pk": 14,
    "fields": {
        "document_id": 14,
        "customer_id": 25
    }
},
{
    "model": "documents.documentcustomer",
    "pk": 15,
    "fields": {
        "document_id": 15,
        "customer_id": 28
    }
},
{
    "model": "documents.documentcustomer",
    "pk": 16,
    "fields": {
        "document_id": 16,
        "customer_id": 24
    }
},
{
    "model": "documents.documentcustomer",
    "pk": 17,
    "fields": {
        "document_id": 17,
        "customer_id": 29
    }
},
{
    "model": "documents.documentcustomer",
    "pk": 18,
    "fields": {
        "document_id": 18,
        "customer_id": 31
    }
},
{
    "model": "documents.documentcustomer",
    "pk": 19,
    "fields": {
        "document_id": 19,
        "customer_id": 32
    }
},
{
    "model": "documents.documentcustomer",
    "pk": 20,
    "fields": {
        "document_id": 20,
        "customer_id": 33
    }
},
{
    "model": "documents.documentcustomer",
    "pk": 21,
    "fields": {
        "document_id": 21,
        "customer_id": 34
    }
},
{
    "model": "documents.documentcustomer",
    "pk": 22,
    "fields": {
        "document_id": 22,
        "customer_id": 35
    }
},
{
    "model": "documents.documentcustomer",
    "pk": 24,
    "fields": {
        "document_id": 24,
        "customer_id": 36
    }
},
{
    "model": "documents.documentcustomer",
    "pk": 25,
    "fields": {
        "document_id": 25,
        "customer_id": 38
    }
},
{
    "model": "documents.documentcustomer",
    "pk": 26,
    "fields": {
        "document_id": 26,
        "customer_id": 37
    }
},
{
    "model": "documents.documentcustomer",
    "pk": 27,
    "fields": {
        "document_id": 27,
        "customer_id": 40
    }
},
{
    "model": "documents.documentcustomer",
    "pk": 28,
    "fields": {
        "document_id": 28,
        "customer_id": 41
    }
},
{
    "model": "documents.documentcustomer",
    "pk": 29,
    "fields": {
        "document_id": 29,
        "customer_id": 42
    }
},
{
    "model": "documents.documentcustomer",
    "pk": 30,
    "fields": {
        "document_id": 30,
        "customer_id": 44
    }
},
{
    "model": "documents.documentcustomer",
    "pk": 31,
    "fields": {
        "document_id": 31,
        "customer_id": 47
    }
},
{
    "model": "documents.documentcustomer",
    "pk": 32,
    "fields": {
        "document_id": 32,
        "customer_id": 50
    }
},
{
    "model": "documents.documentcustomer",
    "pk": 33,
    "fields": {
        "document_id": 33,
        "customer_id": 5
    }
},
{
    "model": "documents.documentcustomer",
    "pk": 34,
    "fields": {
        "document_id": 34,
        "customer_id": 9
    }
},
{
    "model": "documents.documentcustomer",
    "pk": 35,
    "fields": {
        "document_id": 35,
        "customer_id": 51
    }
},
{
    "model": "documents.documentcustomer",
    "pk": 36,
    "fields": {
        "document_id": 36,
        "customer_id": 53
    }
},
{
    "model": "documents.documentcustomer",
    "pk": 37,
    "fields": {
        "document_id": 37,
        "customer_id": 54
    }
},
{
    "model": "documents.documentcustomer",
    "pk": 38,
    "fields": {
        "document_id": 38,
        "customer_id": 55
    }
},
{
    "model": "documents.documentcustomer",
    "pk": 39,
    "fields": {
        "document_id": 39,
        "customer_id": 56
    }
},
{
    "model": "documents.documentcustomer",
    "pk": 40,
    "fields": {
        "document_id": 40,
        "customer_id": 57
    }
},
{
    "model": "documents.documentcustomer",
    "pk": 41,
    "fields": {
        "document_id": 41,
        "customer_id": 58
    }
},
{
    "model": "documents.documentcustomer",
    "pk": 42,
    "fields": {
        "document_id": 42,
        "customer_id": 62
    }
},
{
    "model": "documents.documentcustomer",
    "pk": 43,
    "fields": {
        "document_id": 43,
        "customer_id": 63
    }
},
{
    "model": "documents.documentcustomer",
    "pk": 44,
    "fields": {
        "document_id": 44,
        "customer_id": 65
    }
},
{
    "model": "documents.documentcustomer",
    "pk": 45,
    "fields": {
        "document_id": 45,
        "customer_id": 66
    }
},
{
    "model": "documents.documentcustomer",
    "pk": 46,
    "fields": {
        "document_id": 46,
        "customer_id": 68
    }
},
{
    "model": "documents.documentcustomer",
    "pk": 47,
    "fields": {
        "document_id": 47,
        "customer_id": 69
    }
},
{
    "model": "documents.documentcustomer",
    "pk": 48,
    "fields": {
        "document_id": 48,
        "customer_id": 71
    }
},
{
    "model": "documents.documentcustomer",
    "pk": 49,
    "fields": {
        "document_id": 49,
        "customer_id": 72
    }
},
{
    "model": "documents.documentcustomer",
    "pk": 50,
    "fields": {
        "document_id": 50,
        "customer_id": 73
    }
},
{
    "model": "documents.documentcustomer",
    "pk": 51,
    "fields": {
        "document_id": 51,
        "customer_id": 74
    }
},
{
    "model": "documents.documentcustomer",
    "pk": 52,
    "fields": {
        "document_id": 52,
        "customer_id": 75
    }
},
{
    "model": "documents.documentcustomer",
    "pk": 53,
    "fields": {
        "document_id": 53,
        "customer_id": 76
    }
},
{
    "model": "documents.documentcustomer",
    "pk": 54,
    "fields": {
        "document_id": 54,
        "customer_id": 77
    }
},
{
    "model": "documents.documentcustomer",
    "pk": 55,
    "fields": {
        "document_id": 55,
        "customer_id": 78
    }
},
{
    "model": "documents.documentcustomer",
    "pk": 56,
    "fields": {
        "document_id": 56,
        "customer_id": 79
    }
},
{
    "model": "documents.documentcustomer",
    "pk": 57,
    "fields": {
        "document_id": 57,
        "customer_id": 81
    }
},
{
    "model": "documents.documentcustomer",
    "pk": 58,
    "fields": {
        "document_id": 58,
        "customer_id": 82
    }
},
{
    "model": "documents.documentcustomer",
    "pk": 59,
    "fields": {
        "document_id": 59,
        "customer_id": 82
    }
},
{
    "model": "documents.documentcustomer",
    "pk": 60,
    "fields": {
        "document_id": 60,
        "customer_id": 83
    }
},
{
    "model": "documents.documentcustomer",
    "pk": 61,
    "fields": {
        "document_id": 61,
        "customer_id": 84
    }
},
{
    "model": "documents.documentcustomer",
    "pk": 62,
    "fields": {
        "document_id": 62,
        "customer_id": 87
    }
},
{
    "model": "documents.documentcustomer",
    "pk": 63,
    "fields": {
        "document_id": 63,
        "customer_id": 90
    }
},
{
    "model": "documents.documentcustomer",
    "pk": 64,
    "fields": {
        "document_id": 64,
        "customer_id": 89
    }
},
{
    "model": "documents.documentcustomer",
    "pk": 65,
    "fields": {
        "document_id": 65,
        "customer_id": 91
    }
},
{
    "model": "documents.documentcustomer",
    "pk": 66,
    "fields": {
        "document_id": 66,
        "customer_id": 93
    }
},
{
    "model": "documents.documentcustomer",
    "pk": 67,
    "fields": {
        "document_id": 67,
        "customer_id": 96
    }
},
{
    "model": "documents.documentcustomer",
    "pk": 68,
    "fields": {
        "document_id": 68,
        "customer_id": 97
    }
},
{
    "model": "documents.documentcustomer",
    "pk": 69,
    "fields": {
        "document_id": 69,
        "customer_id": 98
    }
},
{
    "model": "documents.documentcustomer",
    "pk": 70,
    "fields": {
        "document_id": 70,
        "customer_id": 99
    }
},
{
    "model": "documents.documentcustomer",
    "pk": 71,
    "fields": {
        "document_id": 71,
        "customer_id": 99
    }
},
{
    "model": "documents.documentcustomer",
    "pk": 72,
    "fields": {
        "document_id": 72,
        "customer_id": 100
    }
},
{
    "model": "documents.documentcustomer",
    "pk": 73,
    "fields": {
        "document_id": 73,
        "customer_id": 103
    }
},
{
    "model": "documents.documentcustomer",
    "pk": 74,
    "fields": {
        "document_id": 74,
        "customer_id": 104
    }
},
{
    "model": "documents.documentcustomer",
    "pk": 75,
    "fields": {
        "document_id": 75,
        "customer_id": 105
    }
},
{
    "model": "documents.documentcustomer",
    "pk": 76,
    "fields": {
        "document_id": 76,
        "customer_id": 106
    }
},
{
    "model": "documents.documentcustomer",
    "pk": 77,
    "fields": {
        "document_id": 77,
        "customer_id": 107
    }
},
{
    "model": "documents.documentcustomer",
    "pk": 78,
    "fields": {
        "document_id": 78,
        "customer_id": 109
    }
},
{
    "model": "documents.documentcustomer",
    "pk": 79,
    "fields": {
        "document_id": 79,
        "customer_id": 108
    }
},
{
    "model": "documents.documentcustomer",
    "pk": 80,
    "fields": {
        "document_id": 80,
        "customer_id": 110
    }
},
{
    "model": "documents.documentcustomer",
    "pk": 81,
    "fields": {
        "document_id": 81,
        "customer_id": 111
    }
},
{
    "model": "documents.documentcustomer",
    "pk": 82,
    "fields": {
        "document_id": 82,
        "customer_id": 113
    }
},
{
    "model": "documents.documentcustomer",
    "pk": 83,
    "fields": {
        "document_id": 83,
        "customer_id": 113
    }
},
{
    "model": "documents.documentcustomer",
    "pk": 84,
    "fields": {
        "document_id": 84,
        "customer_id": 114
    }
},
{
    "model": "documents.documentcustomer",
    "pk": 85,
    "fields": {
        "document_id": 85,
        "customer_id": 115
    }
},
{
    "model": "documents.documentcustomer",
    "pk": 86,
    "fields": {
        "document_id": 86,
        "customer_id": 116
    }
},
{
    "model": "documents.documentcustomer",
    "pk": 87,
    "fields": {
        "document_id": 87,
        "customer_id": 117
    }
},
{
    "model": "documents.documentcustomer",
    "pk": 88,
    "fields": {
        "document_id": 88,
        "customer_id": 120
    }
},
{
    "model": "documents.documentcustomer",
    "pk": 89,
    "fields": {
        "document_id": 89,
        "customer_id": 121
    }
},
{
    "model": "documents.documentcustomer",
    "pk": 90,
    "fields": {
        "document_id": 90,
        "customer_id": 123
    }
},
{
    "model": "documents.documentcustomer",
    "pk": 91,
    "fields": {
        "document_id": 91,
        "customer_id": 125
    }
},
{
    "model": "documents.documentcustomer",
    "pk": 92,
    "fields": {
        "document_id": 92,
        "customer_id": 126
    }
},
{
    "model": "documents.documentcustomer",
    "pk": 93,
    "fields": {
        "document_id": 93,
        "customer_id": 127
    }
},
{
    "model": "documents.documentcustomer",
    "pk": 94,
    "fields": {
        "document_id": 94,
        "customer_id": 128
    }
},
{
    "model": "documents.documentcustomer",
    "pk": 95,
    "fields": {
        "document_id": 95,
        "customer_id": 130
    }
},
{
    "model": "documents.documentcustomer",
    "pk": 96,
    "fields": {
        "document_id": 96,
        "customer_id": 133
    }
},
{
    "model": "documents.documentcustomer",
    "pk": 97,
    "fields": {
        "document_id": 97,
        "customer_id": 132
    }
},
{
    "model": "documents.documentcustomer",
    "pk": 99,
    "fields": {
        "document_id": 99,
        "customer_id": 134
    }
},
{
    "model": "documents.documentcustomer",
    "pk": 100,
    "fields": {
        "document_id": 100,
        "customer_id": 135
    }
},
{
    "model": "documents.documentcustomer",
    "pk": 101,
    "fields": {
        "document_id": 101,
        "customer_id": 136
    }
},
{
    "model": "documents.documentcustomer",
    "pk": 102,
    "fields": {
        "document_id": 102,
        "customer_id": 140
    }
},
{
    "model": "documents.documentcustomer",
    "pk": 103,
    "fields": {
        "document_id": 103,
        "customer_id": 141
    }
},
{
    "model": "documents.documentcustomer",
    "pk": 106,
    "fields": {
        "document_id": 106,
        "customer_id": 142
    }
},
{
    "model": "documents.documentcustomer",
    "pk": 107,
    "fields": {
        "document_id": 107,
        "customer_id": 143
    }
},
{
    "model": "documents.documentcustomer",
    "pk": 108,
    "fields": {
        "document_id": 108,
        "customer_id": 144
    }
},
{
    "model": "documents.documentcustomer",
    "pk": 109,
    "fields": {
        "document_id": 109,
        "customer_id": 147
    }
},
{
    "model": "documents.documentcustomer",
    "pk": 110,
    "fields": {
        "document_id": 110,
        "customer_id": 149
    }
},
{
    "model": "documents.documentcustomer",
    "pk": 111,
    "fields": {
        "document_id": 111,
        "customer_id": 152
    }
},
{
    "model": "documents.documentcustomer",
    "pk": 112,
    "fields": {
        "document_id": 112,
        "customer_id": 153
    }
},
{
    "model": "documents.documentcustomer",
    "pk": 113,
    "fields": {
        "document_id": 113,
        "customer_id": 154
    }
},
{
    "model": "documents.documentcustomer",
    "pk": 114,
    "fields": {
        "document_id": 114,
        "customer_id": 155
    }
},
{
    "model": "documents.documentcustomer",
    "pk": 115,
    "fields": {
        "document_id": 115,
        "customer_id": 156
    }
},
{
    "model": "documents.documentcustomer",
    "pk": 116,
    "fields": {
        "document_id": 116,
        "customer_id": 157
    }
},
{
    "model": "documents.documentcustomer",
    "pk": 117,
    "fields": {
        "document_id": 117,
        "customer_id": 159
    }
},
{
    "model": "documents.documentcustomer",
    "pk": 118,
    "fields": {
        "document_id": 118,
        "customer_id": 160
    }
},
{
    "model": "documents.documentcustomer",
    "pk": 119,
    "fields": {
        "document_id": 119,
        "customer_id": 161
    }
},
{
    "model": "documents.documentcustomer",
    "pk": 120,
    "fields": {
        "document_id": 120,
        "customer_id": 162
    }
},
{
    "model": "documents.documentcustomer",
    "pk": 121,
    "fields": {
        "document_id": 121,
        "customer_id": 166
    }
},
{
    "model": "documents.documentcustomer",
    "pk": 122,
    "fields": {
        "document_id": 122,
        "customer_id": 167
    }
},
{
    "model": "documents.documentcustomer",
    "pk": 123,
    "fields": {
        "document_id": 150,
        "customer_id": 169
    }
},
{
    "model": "documents.documentcustomer",
    "pk": 124,
    "fields": {
        "document_id": 152,
        "customer_id": 172
    }
},
{
    "model": "documents.documentcustomer",
    "pk": 125,
    "fields": {
        "document_id": 153,
        "customer_id": 171
    }
},
{
    "model": "documents.documentcustomer",
    "pk": 126,
    "fields": {
        "document_id": 154,
        "customer_id": 173
    }
},
{
    "model": "documents.documentcustomer",
    "pk": 127,
    "fields": {
        "document_id": 155,
        "customer_id": 170
    }
},
{
    "model": "documents.documentcustomer",
    "pk": 128,
    "fields": {
        "document_id": 161,
        "customer_id": 174
    }
},
{
    "model": "documents.documentcustomer",
    "pk": 129,
    "fields": {
        "document_id": 164,
        "customer_id": 176
    }
},
{
    "model": "documents.documentcustomer",
    "pk": 130,
    "fields": {
        "document_id": 170,
        "customer_id": 179
    }
},
{
    "model": "documents.documentcustomer",
    "pk": 131,
    "fields": {
        "document_id": 172,
        "customer_id": 180
    }
},
{
    "model": "documents.documentcustomer",
    "pk": 132,
    "fields": {
        "document_id": 176,
        "customer_id": 182
    }
},
{
    "model": "documents.documentcustomer",
    "pk": 133,
    "fields": {
        "document_id": 177,
        "customer_id": 183
    }
},
{
    "model": "documents.documentcustomer",
    "pk": 134,
    "fields": {
        "document_id": 178,
        "customer_id": 184
    }
},
{
    "model": "documents.documentcustomer",
    "pk": 135,
    "fields": {
        "document_id": 179,
        "customer_id": 186
    }
},
{
    "model": "documents.documentcustomer",
    "pk": 136,
    "fields": {
        "document_id": 180,
        "customer_id": 187
    }
},
{
    "model": "documents.documentcustomer",
    "pk": 137,
    "fields": {
        "document_id": 185,
        "customer_id": 190
    }
},
{
    "model": "documents.documentcustomer",
    "pk": 138,
    "fields": {
        "document_id": 186,
        "customer_id": 190
    }
},
{
    "model": "documents.documentcustomer",
    "pk": 139,
    "fields": {
        "document_id": 198,
        "customer_id": 197
    }
},
{
    "model": "documents.documentcustomer",
    "pk": 140,
    "fields": {
        "document_id": 199,
        "customer_id": 197
    }
},
{
    "model": "documents.documentcustomer",
    "pk": 141,
    "fields": {
        "document_id": 201,
        "customer_id": 199
    }
},
{
    "model": "documents.documentcustomer",
    "pk": 142,
    "fields": {
        "document_id": 205,
        "customer_id": 200
    }
},
{
    "model": "documents.documentcustomer",
    "pk": 143,
    "fields": {
        "document_id": 210,
        "customer_id": 201
    }
},
{
    "model": "documents.documentcustomer",
    "pk": 144,
    "fields": {
        "document_id": 215,
        "customer_id": 203
    }
},
{
    "model": "documents.documentcustomer",
    "pk": 145,
    "fields": {
        "document_id": 216,
        "customer_id": 204
    }
},
{
    "model": "documents.documentcustomer",
    "pk": 146,
    "fields": {
        "document_id": 219,
        "customer_id": 207
    }
},
{
    "model": "documents.documentcustomer",
    "pk": 147,
    "fields": {
        "document_id": 224,
        "customer_id": 209
    }
},
{
    "model": "documents.documentcustomer",
    "pk": 148,
    "fields": {
        "document_id": 225,
        "customer_id": 210
    }
},
{
    "model": "documents.documentcustomer",
    "pk": 149,
    "fields": {
        "document_id": 232,
        "customer_id": 213
    }
},
{
    "model": "documents.documentcustomer",
    "pk": 150,
    "fields": {
        "document_id": 235,
        "customer_id": 215
    }
},
{
    "model": "documents.documentcustomer",
    "pk": 151,
    "fields": {
        "document_id": 240,
        "customer_id": 216
    }
},
{
    "model": "documents.documentcustomer",
    "pk": 152,
    "fields": {
        "document_id": 241,
        "customer_id": 217
    }
},
{
    "model": "documents.documentcustomer",
    "pk": 153,
    "fields": {
        "document_id": 242,
        "customer_id": 218
    }
},
{
    "model": "documents.documentcustomer",
    "pk": 154,
    "fields": {
        "document_id": 243,
        "customer_id": 218
    }
},
{
    "model": "documents.documentcustomer",
    "pk": 155,
    "fields": {
        "document_id": 244,
        "customer_id": 219
    }
},
{
    "model": "documents.documentcustomer",
    "pk": 156,
    "fields": {
        "document_id": 250,
        "customer_id": 221
    }
},
{
    "model": "documents.documentcustomer",
    "pk": 157,
    "fields": {
        "document_id": 252,
        "customer_id": 223
    }
},
{
    "model": "documents.documentcustomer",
    "pk": 158,
    "fields": {
        "document_id": 254,
        "customer_id": 224
    }
},
{
    "model": "documents.documentcustomer",
    "pk": 159,
    "fields": {
        "document_id": 255,
        "customer_id": 225
    }
},
{
    "model": "documents.documentcustomer",
    "pk": 160,
    "fields": {
        "document_id": 259,
        "customer_id": 227
    }
},
{
    "model": "documents.documentcustomer",
    "pk": 161,
    "fields": {
        "document_id": 260,
        "customer_id": 228
    }
},
{
    "model": "documents.documentcustomer",
    "pk": 162,
    "fields": {
        "document_id": 261,
        "customer_id": 229
    }
},
{
    "model": "documents.documentcustomer",
    "pk": 163,
    "fields": {
        "document_id": 262,
        "customer_id": 230
    }
},
{
    "model": "documents.documentcustomer",
    "pk": 164,
    "fields": {
        "document_id": 266,
        "customer_id": 232
    }
},
{
    "model": "documents.documentcustomer",
    "pk": 165,
    "fields": {
        "document_id": 267,
        "customer_id": 231
    }
},
{
    "model": "documents.documentcustomer",
    "pk": 166,
    "fields": {
        "document_id": 270,
        "customer_id": 235
    }
},
{
    "model": "documents.documentcustomer",
    "pk": 167,
    "fields": {
        "document_id": 276,
        "customer_id": 238
    }
},
{
    "model": "documents.documentcustomer",
    "pk": 168,
    "fields": {
        "document_id": 277,
        "customer_id": 239
    }
},
{
    "model": "documents.documentcustomer",
    "pk": 169,
    "fields": {
        "document_id": 284,
        "customer_id": 241
    }
},
{
    "model": "documents.documentcustomer",
    "pk": 170,
    "fields": {
        "document_id": 285,
        "customer_id": 242
    }
},
{
    "model": "documents.documentcustomer",
    "pk": 171,
    "fields": {
        "document_id": 286,
        "customer_id": 243
    }
},
{
    "model": "documents.documentcustomer",
    "pk": 172,
    "fields": {
        "document_id": 287,
        "customer_id": 240
    }
},
{
    "model": "documents.documentcustomer",
    "pk": 173,
    "fields": {
        "document_id": 288,
        "customer_id": 244
    }
},
{
    "model": "documents.documentcustomer",
    "pk": 174,
    "fields": {
        "document_id": 289,
        "customer_id": 245
    }
},
{
    "model": "documents.documentcustomer",
    "pk": 175,
    "fields": {
        "document_id": 290,
        "customer_id": 246
    }
},
{
    "model": "documents.documentcustomer",
    "pk": 176,
    "fields": {
        "document_id": 291,
        "customer_id": 247
    }
},
{
    "model": "documents.documentcustomer",
    "pk": 177,
    "fields": {
        "document_id": 292,
        "customer_id": 248
    }
},
{
    "model": "documents.documentcustomer",
    "pk": 178,
    "fields": {
        "document_id": 293,
        "customer_id": 249
    }
},
{
    "model": "documents.documentcustomer",
    "pk": 179,
    "fields": {
        "document_id": 294,
        "customer_id": 250
    }
},
{
    "model": "documents.documentcustomer",
    "pk": 180,
    "fields": {
        "document_id": 305,
        "customer_id": 251
    }
},
{
    "model": "documents.documentcustomer",
    "pk": 181,
    "fields": {
        "document_id": 306,
        "customer_id": 252
    }
},
{
    "model": "documents.documentcustomer",
    "pk": 214,
    "fields": {
        "document_id": 344,
        "customer_id": 286
    }
},
{
    "model": "documents.documentcustomer",
    "pk": 215,
    "fields": {
        "document_id": 345,
        "customer_id": 286
    }
},
{
    "model": "documents.documentcustomer",
    "pk": 216,
    "fields": {
        "document_id": 346,
        "customer_id": 288
    }
},
{
    "model": "documents.documentcustomer",
    "pk": 217,
    "fields": {
        "document_id": 347,
        "customer_id": 289
    }
},
{
    "model": "documents.documentcustomer",
    "pk": 218,
    "fields": {
        "document_id": 348,
        "customer_id": 290
    }
},
{
    "model": "documents.documentcustomer",
    "pk": 219,
    "fields": {
        "document_id": 354,
        "customer_id": 292
    }
},
{
    "model": "documents.documentcustomer",
    "pk": 220,
    "fields": {
        "document_id": 356,
        "customer_id": 293
    }
},
{
    "model": "documents.documentcustomer",
    "pk": 221,
    "fields": {
        "document_id": 359,
        "customer_id": 295
    }
},
{
    "model": "documents.documentcustomer",
    "pk": 222,
    "fields": {
        "document_id": 360,
        "customer_id": 296
    }
},
{
    "model": "documents.documentcustomer",
    "pk": 223,
    "fields": {
        "document_id": 361,
        "customer_id": 297
    }
},
{
    "model": "documents.documentcustomer",
    "pk": 224,
    "fields": {
        "document_id": 368,
        "customer_id": 299
    }
},
{
    "model": "documents.documentcustomer",
    "pk": 225,
    "fields": {
        "document_id": 371,
        "customer_id": 301
    }
},
{
    "model": "documents.documentcustomer",
    "pk": 226,
    "fields": {
        "document_id": 376,
        "customer_id": 300
    }
},
{
    "model": "documents.documentcustomer",
    "pk": 227,
    "fields": {
        "document_id": 377,
        "customer_id": 308
    }
},
{
    "model": "documents.documentcustomer",
    "pk": 228,
    "fields": {
        "document_id": 378,
        "customer_id": 309
    }
},
{
    "model": "documents.documentcustomer",
    "pk": 229,
    "fields": {
        "document_id": 392,
        "customer_id": 314
    }
},
{
    "model": "documents.documentcustomer",
    "pk": 230,
    "fields": {
        "document_id": 393,
        "customer_id": 315
    }
},
{
    "model": "documents.documentcustomer",
    "pk": 231,
    "fields": {
        "document_id": 394,
        "customer_id": 315
    }
},
{
    "model": "documents.documentcustomer",
    "pk": 232,
    "fields": {
        "document_id": 396,
        "customer_id": 316
    }
},
{
    "model": "documents.documentcustomer",
    "pk": 233,
    "fields": {
        "document_id": 399,
        "customer_id": 318
    }
},
{
    "model": "documents.documentcustomer",
    "pk": 234,
    "fields": {
        "document_id": 400,
        "customer_id": 319
    }
},
{
    "model": "documents.documentcustomer",
    "pk": 235,
    "fields": {
        "document_id": 401,
        "customer_id": 317
    }
},
{
    "model": "documents.documentcustomer",
    "pk": 236,
    "fields": {
        "document_id": 404,
        "customer_id": 322
    }
},
{
    "model": "documents.documentcustomer",
    "pk": 237,
    "fields": {
        "document_id": 405,
        "customer_id": 323
    }
},
{
    "model": "documents.documentcustomer",
    "pk": 238,
    "fields": {
        "document_id": 406,
        "customer_id": 320
    }
},
{
    "model": "documents.documentcustomer",
    "pk": 239,
    "fields": {
        "document_id": 407,
        "customer_id": 321
    }
},
{
    "model": "documents.documentcustomer",
    "pk": 240,
    "fields": {
        "document_id": 420,
        "customer_id": 327
    }
},
{
    "model": "documents.documentcustomer",
    "pk": 241,
    "fields": {
        "document_id": 421,
        "customer_id": 330
    }
},
{
    "model": "documents.documentcustomer",
    "pk": 242,
    "fields": {
        "document_id": 422,
        "customer_id": 328
    }
},
{
    "model": "documents.documentcustomer",
    "pk": 243,
    "fields": {
        "document_id": 423,
        "customer_id": 329
    }
},
{
    "model": "documents.documentcustomer",
    "pk": 244,
    "fields": {
        "document_id": 432,
        "customer_id": 331
    }
},
{
    "model": "documents.documentcustomer",
    "pk": 245,
    "fields": {
        "document_id": 433,
        "customer_id": 332
    }
},
{
    "model": "documents.documentcustomer",
    "pk": 246,
    "fields": {
        "document_id": 436,
        "customer_id": 325
    }
},
{
    "model": "documents.documentcustomer",
    "pk": 247,
    "fields": {
        "document_id": 439,
        "customer_id": 333
    }
},
{
    "model": "documents.documentcustomer",
    "pk": 248,
    "fields": {
        "document_id": 440,
        "customer_id": 334
    }
},
{
    "model": "documents.documentcustomer",
    "pk": 249,
    "fields": {
        "document_id": 449,
        "customer_id": 336
    }
},
{
    "model": "documents.documentcustomer",
    "pk": 250,
    "fields": {
        "document_id": 455,
        "customer_id": 337
    }
},
{
    "model": "documents.documentcustomer",
    "pk": 251,
    "fields": {
        "document_id": 460,
        "customer_id": 50
    }
},
{
    "model": "documents.documentcustomer",
    "pk": 252,
    "fields": {
        "document_id": 463,
        "customer_id": 340
    }
},
{
    "model": "documents.documentcustomer",
    "pk": 253,
    "fields": {
        "document_id": 464,
        "customer_id": 342
    }
},
{
    "model": "documents.documentcustomer",
    "pk": 254,
    "fields": {
        "document_id": 465,
        "customer_id": 341
    }
},
{
    "model": "documents.documentcustomer",
    "pk": 255,
    "fields": {
        "document_id": 485,
        "customer_id": 346
    }
},
{
    "model": "documents.documentcustomer",
    "pk": 256,
    "fields": {
        "document_id": 490,
        "customer_id": 347
    }
},
{
    "model": "documents.documentcustomer",
    "pk": 257,
    "fields": {
        "document_id": 491,
        "customer_id": 348
    }
},
{
    "model": "documents.documentcustomer",
    "pk": 258,
    "fields": {
        "document_id": 498,
        "customer_id": 349
    }
},
{
    "model": "documents.documentcustomer",
    "pk": 259,
    "fields": {
        "document_id": 499,
        "customer_id": 350
    }
},
{
    "model": "documents.documentcustomer",
    "pk": 292,
    "fields": {
        "document_id": 535,
        "customer_id": 383
    }
},
{
    "model": "documents.documentcustomer",
    "pk": 293,
    "fields": {
        "document_id": 540,
        "customer_id": 384
    }
},
{
    "model": "documents.documentcustomer",
    "pk": 294,
    "fields": {
        "document_id": 546,
        "customer_id": 385
    }
},
{
    "model": "documents.documentcustomer",
    "pk": 295,
    "fields": {
        "document_id": 553,
        "customer_id": 386
    }
},
{
    "model": "documents.documentcustomer",
    "pk": 296,
    "fields": {
        "document_id": 564,
        "customer_id": 389
    }
},
{
    "model": "documents.documentcustomer",
    "pk": 297,
    "fields": {
        "document_id": 568,
        "customer_id": 390
    }
},
{
    "model": "documents.documentcustomer",
    "pk": 298,
    "fields": {
        "document_id": 569,
        "customer_id": 391
    }
},
{
    "model": "documents.documentcustomer",
    "pk": 299,
    "fields": {
        "document_id": 577,
        "customer_id": 393
    }
},
{
    "model": "documents.documentcustomer",
    "pk": 300,
    "fields": {
        "document_id": 578,
        "customer_id": 395
    }
},
{
    "model": "documents.documentcustomer",
    "pk": 301,
    "fields": {
        "document_id": 579,
        "customer_id": 394
    }
},
{
    "model": "documents.documentcustomer",
    "pk": 302,
    "fields": {
        "document_id": 580,
        "customer_id": 396
    }
},
{
    "model": "documents.documentcustomer",
    "pk": 303,
    "fields": {
        "document_id": 596,
        "customer_id": 398
    }
},
{
    "model": "documents.documentcustomer",
    "pk": 304,
    "fields": {
        "document_id": 597,
        "customer_id": 399
    }
},
{
    "model": "documents.documentcustomer",
    "pk": 305,
    "fields": {
        "document_id": 601,
        "customer_id": 401
    }
},
{
    "model": "documents.documentcustomer",
    "pk": 306,
    "fields": {
        "document_id": 607,
        "customer_id": 402
    }
},
{
    "model": "documents.documentcustomer",
    "pk": 307,
    "fields": {
        "document_id": 608,
        "customer_id": 404
    }
},
{
    "model": "documents.documentcustomer",
    "pk": 308,
    "fields": {
        "document_id": 617,
        "customer_id": 405
    }
},
{
    "model": "documents.documentcustomer",
    "pk": 309,
    "fields": {
        "document_id": 618,
        "customer_id": 405
    }
},
{
    "model": "documents.documentcustomer",
    "pk": 310,
    "fields": {
        "document_id": 620,
        "customer_id": 406
    }
},
{
    "model": "documents.documentcustomer",
    "pk": 311,
    "fields": {
        "document_id": 621,
        "customer_id": 406
    }
},
{
    "model": "documents.documentcustomer",
    "pk": 312,
    "fields": {
        "document_id": 623,
        "customer_id": 403
    }
},
{
    "model": "documents.documentcustomer",
    "pk": 313,
    "fields": {
        "document_id": 624,
        "customer_id": 407
    }
},
{
    "model": "documents.documentcustomer",
    "pk": 314,
    "fields": {
        "document_id": 625,
        "customer_id": 407
    }
},
{
    "model": "documents.documentcustomer",
    "pk": 315,
    "fields": {
        "document_id": 626,
        "customer_id": 407
    }
},
{
    "model": "documents.documentcustomer",
    "pk": 316,
    "fields": {
        "document_id": 627,
        "customer_id": 408
    }
},
{
    "model": "documents.documentcustomer",
    "pk": 317,
    "fields": {
        "document_id": 638,
        "customer_id": 409
    }
},
{
    "model": "documents.documentcustomer",
    "pk": 318,
    "fields": {
        "document_id": 639,
        "customer_id": 409
    }
},
{
    "model": "documents.documentcustomer",
    "pk": 319,
    "fields": {
        "document_id": 640,
        "customer_id": 409
    }
},
{
    "model": "documents.documentcustomer",
    "pk": 320,
    "fields": {
        "document_id": 641,
        "customer_id": 411
    }
},
{
    "model": "documents.documentcustomer",
    "pk": 321,
    "fields": {
        "document_id": 647,
        "customer_id": 412
    }
},
{
    "model": "documents.documentcustomer",
    "pk": 322,
    "fields": {
        "document_id": 652,
        "customer_id": 413
    }
},
{
    "model": "documents.documentcustomer",
    "pk": 324,
    "fields": {
        "document_id": 657,
        "customer_id": 415
    }
},
{
    "model": "documents.documentcustomer",
    "pk": 325,
    "fields": {
        "document_id": 658,
        "customer_id": 416
    }
},
{
    "model": "documents.documentcustomer",
    "pk": 326,
    "fields": {
        "document_id": 659,
        "customer_id": 417
    }
},
{
    "model": "documents.documentcustomer",
    "pk": 327,
    "fields": {
        "document_id": 660,
        "customer_id": 418
    }
},
{
    "model": "documents.documentcustomer",
    "pk": 328,
    "fields": {
        "document_id": 662,
        "customer_id": 419
    }
},
{
    "model": "documents.documentcustomer",
    "pk": 329,
    "fields": {
        "document_id": 665,
        "customer_id": 437
    }
},
{
    "model": "documents.documentcustomer",
    "pk": 330,
    "fields": {
        "document_id": 666,
        "customer_id": 437
    }
},
{
    "model": "documents.documentcustomer",
    "pk": 331,
    "fields": {
        "document_id": 667,
        "customer_id": 437
    }
},
{
    "model": "documents.documentcustomer",
    "pk": 332,
    "fields": {
        "document_id": 668,
        "customer_id": 437
    }
},
{
    "model": "documents.documentcustomer",
    "pk": 333,
    "fields": {
        "document_id": 669,
        "customer_id": 438
    }
},
{
    "model": "documents.documentcustomer",
    "pk": 334,
    "fields": {
        "document_id": 670,
        "customer_id": 438
    }
},
{
    "model": "documents.documentcustomer",
    "pk": 335,
    "fields": {
        "document_id": 671,
        "customer_id": 438
    }
},
{
    "model": "documents.documentcustomer",
    "pk": 336,
    "fields": {
        "document_id": 673,
        "customer_id": 426
    }
},
{
    "model": "documents.documentcustomer",
    "pk": 337,
    "fields": {
        "document_id": 674,
        "customer_id": 424
    }
},
{
    "model": "documents.documentcustomer",
    "pk": 338,
    "fields": {
        "document_id": 677,
        "customer_id": 433
    }
},
{
    "model": "documents.documentcustomer",
    "pk": 339,
    "fields": {
        "document_id": 678,
        "customer_id": 435
    }
},
{
    "model": "documents.documentcustomer",
    "pk": 340,
    "fields": {
        "document_id": 679,
        "customer_id": 428
    }
},
{
    "model": "documents.documentcustomer",
    "pk": 341,
    "fields": {
        "document_id": 681,
        "customer_id": 434
    }
},
{
    "model": "documents.documentcustomer",
    "pk": 342,
    "fields": {
        "document_id": 683,
        "customer_id": 420
    }
},
{
    "model": "documents.documentcustomer",
    "pk": 343,
    "fields": {
        "document_id": 684,
        "customer_id": 420
    }
},
{
    "model": "documents.documentcustomer",
    "pk": 344,
    "fields": {
        "document_id": 692,
        "customer_id": 423
    }
},
{
    "model": "documents.documentcustomer",
    "pk": 345,
    "fields": {
        "document_id": 693,
        "customer_id": 430
    }
},
{
    "model": "documents.documentcustomer",
    "pk": 346,
    "fields": {
        "document_id": 695,
        "customer_id": 429
    }
},
{
    "model": "documents.documentcustomer",
    "pk": 347,
    "fields": {
        "document_id": 698,
        "customer_id": 436
    }
},
{
    "model": "documents.documentcustomer",
    "pk": 348,
    "fields": {
        "document_id": 699,
        "customer_id": 439
    }
},
{
    "model": "documents.documentcustomer",
    "pk": 349,
    "fields": {
        "document_id": 701,
        "customer_id": 440
    }
},
{
    "model": "documents.documentcustomer",
    "pk": 350,
    "fields": {
        "document_id": 702,
        "customer_id": 441
    }
},
{
    "model": "documents.documentcustomer",
    "pk": 351,
    "fields": {
        "document_id": 704,
        "customer_id": 422
    }
},
{
    "model": "documents.documentcustomer",
    "pk": 352,
    "fields": {
        "document_id": 705,
        "customer_id": 431
    }
},
{
    "model": "documents.documentcustomer",
    "pk": 353,
    "fields": {
        "document_id": 708,
        "customer_id": 442
    }
},
{
    "model": "documents.documentcustomer",
    "pk": 354,
    "fields": {
        "document_id": 709,
        "customer_id": 442
    }
},
{
    "model": "documents.documentcustomer",
    "pk": 355,
    "fields": {
        "document_id": 710,
        "customer_id": 443
    }
},
{
    "model": "documents.documentcustomer",
    "pk": 357,
    "fields": {
        "document_id": 713,
        "customer_id": 443
    }
},
{
    "model": "documents.documentcustomer",
    "pk": 359,
    "fields": {
        "document_id": 715,
        "customer_id": 443
    }
},
{
    "model": "documents.documentcustomer",
    "pk": 360,
    "fields": {
        "document_id": 716,
        "customer_id": 432
    }
}
]
