[
{
    "model": "documents.documentguarantee",
    "pk": 1,
    "fields": {
        "investment_plan_id": null,
        "garantia": 10,
        "document_id": 123,
        "customer_id": null
    }
},
{
    "model": "documents.documentguarantee",
    "pk": 2,
    "fields": {
        "investment_plan_id": null,
        "garantia": 11,
        "document_id": 124,
        "customer_id": null
    }
},
{
    "model": "documents.documentguarantee",
    "pk": 3,
    "fields": {
        "investment_plan_id": null,
        "garantia": 12,
        "document_id": 125,
        "customer_id": null
    }
},
{
    "model": "documents.documentguarantee",
    "pk": 4,
    "fields": {
        "investment_plan_id": null,
        "garantia": 14,
        "document_id": 126,
        "customer_id": null
    }
},
{
    "model": "documents.documentguarantee",
    "pk": 5,
    "fields": {
        "investment_plan_id": null,
        "garantia": 15,
        "document_id": 127,
        "customer_id": null
    }
},
{
    "model": "documents.documentguarantee",
    "pk": 6,
    "fields": {
        "investment_plan_id": null,
        "garantia": 16,
        "document_id": 128,
        "customer_id": null
    }
},
{
    "model": "documents.documentguarantee",
    "pk": 7,
    "fields": {
        "investment_plan_id": null,
        "garantia": 17,
        "document_id": 129,
        "customer_id": null
    }
},
{
    "model": "documents.documentguarantee",
    "pk": 8,
    "fields": {
        "investment_plan_id": null,
        "garantia": 18,
        "document_id": 130,
        "customer_id": null
    }
},
{
    "model": "documents.documentguarantee",
    "pk": 9,
    "fields": {
        "investment_plan_id": null,
        "garantia": 19,
        "document_id": 131,
        "customer_id": null
    }
},
{
    "model": "documents.documentguarantee",
    "pk": 10,
    "fields": {
        "investment_plan_id": null,
        "garantia": 21,
        "document_id": 132,
        "customer_id": null
    }
},
{
    "model": "documents.documentguarantee",
    "pk": 11,
    "fields": {
        "investment_plan_id": null,
        "garantia": 22,
        "document_id": 133,
        "customer_id": null
    }
},
{
    "model": "documents.documentguarantee",
    "pk": 12,
    "fields": {
        "investment_plan_id": null,
        "garantia": 23,
        "document_id": 134,
        "customer_id": null
    }
},
{
    "model": "documents.documentguarantee",
    "pk": 13,
    "fields": {
        "investment_plan_id": null,
        "garantia": 24,
        "document_id": 135,
        "customer_id": null
    }
},
{
    "model": "documents.documentguarantee",
    "pk": 14,
    "fields": {
        "investment_plan_id": null,
        "garantia": 25,
        "document_id": 136,
        "customer_id": null
    }
},
{
    "model": "documents.documentguarantee",
    "pk": 15,
    "fields": {
        "investment_plan_id": null,
        "garantia": 26,
        "document_id": 137,
        "customer_id": null
    }
},
{
    "model": "documents.documentguarantee",
    "pk": 16,
    "fields": {
        "investment_plan_id": null,
        "garantia": 27,
        "document_id": 138,
        "customer_id": null
    }
},
{
    "model": "documents.documentguarantee",
    "pk": 17,
    "fields": {
        "investment_plan_id": null,
        "garantia": 28,
        "document_id": 139,
        "customer_id": null
    }
},
{
    "model": "documents.documentguarantee",
    "pk": 18,
    "fields": {
        "investment_plan_id": null,
        "garantia": 29,
        "document_id": 140,
        "customer_id": null
    }
},
{
    "model": "documents.documentguarantee",
    "pk": 19,
    "fields": {
        "investment_plan_id": null,
        "garantia": 30,
        "document_id": 141,
        "customer_id": null
    }
},
{
    "model": "documents.documentguarantee",
    "pk": 20,
    "fields": {
        "investment_plan_id": null,
        "garantia": 31,
        "document_id": 142,
        "customer_id": null
    }
},
{
    "model": "documents.documentguarantee",
    "pk": 21,
    "fields": {
        "investment_plan_id": null,
        "garantia": 32,
        "document_id": 143,
        "customer_id": null
    }
},
{
    "model": "documents.documentguarantee",
    "pk": 22,
    "fields": {
        "investment_plan_id": null,
        "garantia": 33,
        "document_id": 144,
        "customer_id": null
    }
},
{
    "model": "documents.documentguarantee",
    "pk": 23,
    "fields": {
        "investment_plan_id": null,
        "garantia": 34,
        "document_id": 145,
        "customer_id": null
    }
},
{
    "model": "documents.documentguarantee",
    "pk": 24,
    "fields": {
        "investment_plan_id": null,
        "garantia": 35,
        "document_id": 146,
        "customer_id": null
    }
},
{
    "model": "documents.documentguarantee",
    "pk": 25,
    "fields": {
        "investment_plan_id": null,
        "garantia": 36,
        "document_id": 147,
        "customer_id": null
    }
},
{
    "model": "documents.documentguarantee",
    "pk": 26,
    "fields": {
        "investment_plan_id": null,
        "garantia": 37,
        "document_id": 148,
        "customer_id": null
    }
},
{
    "model": "documents.documentguarantee",
    "pk": 27,
    "fields": {
        "investment_plan_id": null,
        "garantia": 38,
        "document_id": 149,
        "customer_id": null
    }
},
{
    "model": "documents.documentguarantee",
    "pk": 28,
    "fields": {
        "investment_plan_id": null,
        "garantia": 39,
        "document_id": 151,
        "customer_id": null
    }
},
{
    "model": "documents.documentguarantee",
    "pk": 29,
    "fields": {
        "investment_plan_id": null,
        "garantia": 40,
        "document_id": 156,
        "customer_id": null
    }
},
{
    "model": "documents.documentguarantee",
    "pk": 30,
    "fields": {
        "investment_plan_id": null,
        "garantia": 41,
        "document_id": 157,
        "customer_id": null
    }
},
{
    "model": "documents.documentguarantee",
    "pk": 31,
    "fields": {
        "investment_plan_id": null,
        "garantia": 42,
        "document_id": 158,
        "customer_id": null
    }
},
{
    "model": "documents.documentguarantee",
    "pk": 32,
    "fields": {
        "investment_plan_id": null,
        "garantia": 43,
        "document_id": 159,
        "customer_id": null
    }
},
{
    "model": "documents.documentguarantee",
    "pk": 33,
    "fields": {
        "investment_plan_id": null,
        "garantia": 44,
        "document_id": 160,
        "customer_id": null
    }
},
{
    "model": "documents.documentguarantee",
    "pk": 34,
    "fields": {
        "investment_plan_id": null,
        "garantia": 45,
        "document_id": 162,
        "customer_id": null
    }
},
{
    "model": "documents.documentguarantee",
    "pk": 35,
    "fields": {
        "investment_plan_id": null,
        "garantia": 46,
        "document_id": 163,
        "customer_id": null
    }
},
{
    "model": "documents.documentguarantee",
    "pk": 36,
    "fields": {
        "investment_plan_id": null,
        "garantia": 47,
        "document_id": 165,
        "customer_id": null
    }
},
{
    "model": "documents.documentguarantee",
    "pk": 37,
    "fields": {
        "investment_plan_id": null,
        "garantia": 48,
        "document_id": 166,
        "customer_id": null
    }
},
{
    "model": "documents.documentguarantee",
    "pk": 38,
    "fields": {
        "investment_plan_id": null,
        "garantia": 49,
        "document_id": 167,
        "customer_id": null
    }
},
{
    "model": "documents.documentguarantee",
    "pk": 39,
    "fields": {
        "investment_plan_id": null,
        "garantia": 50,
        "document_id": 168,
        "customer_id": null
    }
},
{
    "model": "documents.documentguarantee",
    "pk": 40,
    "fields": {
        "investment_plan_id": null,
        "garantia": 51,
        "document_id": 169,
        "customer_id": null
    }
},
{
    "model": "documents.documentguarantee",
    "pk": 41,
    "fields": {
        "investment_plan_id": null,
        "garantia": 53,
        "document_id": 171,
        "customer_id": null
    }
},
{
    "model": "documents.documentguarantee",
    "pk": 42,
    "fields": {
        "investment_plan_id": null,
        "garantia": 55,
        "document_id": 173,
        "customer_id": null
    }
},
{
    "model": "documents.documentguarantee",
    "pk": 43,
    "fields": {
        "investment_plan_id": null,
        "garantia": 57,
        "document_id": 174,
        "customer_id": null
    }
},
{
    "model": "documents.documentguarantee",
    "pk": 44,
    "fields": {
        "investment_plan_id": null,
        "garantia": 58,
        "document_id": 175,
        "customer_id": null
    }
},
{
    "model": "documents.documentguarantee",
    "pk": 45,
    "fields": {
        "investment_plan_id": null,
        "garantia": 60,
        "document_id": 181,
        "customer_id": null
    }
},
{
    "model": "documents.documentguarantee",
    "pk": 46,
    "fields": {
        "investment_plan_id": null,
        "garantia": 59,
        "document_id": 182,
        "customer_id": null
    }
},
{
    "model": "documents.documentguarantee",
    "pk": 47,
    "fields": {
        "investment_plan_id": null,
        "garantia": 61,
        "document_id": 183,
        "customer_id": null
    }
},
{
    "model": "documents.documentguarantee",
    "pk": 48,
    "fields": {
        "investment_plan_id": null,
        "garantia": 62,
        "document_id": 184,
        "customer_id": null
    }
},
{
    "model": "documents.documentguarantee",
    "pk": 49,
    "fields": {
        "investment_plan_id": null,
        "garantia": 67,
        "document_id": 187,
        "customer_id": null
    }
},
{
    "model": "documents.documentguarantee",
    "pk": 50,
    "fields": {
        "investment_plan_id": null,
        "garantia": 66,
        "document_id": 188,
        "customer_id": null
    }
},
{
    "model": "documents.documentguarantee",
    "pk": 52,
    "fields": {
        "investment_plan_id": null,
        "garantia": 69,
        "document_id": 190,
        "customer_id": null
    }
},
{
    "model": "documents.documentguarantee",
    "pk": 53,
    "fields": {
        "investment_plan_id": null,
        "garantia": 70,
        "document_id": 191,
        "customer_id": null
    }
},
{
    "model": "documents.documentguarantee",
    "pk": 54,
    "fields": {
        "investment_plan_id": null,
        "garantia": 71,
        "document_id": 192,
        "customer_id": null
    }
},
{
    "model": "documents.documentguarantee",
    "pk": 55,
    "fields": {
        "investment_plan_id": null,
        "garantia": 72,
        "document_id": 193,
        "customer_id": null
    }
},
{
    "model": "documents.documentguarantee",
    "pk": 56,
    "fields": {
        "investment_plan_id": null,
        "garantia": 73,
        "document_id": 194,
        "customer_id": null
    }
},
{
    "model": "documents.documentguarantee",
    "pk": 57,
    "fields": {
        "investment_plan_id": null,
        "garantia": 74,
        "document_id": 195,
        "customer_id": null
    }
},
{
    "model": "documents.documentguarantee",
    "pk": 58,
    "fields": {
        "investment_plan_id": null,
        "garantia": 76,
        "document_id": 196,
        "customer_id": null
    }
},
{
    "model": "documents.documentguarantee",
    "pk": 59,
    "fields": {
        "investment_plan_id": null,
        "garantia": 77,
        "document_id": 197,
        "customer_id": null
    }
},
{
    "model": "documents.documentguarantee",
    "pk": 60,
    "fields": {
        "investment_plan_id": null,
        "garantia": 80,
        "document_id": 202,
        "customer_id": null
    }
},
{
    "model": "documents.documentguarantee",
    "pk": 61,
    "fields": {
        "investment_plan_id": null,
        "garantia": 82,
        "document_id": 203,
        "customer_id": null
    }
},
{
    "model": "documents.documentguarantee",
    "pk": 62,
    "fields": {
        "investment_plan_id": null,
        "garantia": 83,
        "document_id": 204,
        "customer_id": null
    }
},
{
    "model": "documents.documentguarantee",
    "pk": 63,
    "fields": {
        "investment_plan_id": null,
        "garantia": 84,
        "document_id": 206,
        "customer_id": null
    }
},
{
    "model": "documents.documentguarantee",
    "pk": 64,
    "fields": {
        "investment_plan_id": null,
        "garantia": 86,
        "document_id": 207,
        "customer_id": null
    }
},
{
    "model": "documents.documentguarantee",
    "pk": 65,
    "fields": {
        "investment_plan_id": null,
        "garantia": 85,
        "document_id": 208,
        "customer_id": null
    }
},
{
    "model": "documents.documentguarantee",
    "pk": 66,
    "fields": {
        "investment_plan_id": null,
        "garantia": 87,
        "document_id": 209,
        "customer_id": null
    }
},
{
    "model": "documents.documentguarantee",
    "pk": 67,
    "fields": {
        "investment_plan_id": null,
        "garantia": 90,
        "document_id": 211,
        "customer_id": null
    }
},
{
    "model": "documents.documentguarantee",
    "pk": 68,
    "fields": {
        "investment_plan_id": null,
        "garantia": 91,
        "document_id": 212,
        "customer_id": null
    }
},
{
    "model": "documents.documentguarantee",
    "pk": 69,
    "fields": {
        "investment_plan_id": null,
        "garantia": 92,
        "document_id": 213,
        "customer_id": null
    }
},
{
    "model": "documents.documentguarantee",
    "pk": 70,
    "fields": {
        "investment_plan_id": null,
        "garantia": 93,
        "document_id": 214,
        "customer_id": null
    }
},
{
    "model": "documents.documentguarantee",
    "pk": 71,
    "fields": {
        "investment_plan_id": null,
        "garantia": 94,
        "document_id": 217,
        "customer_id": null
    }
},
{
    "model": "documents.documentguarantee",
    "pk": 72,
    "fields": {
        "investment_plan_id": null,
        "garantia": 96,
        "document_id": 218,
        "customer_id": null
    }
},
{
    "model": "documents.documentguarantee",
    "pk": 73,
    "fields": {
        "investment_plan_id": null,
        "garantia": 98,
        "document_id": 220,
        "customer_id": null
    }
},
{
    "model": "documents.documentguarantee",
    "pk": 74,
    "fields": {
        "investment_plan_id": null,
        "garantia": 99,
        "document_id": 221,
        "customer_id": null
    }
},
{
    "model": "documents.documentguarantee",
    "pk": 75,
    "fields": {
        "investment_plan_id": null,
        "garantia": 100,
        "document_id": 222,
        "customer_id": null
    }
},
{
    "model": "documents.documentguarantee",
    "pk": 76,
    "fields": {
        "investment_plan_id": null,
        "garantia": 102,
        "document_id": 223,
        "customer_id": null
    }
},
{
    "model": "documents.documentguarantee",
    "pk": 77,
    "fields": {
        "investment_plan_id": null,
        "garantia": 104,
        "document_id": 226,
        "customer_id": null
    }
},
{
    "model": "documents.documentguarantee",
    "pk": 78,
    "fields": {
        "investment_plan_id": null,
        "garantia": 105,
        "document_id": 227,
        "customer_id": null
    }
},
{
    "model": "documents.documentguarantee",
    "pk": 79,
    "fields": {
        "investment_plan_id": null,
        "garantia": 106,
        "document_id": 228,
        "customer_id": null
    }
},
{
    "model": "documents.documentguarantee",
    "pk": 80,
    "fields": {
        "investment_plan_id": null,
        "garantia": 107,
        "document_id": 229,
        "customer_id": null
    }
},
{
    "model": "documents.documentguarantee",
    "pk": 81,
    "fields": {
        "investment_plan_id": null,
        "garantia": 108,
        "document_id": 230,
        "customer_id": null
    }
},
{
    "model": "documents.documentguarantee",
    "pk": 82,
    "fields": {
        "investment_plan_id": null,
        "garantia": 110,
        "document_id": 231,
        "customer_id": null
    }
},
{
    "model": "documents.documentguarantee",
    "pk": 83,
    "fields": {
        "investment_plan_id": null,
        "garantia": 112,
        "document_id": 233,
        "customer_id": null
    }
},
{
    "model": "documents.documentguarantee",
    "pk": 84,
    "fields": {
        "investment_plan_id": null,
        "garantia": 113,
        "document_id": 234,
        "customer_id": null
    }
},
{
    "model": "documents.documentguarantee",
    "pk": 85,
    "fields": {
        "investment_plan_id": null,
        "garantia": 116,
        "document_id": 236,
        "customer_id": null
    }
},
{
    "model": "documents.documentguarantee",
    "pk": 86,
    "fields": {
        "investment_plan_id": null,
        "garantia": 115,
        "document_id": 237,
        "customer_id": null
    }
},
{
    "model": "documents.documentguarantee",
    "pk": 87,
    "fields": {
        "investment_plan_id": null,
        "garantia": 114,
        "document_id": 238,
        "customer_id": null
    }
},
{
    "model": "documents.documentguarantee",
    "pk": 88,
    "fields": {
        "investment_plan_id": null,
        "garantia": 117,
        "document_id": 239,
        "customer_id": null
    }
},
{
    "model": "documents.documentguarantee",
    "pk": 89,
    "fields": {
        "investment_plan_id": null,
        "garantia": 118,
        "document_id": 245,
        "customer_id": null
    }
},
{
    "model": "documents.documentguarantee",
    "pk": 90,
    "fields": {
        "investment_plan_id": null,
        "garantia": 120,
        "document_id": 246,
        "customer_id": null
    }
},
{
    "model": "documents.documentguarantee",
    "pk": 91,
    "fields": {
        "investment_plan_id": null,
        "garantia": 119,
        "document_id": 247,
        "customer_id": null
    }
},
{
    "model": "documents.documentguarantee",
    "pk": 92,
    "fields": {
        "investment_plan_id": null,
        "garantia": 121,
        "document_id": 248,
        "customer_id": null
    }
},
{
    "model": "documents.documentguarantee",
    "pk": 93,
    "fields": {
        "investment_plan_id": null,
        "garantia": 123,
        "document_id": 249,
        "customer_id": null
    }
},
{
    "model": "documents.documentguarantee",
    "pk": 94,
    "fields": {
        "investment_plan_id": null,
        "garantia": 124,
        "document_id": 251,
        "customer_id": null
    }
},
{
    "model": "documents.documentguarantee",
    "pk": 95,
    "fields": {
        "investment_plan_id": null,
        "garantia": 126,
        "document_id": 253,
        "customer_id": null
    }
},
{
    "model": "documents.documentguarantee",
    "pk": 96,
    "fields": {
        "investment_plan_id": null,
        "garantia": 127,
        "document_id": 256,
        "customer_id": null
    }
},
{
    "model": "documents.documentguarantee",
    "pk": 97,
    "fields": {
        "investment_plan_id": null,
        "garantia": 128,
        "document_id": 257,
        "customer_id": null
    }
},
{
    "model": "documents.documentguarantee",
    "pk": 98,
    "fields": {
        "investment_plan_id": null,
        "garantia": 129,
        "document_id": 258,
        "customer_id": null
    }
},
{
    "model": "documents.documentguarantee",
    "pk": 99,
    "fields": {
        "investment_plan_id": null,
        "garantia": 134,
        "document_id": 263,
        "customer_id": null
    }
},
{
    "model": "documents.documentguarantee",
    "pk": 100,
    "fields": {
        "investment_plan_id": null,
        "garantia": 133,
        "document_id": 264,
        "customer_id": null
    }
},
{
    "model": "documents.documentguarantee",
    "pk": 101,
    "fields": {
        "investment_plan_id": null,
        "garantia": 132,
        "document_id": 265,
        "customer_id": null
    }
},
{
    "model": "documents.documentguarantee",
    "pk": 102,
    "fields": {
        "investment_plan_id": null,
        "garantia": 135,
        "document_id": 268,
        "customer_id": null
    }
},
{
    "model": "documents.documentguarantee",
    "pk": 103,
    "fields": {
        "investment_plan_id": null,
        "garantia": 138,
        "document_id": 269,
        "customer_id": null
    }
},
{
    "model": "documents.documentguarantee",
    "pk": 104,
    "fields": {
        "investment_plan_id": null,
        "garantia": 141,
        "document_id": 271,
        "customer_id": null
    }
},
{
    "model": "documents.documentguarantee",
    "pk": 105,
    "fields": {
        "investment_plan_id": null,
        "garantia": 142,
        "document_id": 272,
        "customer_id": null
    }
},
{
    "model": "documents.documentguarantee",
    "pk": 106,
    "fields": {
        "investment_plan_id": null,
        "garantia": 144,
        "document_id": 273,
        "customer_id": null
    }
},
{
    "model": "documents.documentguarantee",
    "pk": 107,
    "fields": {
        "investment_plan_id": null,
        "garantia": 143,
        "document_id": 274,
        "customer_id": null
    }
},
{
    "model": "documents.documentguarantee",
    "pk": 108,
    "fields": {
        "investment_plan_id": null,
        "garantia": 145,
        "document_id": 275,
        "customer_id": null
    }
},
{
    "model": "documents.documentguarantee",
    "pk": 109,
    "fields": {
        "investment_plan_id": null,
        "garantia": 147,
        "document_id": 278,
        "customer_id": null
    }
},
{
    "model": "documents.documentguarantee",
    "pk": 110,
    "fields": {
        "investment_plan_id": null,
        "garantia": 146,
        "document_id": 279,
        "customer_id": null
    }
},
{
    "model": "documents.documentguarantee",
    "pk": 111,
    "fields": {
        "investment_plan_id": null,
        "garantia": 148,
        "document_id": 280,
        "customer_id": null
    }
},
{
    "model": "documents.documentguarantee",
    "pk": 112,
    "fields": {
        "investment_plan_id": null,
        "garantia": 151,
        "document_id": 281,
        "customer_id": null
    }
},
{
    "model": "documents.documentguarantee",
    "pk": 113,
    "fields": {
        "investment_plan_id": null,
        "garantia": 150,
        "document_id": 282,
        "customer_id": null
    }
},
{
    "model": "documents.documentguarantee",
    "pk": 115,
    "fields": {
        "investment_plan_id": null,
        "garantia": 152,
        "document_id": 295,
        "customer_id": null
    }
},
{
    "model": "documents.documentguarantee",
    "pk": 116,
    "fields": {
        "investment_plan_id": null,
        "garantia": 153,
        "document_id": 296,
        "customer_id": null
    }
},
{
    "model": "documents.documentguarantee",
    "pk": 117,
    "fields": {
        "investment_plan_id": null,
        "garantia": 154,
        "document_id": 297,
        "customer_id": null
    }
},
{
    "model": "documents.documentguarantee",
    "pk": 118,
    "fields": {
        "investment_plan_id": null,
        "garantia": 155,
        "document_id": 298,
        "customer_id": null
    }
},
{
    "model": "documents.documentguarantee",
    "pk": 119,
    "fields": {
        "investment_plan_id": null,
        "garantia": 156,
        "document_id": 299,
        "customer_id": null
    }
},
{
    "model": "documents.documentguarantee",
    "pk": 120,
    "fields": {
        "investment_plan_id": null,
        "garantia": 157,
        "document_id": 300,
        "customer_id": null
    }
},
{
    "model": "documents.documentguarantee",
    "pk": 121,
    "fields": {
        "investment_plan_id": null,
        "garantia": 158,
        "document_id": 301,
        "customer_id": null
    }
},
{
    "model": "documents.documentguarantee",
    "pk": 122,
    "fields": {
        "investment_plan_id": null,
        "garantia": 159,
        "document_id": 302,
        "customer_id": null
    }
},
{
    "model": "documents.documentguarantee",
    "pk": 123,
    "fields": {
        "investment_plan_id": null,
        "garantia": 160,
        "document_id": 303,
        "customer_id": null
    }
},
{
    "model": "documents.documentguarantee",
    "pk": 124,
    "fields": {
        "investment_plan_id": null,
        "garantia": 161,
        "document_id": 304,
        "customer_id": null
    }
},
{
    "model": "documents.documentguarantee",
    "pk": 125,
    "fields": {
        "investment_plan_id": null,
        "garantia": 162,
        "document_id": 307,
        "customer_id": null
    }
},
{
    "model": "documents.documentguarantee",
    "pk": 158,
    "fields": {
        "investment_plan_id": null,
        "garantia": 163,
        "document_id": 340,
        "customer_id": null
    }
},
{
    "model": "documents.documentguarantee",
    "pk": 159,
    "fields": {
        "investment_plan_id": null,
        "garantia": 196,
        "document_id": 341,
        "customer_id": null
    }
},
{
    "model": "documents.documentguarantee",
    "pk": 160,
    "fields": {
        "investment_plan_id": null,
        "garantia": 197,
        "document_id": 342,
        "customer_id": null
    }
},
{
    "model": "documents.documentguarantee",
    "pk": 161,
    "fields": {
        "investment_plan_id": null,
        "garantia": 199,
        "document_id": 343,
        "customer_id": null
    }
},
{
    "model": "documents.documentguarantee",
    "pk": 162,
    "fields": {
        "investment_plan_id": null,
        "garantia": 200,
        "document_id": 349,
        "customer_id": null
    }
},
{
    "model": "documents.documentguarantee",
    "pk": 163,
    "fields": {
        "investment_plan_id": null,
        "garantia": 201,
        "document_id": 350,
        "customer_id": null
    }
},
{
    "model": "documents.documentguarantee",
    "pk": 164,
    "fields": {
        "investment_plan_id": null,
        "garantia": 203,
        "document_id": 351,
        "customer_id": null
    }
},
{
    "model": "documents.documentguarantee",
    "pk": 165,
    "fields": {
        "investment_plan_id": null,
        "garantia": 204,
        "document_id": 352,
        "customer_id": null
    }
},
{
    "model": "documents.documentguarantee",
    "pk": 166,
    "fields": {
        "investment_plan_id": null,
        "garantia": 205,
        "document_id": 353,
        "customer_id": null
    }
},
{
    "model": "documents.documentguarantee",
    "pk": 167,
    "fields": {
        "investment_plan_id": null,
        "garantia": 206,
        "document_id": 355,
        "customer_id": null
    }
},
{
    "model": "documents.documentguarantee",
    "pk": 168,
    "fields": {
        "investment_plan_id": null,
        "garantia": 207,
        "document_id": 357,
        "customer_id": null
    }
},
{
    "model": "documents.documentguarantee",
    "pk": 169,
    "fields": {
        "investment_plan_id": null,
        "garantia": 208,
        "document_id": 358,
        "customer_id": null
    }
},
{
    "model": "documents.documentguarantee",
    "pk": 171,
    "fields": {
        "investment_plan_id": null,
        "garantia": 211,
        "document_id": 363,
        "customer_id": null
    }
},
{
    "model": "documents.documentguarantee",
    "pk": 172,
    "fields": {
        "investment_plan_id": null,
        "garantia": 212,
        "document_id": 364,
        "customer_id": null
    }
},
{
    "model": "documents.documentguarantee",
    "pk": 173,
    "fields": {
        "investment_plan_id": null,
        "garantia": 213,
        "document_id": 365,
        "customer_id": null
    }
},
{
    "model": "documents.documentguarantee",
    "pk": 174,
    "fields": {
        "investment_plan_id": null,
        "garantia": 215,
        "document_id": 366,
        "customer_id": null
    }
},
{
    "model": "documents.documentguarantee",
    "pk": 176,
    "fields": {
        "investment_plan_id": null,
        "garantia": 218,
        "document_id": 369,
        "customer_id": null
    }
},
{
    "model": "documents.documentguarantee",
    "pk": 177,
    "fields": {
        "investment_plan_id": null,
        "garantia": 219,
        "document_id": 370,
        "customer_id": null
    }
},
{
    "model": "documents.documentguarantee",
    "pk": 178,
    "fields": {
        "investment_plan_id": null,
        "garantia": 221,
        "document_id": 372,
        "customer_id": null
    }
},
{
    "model": "documents.documentguarantee",
    "pk": 179,
    "fields": {
        "investment_plan_id": null,
        "garantia": 222,
        "document_id": 373,
        "customer_id": null
    }
},
{
    "model": "documents.documentguarantee",
    "pk": 180,
    "fields": {
        "investment_plan_id": null,
        "garantia": 223,
        "document_id": 374,
        "customer_id": null
    }
},
{
    "model": "documents.documentguarantee",
    "pk": 181,
    "fields": {
        "investment_plan_id": null,
        "garantia": 223,
        "document_id": 375,
        "customer_id": null
    }
},
{
    "model": "documents.documentguarantee",
    "pk": 182,
    "fields": {
        "investment_plan_id": null,
        "garantia": 224,
        "document_id": 379,
        "customer_id": null
    }
},
{
    "model": "documents.documentguarantee",
    "pk": 183,
    "fields": {
        "investment_plan_id": null,
        "garantia": 225,
        "document_id": 380,
        "customer_id": null
    }
},
{
    "model": "documents.documentguarantee",
    "pk": 184,
    "fields": {
        "investment_plan_id": null,
        "garantia": 226,
        "document_id": 381,
        "customer_id": null
    }
},
{
    "model": "documents.documentguarantee",
    "pk": 185,
    "fields": {
        "investment_plan_id": null,
        "garantia": 227,
        "document_id": 382,
        "customer_id": null
    }
},
{
    "model": "documents.documentguarantee",
    "pk": 186,
    "fields": {
        "investment_plan_id": null,
        "garantia": 229,
        "document_id": 383,
        "customer_id": null
    }
},
{
    "model": "documents.documentguarantee",
    "pk": 187,
    "fields": {
        "investment_plan_id": null,
        "garantia": 230,
        "document_id": 384,
        "customer_id": null
    }
},
{
    "model": "documents.documentguarantee",
    "pk": 188,
    "fields": {
        "investment_plan_id": null,
        "garantia": 231,
        "document_id": 385,
        "customer_id": null
    }
},
{
    "model": "documents.documentguarantee",
    "pk": 189,
    "fields": {
        "investment_plan_id": null,
        "garantia": 232,
        "document_id": 386,
        "customer_id": null
    }
},
{
    "model": "documents.documentguarantee",
    "pk": 190,
    "fields": {
        "investment_plan_id": null,
        "garantia": 233,
        "document_id": 387,
        "customer_id": null
    }
},
{
    "model": "documents.documentguarantee",
    "pk": 191,
    "fields": {
        "investment_plan_id": null,
        "garantia": 234,
        "document_id": 388,
        "customer_id": null
    }
},
{
    "model": "documents.documentguarantee",
    "pk": 192,
    "fields": {
        "investment_plan_id": null,
        "garantia": 235,
        "document_id": 389,
        "customer_id": null
    }
},
{
    "model": "documents.documentguarantee",
    "pk": 193,
    "fields": {
        "investment_plan_id": null,
        "garantia": 236,
        "document_id": 390,
        "customer_id": null
    }
},
{
    "model": "documents.documentguarantee",
    "pk": 194,
    "fields": {
        "investment_plan_id": null,
        "garantia": 237,
        "document_id": 391,
        "customer_id": null
    }
},
{
    "model": "documents.documentguarantee",
    "pk": 195,
    "fields": {
        "investment_plan_id": null,
        "garantia": 238,
        "document_id": 395,
        "customer_id": null
    }
},
{
    "model": "documents.documentguarantee",
    "pk": 196,
    "fields": {
        "investment_plan_id": null,
        "garantia": 240,
        "document_id": 397,
        "customer_id": null
    }
},
{
    "model": "documents.documentguarantee",
    "pk": 197,
    "fields": {
        "investment_plan_id": null,
        "garantia": 241,
        "document_id": 398,
        "customer_id": null
    }
},
{
    "model": "documents.documentguarantee",
    "pk": 198,
    "fields": {
        "investment_plan_id": null,
        "garantia": 243,
        "document_id": 402,
        "customer_id": null
    }
},
{
    "model": "documents.documentguarantee",
    "pk": 199,
    "fields": {
        "investment_plan_id": null,
        "garantia": 244,
        "document_id": 403,
        "customer_id": null
    }
},
{
    "model": "documents.documentguarantee",
    "pk": 200,
    "fields": {
        "investment_plan_id": null,
        "garantia": 245,
        "document_id": 408,
        "customer_id": null
    }
},
{
    "model": "documents.documentguarantee",
    "pk": 201,
    "fields": {
        "investment_plan_id": null,
        "garantia": 246,
        "document_id": 409,
        "customer_id": null
    }
},
{
    "model": "documents.documentguarantee",
    "pk": 202,
    "fields": {
        "investment_plan_id": null,
        "garantia": 247,
        "document_id": 410,
        "customer_id": null
    }
},
{
    "model": "documents.documentguarantee",
    "pk": 203,
    "fields": {
        "investment_plan_id": null,
        "garantia": 248,
        "document_id": 411,
        "customer_id": null
    }
},
{
    "model": "documents.documentguarantee",
    "pk": 204,
    "fields": {
        "investment_plan_id": null,
        "garantia": 249,
        "document_id": 412,
        "customer_id": null
    }
},
{
    "model": "documents.documentguarantee",
    "pk": 205,
    "fields": {
        "investment_plan_id": null,
        "garantia": 250,
        "document_id": 413,
        "customer_id": null
    }
},
{
    "model": "documents.documentguarantee",
    "pk": 206,
    "fields": {
        "investment_plan_id": null,
        "garantia": 253,
        "document_id": 414,
        "customer_id": null
    }
},
{
    "model": "documents.documentguarantee",
    "pk": 207,
    "fields": {
        "investment_plan_id": null,
        "garantia": 254,
        "document_id": 415,
        "customer_id": null
    }
},
{
    "model": "documents.documentguarantee",
    "pk": 208,
    "fields": {
        "investment_plan_id": null,
        "garantia": 256,
        "document_id": 416,
        "customer_id": null
    }
},
{
    "model": "documents.documentguarantee",
    "pk": 209,
    "fields": {
        "investment_plan_id": null,
        "garantia": 257,
        "document_id": 417,
        "customer_id": null
    }
},
{
    "model": "documents.documentguarantee",
    "pk": 210,
    "fields": {
        "investment_plan_id": null,
        "garantia": 737,
        "document_id": 418,
        "customer_id": null
    }
},
{
    "model": "documents.documentguarantee",
    "pk": 211,
    "fields": {
        "investment_plan_id": null,
        "garantia": 738,
        "document_id": 419,
        "customer_id": null
    }
},
{
    "model": "documents.documentguarantee",
    "pk": 212,
    "fields": {
        "investment_plan_id": null,
        "garantia": 739,
        "document_id": 424,
        "customer_id": null
    }
},
{
    "model": "documents.documentguarantee",
    "pk": 213,
    "fields": {
        "investment_plan_id": null,
        "garantia": 740,
        "document_id": 425,
        "customer_id": null
    }
},
{
    "model": "documents.documentguarantee",
    "pk": 214,
    "fields": {
        "investment_plan_id": null,
        "garantia": 741,
        "document_id": 426,
        "customer_id": null
    }
},
{
    "model": "documents.documentguarantee",
    "pk": 215,
    "fields": {
        "investment_plan_id": null,
        "garantia": 742,
        "document_id": 427,
        "customer_id": null
    }
},
{
    "model": "documents.documentguarantee",
    "pk": 216,
    "fields": {
        "investment_plan_id": null,
        "garantia": 743,
        "document_id": 428,
        "customer_id": null
    }
},
{
    "model": "documents.documentguarantee",
    "pk": 217,
    "fields": {
        "investment_plan_id": null,
        "garantia": 745,
        "document_id": 429,
        "customer_id": null
    }
},
{
    "model": "documents.documentguarantee",
    "pk": 218,
    "fields": {
        "investment_plan_id": null,
        "garantia": 745,
        "document_id": 430,
        "customer_id": null
    }
},
{
    "model": "documents.documentguarantee",
    "pk": 219,
    "fields": {
        "investment_plan_id": null,
        "garantia": 746,
        "document_id": 431,
        "customer_id": null
    }
},
{
    "model": "documents.documentguarantee",
    "pk": 220,
    "fields": {
        "investment_plan_id": null,
        "garantia": 747,
        "document_id": 434,
        "customer_id": null
    }
},
{
    "model": "documents.documentguarantee",
    "pk": 221,
    "fields": {
        "investment_plan_id": null,
        "garantia": 748,
        "document_id": 435,
        "customer_id": null
    }
},
{
    "model": "documents.documentguarantee",
    "pk": 222,
    "fields": {
        "investment_plan_id": null,
        "garantia": 749,
        "document_id": 437,
        "customer_id": null
    }
},
{
    "model": "documents.documentguarantee",
    "pk": 223,
    "fields": {
        "investment_plan_id": null,
        "garantia": 750,
        "document_id": 438,
        "customer_id": null
    }
},
{
    "model": "documents.documentguarantee",
    "pk": 224,
    "fields": {
        "investment_plan_id": null,
        "garantia": 751,
        "document_id": 441,
        "customer_id": null
    }
},
{
    "model": "documents.documentguarantee",
    "pk": 225,
    "fields": {
        "investment_plan_id": null,
        "garantia": 752,
        "document_id": 442,
        "customer_id": null
    }
},
{
    "model": "documents.documentguarantee",
    "pk": 226,
    "fields": {
        "investment_plan_id": null,
        "garantia": 753,
        "document_id": 443,
        "customer_id": null
    }
},
{
    "model": "documents.documentguarantee",
    "pk": 227,
    "fields": {
        "investment_plan_id": null,
        "garantia": 755,
        "document_id": 444,
        "customer_id": null
    }
},
{
    "model": "documents.documentguarantee",
    "pk": 228,
    "fields": {
        "investment_plan_id": null,
        "garantia": 756,
        "document_id": 445,
        "customer_id": null
    }
},
{
    "model": "documents.documentguarantee",
    "pk": 229,
    "fields": {
        "investment_plan_id": null,
        "garantia": 758,
        "document_id": 446,
        "customer_id": null
    }
},
{
    "model": "documents.documentguarantee",
    "pk": 230,
    "fields": {
        "investment_plan_id": null,
        "garantia": 760,
        "document_id": 447,
        "customer_id": null
    }
},
{
    "model": "documents.documentguarantee",
    "pk": 231,
    "fields": {
        "investment_plan_id": null,
        "garantia": 762,
        "document_id": 448,
        "customer_id": null
    }
},
{
    "model": "documents.documentguarantee",
    "pk": 232,
    "fields": {
        "investment_plan_id": null,
        "garantia": 763,
        "document_id": 450,
        "customer_id": null
    }
},
{
    "model": "documents.documentguarantee",
    "pk": 233,
    "fields": {
        "investment_plan_id": null,
        "garantia": 764,
        "document_id": 451,
        "customer_id": null
    }
},
{
    "model": "documents.documentguarantee",
    "pk": 234,
    "fields": {
        "investment_plan_id": null,
        "garantia": 765,
        "document_id": 452,
        "customer_id": null
    }
},
{
    "model": "documents.documentguarantee",
    "pk": 235,
    "fields": {
        "investment_plan_id": null,
        "garantia": 766,
        "document_id": 453,
        "customer_id": null
    }
},
{
    "model": "documents.documentguarantee",
    "pk": 236,
    "fields": {
        "investment_plan_id": null,
        "garantia": 767,
        "document_id": 454,
        "customer_id": null
    }
},
{
    "model": "documents.documentguarantee",
    "pk": 237,
    "fields": {
        "investment_plan_id": null,
        "garantia": 768,
        "document_id": 456,
        "customer_id": null
    }
},
{
    "model": "documents.documentguarantee",
    "pk": 238,
    "fields": {
        "investment_plan_id": null,
        "garantia": 769,
        "document_id": 457,
        "customer_id": null
    }
},
{
    "model": "documents.documentguarantee",
    "pk": 239,
    "fields": {
        "investment_plan_id": null,
        "garantia": 770,
        "document_id": 458,
        "customer_id": null
    }
},
{
    "model": "documents.documentguarantee",
    "pk": 240,
    "fields": {
        "investment_plan_id": null,
        "garantia": 771,
        "document_id": 459,
        "customer_id": null
    }
},
{
    "model": "documents.documentguarantee",
    "pk": 241,
    "fields": {
        "investment_plan_id": null,
        "garantia": 773,
        "document_id": 461,
        "customer_id": null
    }
},
{
    "model": "documents.documentguarantee",
    "pk": 242,
    "fields": {
        "investment_plan_id": null,
        "garantia": 774,
        "document_id": 462,
        "customer_id": null
    }
},
{
    "model": "documents.documentguarantee",
    "pk": 243,
    "fields": {
        "investment_plan_id": null,
        "garantia": 789,
        "document_id": 466,
        "customer_id": null
    }
},
{
    "model": "documents.documentguarantee",
    "pk": 244,
    "fields": {
        "investment_plan_id": null,
        "garantia": 790,
        "document_id": 467,
        "customer_id": null
    }
},
{
    "model": "documents.documentguarantee",
    "pk": 245,
    "fields": {
        "investment_plan_id": null,
        "garantia": 791,
        "document_id": 468,
        "customer_id": null
    }
},
{
    "model": "documents.documentguarantee",
    "pk": 246,
    "fields": {
        "investment_plan_id": null,
        "garantia": 797,
        "document_id": 469,
        "customer_id": null
    }
},
{
    "model": "documents.documentguarantee",
    "pk": 247,
    "fields": {
        "investment_plan_id": null,
        "garantia": 798,
        "document_id": 470,
        "customer_id": null
    }
},
{
    "model": "documents.documentguarantee",
    "pk": 248,
    "fields": {
        "investment_plan_id": null,
        "garantia": 800,
        "document_id": 471,
        "customer_id": null
    }
},
{
    "model": "documents.documentguarantee",
    "pk": 249,
    "fields": {
        "investment_plan_id": null,
        "garantia": 801,
        "document_id": 472,
        "customer_id": null
    }
},
{
    "model": "documents.documentguarantee",
    "pk": 250,
    "fields": {
        "investment_plan_id": null,
        "garantia": 805,
        "document_id": 473,
        "customer_id": null
    }
},
{
    "model": "documents.documentguarantee",
    "pk": 251,
    "fields": {
        "investment_plan_id": null,
        "garantia": 804,
        "document_id": 474,
        "customer_id": null
    }
},
{
    "model": "documents.documentguarantee",
    "pk": 252,
    "fields": {
        "investment_plan_id": null,
        "garantia": 803,
        "document_id": 475,
        "customer_id": null
    }
},
{
    "model": "documents.documentguarantee",
    "pk": 253,
    "fields": {
        "investment_plan_id": null,
        "garantia": 807,
        "document_id": 476,
        "customer_id": null
    }
},
{
    "model": "documents.documentguarantee",
    "pk": 254,
    "fields": {
        "investment_plan_id": null,
        "garantia": 809,
        "document_id": 477,
        "customer_id": null
    }
},
{
    "model": "documents.documentguarantee",
    "pk": 255,
    "fields": {
        "investment_plan_id": null,
        "garantia": 810,
        "document_id": 478,
        "customer_id": null
    }
},
{
    "model": "documents.documentguarantee",
    "pk": 256,
    "fields": {
        "investment_plan_id": null,
        "garantia": 821,
        "document_id": 479,
        "customer_id": null
    }
},
{
    "model": "documents.documentguarantee",
    "pk": 257,
    "fields": {
        "investment_plan_id": null,
        "garantia": 822,
        "document_id": 480,
        "customer_id": null
    }
},
{
    "model": "documents.documentguarantee",
    "pk": 258,
    "fields": {
        "investment_plan_id": null,
        "garantia": 823,
        "document_id": 481,
        "customer_id": null
    }
},
{
    "model": "documents.documentguarantee",
    "pk": 259,
    "fields": {
        "investment_plan_id": null,
        "garantia": 824,
        "document_id": 482,
        "customer_id": null
    }
},
{
    "model": "documents.documentguarantee",
    "pk": 260,
    "fields": {
        "investment_plan_id": null,
        "garantia": 826,
        "document_id": 483,
        "customer_id": null
    }
},
{
    "model": "documents.documentguarantee",
    "pk": 261,
    "fields": {
        "investment_plan_id": null,
        "garantia": 825,
        "document_id": 484,
        "customer_id": null
    }
},
{
    "model": "documents.documentguarantee",
    "pk": 262,
    "fields": {
        "investment_plan_id": null,
        "garantia": 827,
        "document_id": 486,
        "customer_id": null
    }
},
{
    "model": "documents.documentguarantee",
    "pk": 263,
    "fields": {
        "investment_plan_id": null,
        "garantia": 828,
        "document_id": 487,
        "customer_id": null
    }
},
{
    "model": "documents.documentguarantee",
    "pk": 264,
    "fields": {
        "investment_plan_id": null,
        "garantia": 829,
        "document_id": 488,
        "customer_id": null
    }
},
{
    "model": "documents.documentguarantee",
    "pk": 265,
    "fields": {
        "investment_plan_id": null,
        "garantia": 830,
        "document_id": 489,
        "customer_id": null
    }
},
{
    "model": "documents.documentguarantee",
    "pk": 266,
    "fields": {
        "investment_plan_id": null,
        "garantia": 832,
        "document_id": 492,
        "customer_id": null
    }
},
{
    "model": "documents.documentguarantee",
    "pk": 267,
    "fields": {
        "investment_plan_id": null,
        "garantia": 834,
        "document_id": 493,
        "customer_id": null
    }
},
{
    "model": "documents.documentguarantee",
    "pk": 268,
    "fields": {
        "investment_plan_id": null,
        "garantia": 835,
        "document_id": 494,
        "customer_id": null
    }
},
{
    "model": "documents.documentguarantee",
    "pk": 269,
    "fields": {
        "investment_plan_id": null,
        "garantia": 836,
        "document_id": 495,
        "customer_id": null
    }
},
{
    "model": "documents.documentguarantee",
    "pk": 270,
    "fields": {
        "investment_plan_id": null,
        "garantia": 837,
        "document_id": 496,
        "customer_id": null
    }
},
{
    "model": "documents.documentguarantee",
    "pk": 271,
    "fields": {
        "investment_plan_id": null,
        "garantia": 839,
        "document_id": 497,
        "customer_id": null
    }
},
{
    "model": "documents.documentguarantee",
    "pk": 272,
    "fields": {
        "investment_plan_id": null,
        "garantia": 841,
        "document_id": 500,
        "customer_id": null
    }
},
{
    "model": "documents.documentguarantee",
    "pk": 273,
    "fields": {
        "investment_plan_id": null,
        "garantia": 842,
        "document_id": 501,
        "customer_id": null
    }
},
{
    "model": "documents.documentguarantee",
    "pk": 274,
    "fields": {
        "investment_plan_id": null,
        "garantia": 843,
        "document_id": 502,
        "customer_id": null
    }
},
{
    "model": "documents.documentguarantee",
    "pk": 307,
    "fields": {
        "investment_plan_id": null,
        "garantia": 876,
        "document_id": 536,
        "customer_id": null
    }
},
{
    "model": "documents.documentguarantee",
    "pk": 308,
    "fields": {
        "investment_plan_id": null,
        "garantia": 877,
        "document_id": 537,
        "customer_id": null
    }
},
{
    "model": "documents.documentguarantee",
    "pk": 309,
    "fields": {
        "investment_plan_id": null,
        "garantia": 878,
        "document_id": 538,
        "customer_id": null
    }
},
{
    "model": "documents.documentguarantee",
    "pk": 310,
    "fields": {
        "investment_plan_id": null,
        "garantia": 879,
        "document_id": 539,
        "customer_id": null
    }
},
{
    "model": "documents.documentguarantee",
    "pk": 311,
    "fields": {
        "investment_plan_id": null,
        "garantia": 881,
        "document_id": 541,
        "customer_id": null
    }
},
{
    "model": "documents.documentguarantee",
    "pk": 312,
    "fields": {
        "investment_plan_id": null,
        "garantia": 882,
        "document_id": 542,
        "customer_id": null
    }
},
{
    "model": "documents.documentguarantee",
    "pk": 313,
    "fields": {
        "investment_plan_id": null,
        "garantia": 884,
        "document_id": 543,
        "customer_id": null
    }
},
{
    "model": "documents.documentguarantee",
    "pk": 314,
    "fields": {
        "investment_plan_id": null,
        "garantia": 885,
        "document_id": 544,
        "customer_id": null
    }
},
{
    "model": "documents.documentguarantee",
    "pk": 315,
    "fields": {
        "investment_plan_id": null,
        "garantia": 887,
        "document_id": 545,
        "customer_id": null
    }
},
{
    "model": "documents.documentguarantee",
    "pk": 316,
    "fields": {
        "investment_plan_id": null,
        "garantia": 888,
        "document_id": 547,
        "customer_id": null
    }
},
{
    "model": "documents.documentguarantee",
    "pk": 317,
    "fields": {
        "investment_plan_id": null,
        "garantia": 889,
        "document_id": 548,
        "customer_id": null
    }
},
{
    "model": "documents.documentguarantee",
    "pk": 318,
    "fields": {
        "investment_plan_id": null,
        "garantia": 891,
        "document_id": 549,
        "customer_id": null
    }
},
{
    "model": "documents.documentguarantee",
    "pk": 319,
    "fields": {
        "investment_plan_id": null,
        "garantia": 892,
        "document_id": 550,
        "customer_id": null
    }
},
{
    "model": "documents.documentguarantee",
    "pk": 320,
    "fields": {
        "investment_plan_id": null,
        "garantia": 893,
        "document_id": 551,
        "customer_id": null
    }
},
{
    "model": "documents.documentguarantee",
    "pk": 321,
    "fields": {
        "investment_plan_id": null,
        "garantia": 894,
        "document_id": 552,
        "customer_id": null
    }
},
{
    "model": "documents.documentguarantee",
    "pk": 322,
    "fields": {
        "investment_plan_id": null,
        "garantia": 895,
        "document_id": 554,
        "customer_id": null
    }
},
{
    "model": "documents.documentguarantee",
    "pk": 323,
    "fields": {
        "investment_plan_id": null,
        "garantia": 896,
        "document_id": 555,
        "customer_id": null
    }
},
{
    "model": "documents.documentguarantee",
    "pk": 324,
    "fields": {
        "investment_plan_id": null,
        "garantia": 897,
        "document_id": 556,
        "customer_id": null
    }
},
{
    "model": "documents.documentguarantee",
    "pk": 325,
    "fields": {
        "investment_plan_id": null,
        "garantia": 898,
        "document_id": 557,
        "customer_id": null
    }
},
{
    "model": "documents.documentguarantee",
    "pk": 326,
    "fields": {
        "investment_plan_id": null,
        "garantia": 900,
        "document_id": 558,
        "customer_id": null
    }
},
{
    "model": "documents.documentguarantee",
    "pk": 327,
    "fields": {
        "investment_plan_id": null,
        "garantia": 901,
        "document_id": 559,
        "customer_id": null
    }
},
{
    "model": "documents.documentguarantee",
    "pk": 328,
    "fields": {
        "investment_plan_id": null,
        "garantia": 902,
        "document_id": 560,
        "customer_id": null
    }
},
{
    "model": "documents.documentguarantee",
    "pk": 329,
    "fields": {
        "investment_plan_id": null,
        "garantia": 903,
        "document_id": 561,
        "customer_id": null
    }
},
{
    "model": "documents.documentguarantee",
    "pk": 330,
    "fields": {
        "investment_plan_id": null,
        "garantia": 906,
        "document_id": 562,
        "customer_id": null
    }
},
{
    "model": "documents.documentguarantee",
    "pk": 331,
    "fields": {
        "investment_plan_id": null,
        "garantia": 907,
        "document_id": 563,
        "customer_id": null
    }
},
{
    "model": "documents.documentguarantee",
    "pk": 332,
    "fields": {
        "investment_plan_id": null,
        "garantia": 909,
        "document_id": 565,
        "customer_id": null
    }
},
{
    "model": "documents.documentguarantee",
    "pk": 333,
    "fields": {
        "investment_plan_id": null,
        "garantia": 910,
        "document_id": 566,
        "customer_id": null
    }
},
{
    "model": "documents.documentguarantee",
    "pk": 334,
    "fields": {
        "investment_plan_id": null,
        "garantia": 911,
        "document_id": 567,
        "customer_id": null
    }
},
{
    "model": "documents.documentguarantee",
    "pk": 335,
    "fields": {
        "investment_plan_id": null,
        "garantia": 912,
        "document_id": 570,
        "customer_id": null
    }
},
{
    "model": "documents.documentguarantee",
    "pk": 336,
    "fields": {
        "investment_plan_id": null,
        "garantia": 913,
        "document_id": 571,
        "customer_id": null
    }
},
{
    "model": "documents.documentguarantee",
    "pk": 337,
    "fields": {
        "investment_plan_id": null,
        "garantia": 915,
        "document_id": 572,
        "customer_id": null
    }
},
{
    "model": "documents.documentguarantee",
    "pk": 338,
    "fields": {
        "investment_plan_id": null,
        "garantia": 916,
        "document_id": 573,
        "customer_id": null
    }
},
{
    "model": "documents.documentguarantee",
    "pk": 339,
    "fields": {
        "investment_plan_id": null,
        "garantia": 917,
        "document_id": 574,
        "customer_id": null
    }
},
{
    "model": "documents.documentguarantee",
    "pk": 340,
    "fields": {
        "investment_plan_id": null,
        "garantia": 919,
        "document_id": 575,
        "customer_id": null
    }
},
{
    "model": "documents.documentguarantee",
    "pk": 341,
    "fields": {
        "investment_plan_id": null,
        "garantia": 921,
        "document_id": 576,
        "customer_id": null
    }
},
{
    "model": "documents.documentguarantee",
    "pk": 342,
    "fields": {
        "investment_plan_id": null,
        "garantia": 923,
        "document_id": 581,
        "customer_id": null
    }
},
{
    "model": "documents.documentguarantee",
    "pk": 343,
    "fields": {
        "investment_plan_id": null,
        "garantia": 922,
        "document_id": 582,
        "customer_id": null
    }
},
{
    "model": "documents.documentguarantee",
    "pk": 344,
    "fields": {
        "investment_plan_id": null,
        "garantia": 924,
        "document_id": 583,
        "customer_id": null
    }
},
{
    "model": "documents.documentguarantee",
    "pk": 345,
    "fields": {
        "investment_plan_id": null,
        "garantia": 925,
        "document_id": 584,
        "customer_id": null
    }
},
{
    "model": "documents.documentguarantee",
    "pk": 346,
    "fields": {
        "investment_plan_id": null,
        "garantia": 926,
        "document_id": 585,
        "customer_id": null
    }
},
{
    "model": "documents.documentguarantee",
    "pk": 347,
    "fields": {
        "investment_plan_id": null,
        "garantia": 927,
        "document_id": 586,
        "customer_id": null
    }
},
{
    "model": "documents.documentguarantee",
    "pk": 348,
    "fields": {
        "investment_plan_id": null,
        "garantia": 929,
        "document_id": 587,
        "customer_id": null
    }
},
{
    "model": "documents.documentguarantee",
    "pk": 349,
    "fields": {
        "investment_plan_id": null,
        "garantia": 930,
        "document_id": 588,
        "customer_id": null
    }
},
{
    "model": "documents.documentguarantee",
    "pk": 350,
    "fields": {
        "investment_plan_id": null,
        "garantia": 931,
        "document_id": 589,
        "customer_id": null
    }
},
{
    "model": "documents.documentguarantee",
    "pk": 351,
    "fields": {
        "investment_plan_id": null,
        "garantia": 932,
        "document_id": 590,
        "customer_id": null
    }
},
{
    "model": "documents.documentguarantee",
    "pk": 352,
    "fields": {
        "investment_plan_id": null,
        "garantia": 934,
        "document_id": 591,
        "customer_id": null
    }
},
{
    "model": "documents.documentguarantee",
    "pk": 353,
    "fields": {
        "investment_plan_id": null,
        "garantia": 936,
        "document_id": 592,
        "customer_id": null
    }
},
{
    "model": "documents.documentguarantee",
    "pk": 354,
    "fields": {
        "investment_plan_id": null,
        "garantia": 937,
        "document_id": 593,
        "customer_id": null
    }
},
{
    "model": "documents.documentguarantee",
    "pk": 355,
    "fields": {
        "investment_plan_id": null,
        "garantia": 938,
        "document_id": 594,
        "customer_id": null
    }
},
{
    "model": "documents.documentguarantee",
    "pk": 356,
    "fields": {
        "investment_plan_id": null,
        "garantia": 939,
        "document_id": 595,
        "customer_id": null
    }
},
{
    "model": "documents.documentguarantee",
    "pk": 357,
    "fields": {
        "investment_plan_id": null,
        "garantia": 941,
        "document_id": 598,
        "customer_id": null
    }
},
{
    "model": "documents.documentguarantee",
    "pk": 358,
    "fields": {
        "investment_plan_id": null,
        "garantia": 943,
        "document_id": 599,
        "customer_id": null
    }
},
{
    "model": "documents.documentguarantee",
    "pk": 359,
    "fields": {
        "investment_plan_id": null,
        "garantia": 944,
        "document_id": 600,
        "customer_id": null
    }
},
{
    "model": "documents.documentguarantee",
    "pk": 360,
    "fields": {
        "investment_plan_id": null,
        "garantia": 945,
        "document_id": 602,
        "customer_id": null
    }
},
{
    "model": "documents.documentguarantee",
    "pk": 361,
    "fields": {
        "investment_plan_id": null,
        "garantia": 946,
        "document_id": 603,
        "customer_id": null
    }
},
{
    "model": "documents.documentguarantee",
    "pk": 362,
    "fields": {
        "investment_plan_id": null,
        "garantia": 947,
        "document_id": 604,
        "customer_id": null
    }
},
{
    "model": "documents.documentguarantee",
    "pk": 363,
    "fields": {
        "investment_plan_id": null,
        "garantia": 948,
        "document_id": 605,
        "customer_id": null
    }
},
{
    "model": "documents.documentguarantee",
    "pk": 364,
    "fields": {
        "investment_plan_id": null,
        "garantia": 949,
        "document_id": 606,
        "customer_id": null
    }
},
{
    "model": "documents.documentguarantee",
    "pk": 365,
    "fields": {
        "investment_plan_id": null,
        "garantia": 950,
        "document_id": 609,
        "customer_id": null
    }
},
{
    "model": "documents.documentguarantee",
    "pk": 366,
    "fields": {
        "investment_plan_id": null,
        "garantia": 951,
        "document_id": 610,
        "customer_id": null
    }
},
{
    "model": "documents.documentguarantee",
    "pk": 367,
    "fields": {
        "investment_plan_id": null,
        "garantia": 952,
        "document_id": 611,
        "customer_id": null
    }
},
{
    "model": "documents.documentguarantee",
    "pk": 368,
    "fields": {
        "investment_plan_id": null,
        "garantia": 954,
        "document_id": 612,
        "customer_id": null
    }
},
{
    "model": "documents.documentguarantee",
    "pk": 369,
    "fields": {
        "investment_plan_id": null,
        "garantia": 956,
        "document_id": 613,
        "customer_id": null
    }
},
{
    "model": "documents.documentguarantee",
    "pk": 370,
    "fields": {
        "investment_plan_id": null,
        "garantia": 957,
        "document_id": 614,
        "customer_id": null
    }
},
{
    "model": "documents.documentguarantee",
    "pk": 371,
    "fields": {
        "investment_plan_id": null,
        "garantia": 958,
        "document_id": 615,
        "customer_id": null
    }
},
{
    "model": "documents.documentguarantee",
    "pk": 372,
    "fields": {
        "investment_plan_id": null,
        "garantia": 959,
        "document_id": 616,
        "customer_id": null
    }
},
{
    "model": "documents.documentguarantee",
    "pk": 373,
    "fields": {
        "investment_plan_id": null,
        "garantia": 960,
        "document_id": 619,
        "customer_id": null
    }
},
{
    "model": "documents.documentguarantee",
    "pk": 374,
    "fields": {
        "investment_plan_id": null,
        "garantia": 961,
        "document_id": 622,
        "customer_id": null
    }
},
{
    "model": "documents.documentguarantee",
    "pk": 375,
    "fields": {
        "investment_plan_id": null,
        "garantia": 966,
        "document_id": 628,
        "customer_id": null
    }
},
{
    "model": "documents.documentguarantee",
    "pk": 376,
    "fields": {
        "investment_plan_id": null,
        "garantia": 963,
        "document_id": 629,
        "customer_id": null
    }
},
{
    "model": "documents.documentguarantee",
    "pk": 377,
    "fields": {
        "investment_plan_id": null,
        "garantia": 964,
        "document_id": 630,
        "customer_id": null
    }
},
{
    "model": "documents.documentguarantee",
    "pk": 378,
    "fields": {
        "investment_plan_id": null,
        "garantia": 967,
        "document_id": 631,
        "customer_id": null
    }
},
{
    "model": "documents.documentguarantee",
    "pk": 379,
    "fields": {
        "investment_plan_id": null,
        "garantia": 971,
        "document_id": 632,
        "customer_id": null
    }
},
{
    "model": "documents.documentguarantee",
    "pk": 380,
    "fields": {
        "investment_plan_id": null,
        "garantia": 972,
        "document_id": 633,
        "customer_id": null
    }
},
{
    "model": "documents.documentguarantee",
    "pk": 381,
    "fields": {
        "investment_plan_id": null,
        "garantia": 973,
        "document_id": 634,
        "customer_id": null
    }
},
{
    "model": "documents.documentguarantee",
    "pk": 382,
    "fields": {
        "investment_plan_id": null,
        "garantia": 974,
        "document_id": 635,
        "customer_id": null
    }
},
{
    "model": "documents.documentguarantee",
    "pk": 383,
    "fields": {
        "investment_plan_id": null,
        "garantia": 975,
        "document_id": 636,
        "customer_id": null
    }
},
{
    "model": "documents.documentguarantee",
    "pk": 384,
    "fields": {
        "investment_plan_id": null,
        "garantia": 976,
        "document_id": 637,
        "customer_id": null
    }
},
{
    "model": "documents.documentguarantee",
    "pk": 385,
    "fields": {
        "investment_plan_id": null,
        "garantia": 978,
        "document_id": 642,
        "customer_id": null
    }
},
{
    "model": "documents.documentguarantee",
    "pk": 386,
    "fields": {
        "investment_plan_id": null,
        "garantia": 979,
        "document_id": 643,
        "customer_id": null
    }
},
{
    "model": "documents.documentguarantee",
    "pk": 387,
    "fields": {
        "investment_plan_id": null,
        "garantia": 980,
        "document_id": 644,
        "customer_id": null
    }
},
{
    "model": "documents.documentguarantee",
    "pk": 388,
    "fields": {
        "investment_plan_id": null,
        "garantia": 981,
        "document_id": 645,
        "customer_id": null
    }
},
{
    "model": "documents.documentguarantee",
    "pk": 389,
    "fields": {
        "investment_plan_id": null,
        "garantia": 982,
        "document_id": 646,
        "customer_id": null
    }
},
{
    "model": "documents.documentguarantee",
    "pk": 390,
    "fields": {
        "investment_plan_id": null,
        "garantia": 983,
        "document_id": 648,
        "customer_id": null
    }
},
{
    "model": "documents.documentguarantee",
    "pk": 391,
    "fields": {
        "investment_plan_id": null,
        "garantia": 984,
        "document_id": 649,
        "customer_id": null
    }
},
{
    "model": "documents.documentguarantee",
    "pk": 392,
    "fields": {
        "investment_plan_id": null,
        "garantia": 986,
        "document_id": 650,
        "customer_id": null
    }
},
{
    "model": "documents.documentguarantee",
    "pk": 393,
    "fields": {
        "investment_plan_id": null,
        "garantia": 990,
        "document_id": 651,
        "customer_id": null
    }
},
{
    "model": "documents.documentguarantee",
    "pk": 396,
    "fields": {
        "investment_plan_id": null,
        "garantia": 994,
        "document_id": 655,
        "customer_id": null
    }
},
{
    "model": "documents.documentguarantee",
    "pk": 397,
    "fields": {
        "investment_plan_id": null,
        "garantia": 995,
        "document_id": 661,
        "customer_id": null
    }
},
{
    "model": "documents.documentguarantee",
    "pk": 398,
    "fields": {
        "investment_plan_id": null,
        "garantia": 998,
        "document_id": 663,
        "customer_id": null
    }
},
{
    "model": "documents.documentguarantee",
    "pk": 399,
    "fields": {
        "investment_plan_id": null,
        "garantia": 999,
        "document_id": 664,
        "customer_id": null
    }
},
{
    "model": "documents.documentguarantee",
    "pk": 400,
    "fields": {
        "investment_plan_id": null,
        "garantia": 1024,
        "document_id": 672,
        "customer_id": null
    }
},
{
    "model": "documents.documentguarantee",
    "pk": 401,
    "fields": {
        "investment_plan_id": null,
        "garantia": 1025,
        "document_id": 675,
        "customer_id": null
    }
},
{
    "model": "documents.documentguarantee",
    "pk": 402,
    "fields": {
        "investment_plan_id": null,
        "garantia": 1026,
        "document_id": 676,
        "customer_id": null
    }
},
{
    "model": "documents.documentguarantee",
    "pk": 403,
    "fields": {
        "investment_plan_id": null,
        "garantia": 1028,
        "document_id": 680,
        "customer_id": null
    }
},
{
    "model": "documents.documentguarantee",
    "pk": 404,
    "fields": {
        "investment_plan_id": null,
        "garantia": 1008,
        "document_id": 682,
        "customer_id": null
    }
},
{
    "model": "documents.documentguarantee",
    "pk": 405,
    "fields": {
        "investment_plan_id": null,
        "garantia": 1007,
        "document_id": 685,
        "customer_id": null
    }
},
{
    "model": "documents.documentguarantee",
    "pk": 406,
    "fields": {
        "investment_plan_id": null,
        "garantia": 1016,
        "document_id": 686,
        "customer_id": null
    }
},
{
    "model": "documents.documentguarantee",
    "pk": 407,
    "fields": {
        "investment_plan_id": null,
        "garantia": 1017,
        "document_id": 687,
        "customer_id": null
    }
},
{
    "model": "documents.documentguarantee",
    "pk": 408,
    "fields": {
        "investment_plan_id": null,
        "garantia": 1003,
        "document_id": 688,
        "customer_id": null
    }
},
{
    "model": "documents.documentguarantee",
    "pk": 409,
    "fields": {
        "investment_plan_id": null,
        "garantia": 1002,
        "document_id": 689,
        "customer_id": null
    }
},
{
    "model": "documents.documentguarantee",
    "pk": 410,
    "fields": {
        "investment_plan_id": null,
        "garantia": 1021,
        "document_id": 690,
        "customer_id": null
    }
},
{
    "model": "documents.documentguarantee",
    "pk": 411,
    "fields": {
        "investment_plan_id": null,
        "garantia": 1009,
        "document_id": 691,
        "customer_id": null
    }
},
{
    "model": "documents.documentguarantee",
    "pk": 412,
    "fields": {
        "investment_plan_id": null,
        "garantia": 1030,
        "document_id": 694,
        "customer_id": null
    }
},
{
    "model": "documents.documentguarantee",
    "pk": 413,
    "fields": {
        "investment_plan_id": null,
        "garantia": 1031,
        "document_id": 696,
        "customer_id": null
    }
},
{
    "model": "documents.documentguarantee",
    "pk": 414,
    "fields": {
        "investment_plan_id": null,
        "garantia": 1033,
        "document_id": 697,
        "customer_id": null
    }
},
{
    "model": "documents.documentguarantee",
    "pk": 415,
    "fields": {
        "investment_plan_id": null,
        "garantia": 1035,
        "document_id": 700,
        "customer_id": null
    }
},
{
    "model": "documents.documentguarantee",
    "pk": 416,
    "fields": {
        "investment_plan_id": null,
        "garantia": 1036,
        "document_id": 703,
        "customer_id": null
    }
},
{
    "model": "documents.documentguarantee",
    "pk": 417,
    "fields": {
        "investment_plan_id": null,
        "garantia": 1037,
        "document_id": 706,
        "customer_id": null
    }
},
{
    "model": "documents.documentguarantee",
    "pk": 418,
    "fields": {
        "investment_plan_id": null,
        "garantia": 1039,
        "document_id": 707,
        "customer_id": null
    }
},
{
    "model": "documents.documentguarantee",
    "pk": 419,
    "fields": {
        "investment_plan_id": null,
        "garantia": 1042,
        "document_id": 712,
        "customer_id": null
    }
},
{
    "model": "documents.documentguarantee",
    "pk": 420,
    "fields": {
        "investment_plan_id": null,
        "garantia": 1043,
        "document_id": 717,
        "customer_id": null
    }
}
]
