[
{
    "model": "actividades.informediariosistema",
    "pk": 10,
    "fields": {
        "nombre_reporte": "Reporte INVERSIONES INTEGRALES EL TELAR DIARIO",
        "descripcion": null,
        "fecha_registro": "2025-10-30",
        "fecha_vencimiento": "2025-11-01",
        "esta_activo": true,
        "sucursal": 1
    }
},
{
    "model": "actividades.informediariosistema",
    "pk": 11,
    "fields": {
        "nombre_reporte": "Reporte INVERSIONES INTEGRALES EL TELAR DIARIO",
        "descripcion": null,
        "fecha_registro": "2025-10-30",
        "fecha_vencimiento": "2025-11-01",
        "esta_activo": true,
        "sucursal": 2
    }
},
{
    "model": "actividades.informediariosistema",
    "pk": 19,
    "fields": {
        "nombre_reporte": "Reporte INVERSIONES INTEGRALES EL TELAR DIARIO",
        "descripcion": null,
        "fecha_registro": "2025-11-03",
        "fecha_vencimiento": "2025-12-01",
        "esta_activo": true,
        "sucursal": 1
    }
},
{
    "model": "actividades.informediariosistema",
    "pk": 20,
    "fields": {
        "nombre_reporte": "Reporte INVERSIONES INTEGRALES EL TELAR DIARIO",
        "descripcion": null,
        "fecha_registro": "2025-11-03",
        "fecha_vencimiento": "2025-12-01",
        "esta_activo": true,
        "sucursal": 2
    }
}
]
