[
{
    "model": "accountings.income",
    "pk": 1,
    "fields": {
        "fecha": "2025-01-06",
        "monto": "4444.40",
        "codigo_ingreso": "Otros Ingresos",
        "descripcion": "OTROS INGRESOS",
        "observaciones": "POR PAGO DE OTROS SERVICIOS, PENDIENTES DE REINTEGRAR",
        "numero_referencia": "28183137",
        "boleta": "pagos/boletas/otros_ingresos/Captura_de_pantalla_2025-02-12_141849.png",
        "status": true,
        "fecha_registro": "2025-02-12",
        "creation_date": "2025-04-10T07:16:30.295Z",
        "sucursal": 1
    }
},
{
    "model": "accountings.income",
    "pk": 3,
    "fields": {
        "fecha": "2025-04-09",
        "monto": "8672.00",
        "codigo_ingreso": "Otros Ingresos",
        "descripcion": "OTROS INGRESOS",
        "observaciones": "POR PAGO DE SERVICIOS PERSONALES, PENDIENTES DE REINTEGRAR",
        "numero_referencia": "71774345",
        "boleta": "pagos/boletas/otros_ingresos/Captura_de_pantalla_2025-04-10_144515.png",
        "status": true,
        "fecha_registro": "2025-04-10",
        "creation_date": "2025-04-10T20:48:13.023Z",
        "sucursal": 1
    }
},
{
    "model": "accountings.income",
    "pk": 4,
    "fields": {
        "fecha": "2025-04-03",
        "monto": "60000.00",
        "codigo_ingreso": "Otros Ingresos",
        "descripcion": "REINTEGRO DE LOS OTROS EGRESOS DEL MES DE ABRIL",
        "observaciones": "REGISTRO DE LOS OTROS EGRESOS DEL MES DE ABRIL",
        "numero_referencia": "1171556511",
        "boleta": "pagos/boletas/otros_ingresos/Imagen_de_WhatsApp_2025-05-01_a_las_13.57.27_11385062.jpg",
        "status": true,
        "fecha_registro": "2025-05-01",
        "creation_date": "2025-05-01T20:02:29.369Z",
        "sucursal": 1
    }
},
{
    "model": "accountings.income",
    "pk": 5,
    "fields": {
        "fecha": "2025-04-04",
        "monto": "50000.00",
        "codigo_ingreso": "Otros Ingresos",
        "descripcion": "REINTEGRO DE LOS OTROS ENGRESOS DEL MES DE MARZO",
        "observaciones": "REINTEGRO DE LOS OTROS EGRESOS DEL MES DE MARZO",
        "numero_referencia": "1202535322",
        "boleta": "pagos/boletas/otros_ingresos/Imagen_de_WhatsApp_2025-05-01_a_las_13.57.27_7821cfd1.jpg",
        "status": true,
        "fecha_registro": "2025-05-01",
        "creation_date": "2025-05-01T20:03:42.937Z",
        "sucursal": 1
    }
},
{
    "model": "accountings.income",
    "pk": 6,
    "fields": {
        "fecha": "2025-04-28",
        "monto": "2500.00",
        "codigo_ingreso": "Servicios terceros",
        "descripcion": "POR SERVICIO DE AVALUO INMOBILIARIO A MONICA GALINDO",
        "observaciones": "POR SERVICIO DE AVALUO INMOBILIARIO A MONICA GALINDO",
        "numero_referencia": "1796526201",
        "boleta": "pagos/boletas/otros_ingresos/Imagen_de_WhatsApp_2025-05-01_a_las_13.58.07_ac2338c6.jpg",
        "status": true,
        "fecha_registro": "2025-05-01",
        "creation_date": "2025-05-01T20:05:07.947Z",
        "sucursal": 1
    }
},
{
    "model": "accountings.income",
    "pk": 7,
    "fields": {
        "fecha": "2025-05-05",
        "monto": "8672.00",
        "codigo_ingreso": "Otros Ingresos",
        "descripcion": "OTROS INGRESOS",
        "observaciones": "DEPOSITO PENDIENTES DE REINTEGRAR",
        "numero_referencia": "80677286",
        "boleta": "pagos/boletas/otros_ingresos/Captura_de_pantalla_2025-05-13_153750.png",
        "status": true,
        "fecha_registro": "2025-05-13",
        "creation_date": "2025-05-13T22:00:15.971Z",
        "sucursal": 1
    }
},
{
    "model": "accountings.income",
    "pk": 8,
    "fields": {
        "fecha": "2025-05-16",
        "monto": "2500.00",
        "codigo_ingreso": "Servicios terceros",
        "descripcion": "SERVICIOS TERCEROS",
        "observaciones": "PAGO POR SERVICIO DE AVALUO PRESTADOS EN EL MES DE MAYO",
        "numero_referencia": "216151360",
        "boleta": "pagos/boletas/otros_ingresos/Imagen_de_WhatsApp_2025-05-16_a_las_12.42.53_78e0db02.jpg",
        "status": true,
        "fecha_registro": "2025-05-22",
        "creation_date": "2025-05-22T21:44:17.288Z",
        "sucursal": 1
    }
},
{
    "model": "accountings.income",
    "pk": 9,
    "fields": {
        "fecha": "2025-05-23",
        "monto": "4000.00",
        "codigo_ingreso": "Otros Ingresos",
        "descripcion": "OTROS INGRESOS",
        "observaciones": "REINTEGRO POR LOS SERVICIOS FINANCIEROS EXTERNOS REALIZADOS ESTE MES",
        "numero_referencia": "428856277",
        "boleta": "pagos/boletas/otros_ingresos/Imagen_de_WhatsApp_2025-05-26_a_las_15.03.50_b35b4051.jpg",
        "status": true,
        "fecha_registro": "2025-05-26",
        "creation_date": "2025-05-26T21:43:38.652Z",
        "sucursal": 1
    }
},
{
    "model": "accountings.income",
    "pk": 10,
    "fields": {
        "fecha": "2025-05-13",
        "monto": "1500.00",
        "codigo_ingreso": "Servicios terceros",
        "descripcion": "SERVICIOS TERCEROS",
        "observaciones": "POR SERVICIOS DE AVALUO REALIZADO EN EL MES DE MAYO",
        "numero_referencia": "133149502",
        "boleta": "pagos/boletas/otros_ingresos/Captura_de_pantalla_2025-06-04_161525.png",
        "status": true,
        "fecha_registro": "2025-06-04",
        "creation_date": "2025-06-04T22:15:55.023Z",
        "sucursal": 1
    }
},
{
    "model": "accountings.income",
    "pk": 43,
    "fields": {
        "fecha": "2025-06-04",
        "monto": "10000.00",
        "codigo_ingreso": "Otros Ingresos",
        "descripcion": "OTROS INGRESOS",
        "observaciones": "REINTEGRO POR LOS SERVICIOS FINANCIEROS EXTERNOS",
        "numero_referencia": "814902438",
        "boleta": "pagos/boletas/otros_ingresos/Imagen_de_WhatsApp_2025-06-11_a_las_12.29.59_7d4190b1.jpg",
        "status": true,
        "fecha_registro": "2025-06-11",
        "creation_date": "2025-06-11T18:51:57.363Z",
        "sucursal": 1
    }
},
{
    "model": "accountings.income",
    "pk": 44,
    "fields": {
        "fecha": "2025-06-27",
        "monto": "9382.40",
        "codigo_ingreso": "Otros Ingresos",
        "descripcion": "OTROS INGRESOS",
        "observaciones": "POR SERVICIOS TERCEROS EXTERNOS",
        "numero_referencia": "80667133",
        "boleta": "pagos/boletas/otros_ingresos/Imagen_de_WhatsApp_2025-07-01_a_las_10.18.19_7519c98d.jpg",
        "status": true,
        "fecha_registro": "2025-07-01",
        "creation_date": "2025-07-01T16:22:53.740Z",
        "sucursal": 1
    }
},
{
    "model": "accountings.income",
    "pk": 45,
    "fields": {
        "fecha": "2025-06-11",
        "monto": "1650.00",
        "codigo_ingreso": "Servicios terceros",
        "descripcion": "SERVICIOS TERCEROS",
        "observaciones": "POR SERVICIOS DE AVALUO",
        "numero_referencia": "996029127",
        "boleta": "pagos/boletas/otros_ingresos/Imagen_de_WhatsApp_2025-07-02_a_las_11.00.44_e8c796f0.jpg",
        "status": true,
        "fecha_registro": "2025-07-02",
        "creation_date": "2025-07-02T17:10:38.742Z",
        "sucursal": 1
    }
},
{
    "model": "accountings.income",
    "pk": 46,
    "fields": {
        "fecha": "2025-06-04",
        "monto": "1000.00",
        "codigo_ingreso": "Otros Ingresos",
        "descripcion": "OTROS INGRESOS",
        "observaciones": "POR DEVOLUCION DE MIL POR ERROR EN DESEMBOLSO DE KIMBERLY QUEJ",
        "numero_referencia": "814008145",
        "boleta": "pagos/boletas/otros_ingresos/Imagen_de_WhatsApp_2025-07-02_a_las_11.01.17_4fadc129.jpg",
        "status": true,
        "fecha_registro": "2025-07-02",
        "creation_date": "2025-07-02T17:11:56.311Z",
        "sucursal": 1
    }
},
{
    "model": "accountings.income",
    "pk": 47,
    "fields": {
        "fecha": "2025-06-14",
        "monto": "5250.00",
        "codigo_ingreso": "Otros Ingresos",
        "descripcion": "OTROS INGRESOS",
        "observaciones": "POR EL CHEQUE REZHAZADO DE ANE VERALY DELGADO",
        "numero_referencia": "65826407",
        "boleta": "pagos/boletas/otros_ingresos/Imagen_de_WhatsApp_2025-07-02_a_las_11.02.15_834c06fb.jpg",
        "status": true,
        "fecha_registro": "2025-07-02",
        "creation_date": "2025-07-02T17:12:59.663Z",
        "sucursal": 1
    }
},
{
    "model": "accountings.income",
    "pk": 48,
    "fields": {
        "fecha": "2025-06-11",
        "monto": "900.00",
        "codigo_ingreso": "Otros Ingresos",
        "descripcion": "OTROS INGRESOS",
        "observaciones": "ABONO A LA CUENTA POR COBRAR A NOMBRE DEL SEÑOR LUIS MANCILLA OLVA",
        "numero_referencia": "1019301236",
        "boleta": "pagos/boletas/otros_ingresos/Captura_de_pantalla_2025-07-02_111535.png",
        "status": true,
        "fecha_registro": "2025-07-02",
        "creation_date": "2025-07-02T17:15:51.510Z",
        "sucursal": 1
    }
},
{
    "model": "accountings.income",
    "pk": 49,
    "fields": {
        "fecha": "2025-07-14",
        "monto": "75000.00",
        "codigo_ingreso": "Otros Ingresos",
        "descripcion": "OTROS INGRESOS",
        "observaciones": "POR REINTEGRO DEL EGRESOS POR SERVICIOS TERCEROS EXTERNOS",
        "numero_referencia": "1994626441",
        "boleta": "pagos/boletas/otros_ingresos/Imagen_de_WhatsApp_2025-07-31_a_las_12.46.49_d6ebdf91.jpg",
        "status": true,
        "fecha_registro": "2025-07-31",
        "creation_date": "2025-07-31T18:48:15.211Z",
        "sucursal": 1
    }
},
{
    "model": "accountings.income",
    "pk": 50,
    "fields": {
        "fecha": "2025-07-06",
        "monto": "250.00",
        "codigo_ingreso": "Otros Ingresos",
        "descripcion": "OTROS INGRESOS",
        "observaciones": "POR PAGO DE JOSE AYALA ACUERDO DE DEPOSITAR 3,500.00",
        "numero_referencia": "1762116763",
        "boleta": "pagos/boletas/otros_ingresos/Imagen_de_WhatsApp_2025-08-01_a_las_12.40.04_1e84c64a.jpg",
        "status": true,
        "fecha_registro": "2025-08-01",
        "creation_date": "2025-08-01T18:40:13.642Z",
        "sucursal": 1
    }
},
{
    "model": "accountings.income",
    "pk": 51,
    "fields": {
        "fecha": "2025-07-13",
        "monto": "250.00",
        "codigo_ingreso": "Otros Ingresos",
        "descripcion": "OTROS INGRESOS",
        "observaciones": "POR EL PAGO DE JOSE AYALA ACUERDO DE DEPOSITAR 3,500.00",
        "numero_referencia": "77139556",
        "boleta": "pagos/boletas/otros_ingresos/Imagen_de_WhatsApp_2025-08-01_a_las_12.41.12_8bd328ad.jpg",
        "status": true,
        "fecha_registro": "2025-08-01",
        "creation_date": "2025-08-01T18:41:19.849Z",
        "sucursal": 1
    }
},
{
    "model": "accountings.income",
    "pk": 52,
    "fields": {
        "fecha": "2025-07-20",
        "monto": "250.00",
        "codigo_ingreso": "Otros Ingresos",
        "descripcion": "OTROS INGRESOS",
        "observaciones": "POR DEPOSITO DE JOSE AYALA POR ACUERDO DE PAGO DE  3,500.00",
        "numero_referencia": "44887993",
        "boleta": "pagos/boletas/otros_ingresos/Imagen_de_WhatsApp_2025-08-01_a_las_12.41.58_f48f9114.jpg",
        "status": true,
        "fecha_registro": "2025-08-01",
        "creation_date": "2025-08-01T18:42:26.690Z",
        "sucursal": 1
    }
},
{
    "model": "accountings.income",
    "pk": 53,
    "fields": {
        "fecha": "2025-07-27",
        "monto": "200.00",
        "codigo_ingreso": "Otros Ingresos",
        "descripcion": "OTROS INGRESOS",
        "observaciones": "POR PAGO DE JOSE AYALA ACUERDO DE PAGO DE 3,500.00",
        "numero_referencia": "252186641",
        "boleta": "pagos/boletas/otros_ingresos/Imagen_de_WhatsApp_2025-08-01_a_las_12.42.49_03345740.jpg",
        "status": true,
        "fecha_registro": "2025-08-01",
        "creation_date": "2025-08-01T18:43:37.061Z",
        "sucursal": 1
    }
},
{
    "model": "accountings.income",
    "pk": 54,
    "fields": {
        "fecha": "2025-07-28",
        "monto": "6050.00",
        "codigo_ingreso": "Otros Ingresos",
        "descripcion": "OTROS INGRESOS",
        "observaciones": "POR EL CHEQUE RECHAZADO DE ANA VERALY DELGADO, QUE ENTRO Y SALIO DE BANCOS",
        "numero_referencia": "94213936",
        "boleta": "pagos/boletas/otros_ingresos/Imagen_de_WhatsApp_2025-08-01_a_las_13.04.51_1211afd8.jpg",
        "status": true,
        "fecha_registro": "2025-08-01",
        "creation_date": "2025-08-01T19:08:14.022Z",
        "sucursal": 1
    }
},
{
    "model": "accountings.income",
    "pk": 55,
    "fields": {
        "fecha": "2025-07-18",
        "monto": "500.00",
        "codigo_ingreso": "Otros Ingresos",
        "descripcion": "OTROS INGRESOS",
        "observaciones": "POR EL PAGO DE COMPUTADORA VENDIDA AL CREDITO POR NEGOCIO REALIZADO",
        "numero_referencia": "2140425754",
        "boleta": "pagos/boletas/otros_ingresos/Imagen_de_WhatsApp_2025-08-01_a_las_14.34.36_95171cfe.jpg",
        "status": true,
        "fecha_registro": "2025-08-01",
        "creation_date": "2025-08-01T20:46:41.309Z",
        "sucursal": 1
    }
},
{
    "model": "accountings.income",
    "pk": 56,
    "fields": {
        "fecha": "2025-08-05",
        "monto": "9512.10",
        "codigo_ingreso": "Otros Ingresos",
        "descripcion": "OTROS INGRESOS",
        "observaciones": "INGRESOS POR SERVICIOS TERCEROS PENDIENTE DE REINTEGRAR",
        "numero_referencia": "90679511",
        "boleta": "pagos/boletas/otros_ingresos/388ea8db-742e-49fe-8940-563999fe5f6c.jpeg",
        "status": true,
        "fecha_registro": "2025-08-11",
        "creation_date": "2025-08-11T16:11:53.686Z",
        "sucursal": 1
    }
},
{
    "model": "accountings.income",
    "pk": 57,
    "fields": {
        "fecha": "2025-08-23",
        "monto": "4000.00",
        "codigo_ingreso": "Otros Ingresos",
        "descripcion": "OTRON INGRESOS",
        "observaciones": "REINTEGRO DEL DEPOSITO ERRONEO REALIZADO A VICTOR CAAL TUT",
        "numero_referencia": "64821693",
        "boleta": "pagos/boletas/otros_ingresos/2c220668-6793-4e3f-baff-814f91186a67.jpeg",
        "status": true,
        "fecha_registro": "2025-08-25",
        "creation_date": "2025-08-25T22:23:15.066Z",
        "sucursal": 1
    }
},
{
    "model": "accountings.income",
    "pk": 58,
    "fields": {
        "fecha": "2025-08-14",
        "monto": "195.00",
        "codigo_ingreso": "Otros Ingresos",
        "descripcion": "OTROS INGRESOS",
        "observaciones": "REGISTRO DE DEPOSITO ERRONEO REALIZADO A NUESTRA POR CLIENTE FRANCISCO LOPEZ",
        "numero_referencia": "837122972",
        "boleta": "pagos/boletas/otros_ingresos/Imagen_de_WhatsApp_2025-08-14_a_las_14.51.43_9852a31b.jpg",
        "status": true,
        "fecha_registro": "2025-08-25",
        "creation_date": "2025-08-25T22:43:16.616Z",
        "sucursal": 1
    }
},
{
    "model": "accountings.income",
    "pk": 59,
    "fields": {
        "fecha": "2025-08-21",
        "monto": "50000.00",
        "codigo_ingreso": "Otros Ingresos",
        "descripcion": "OTROS INGRESOS",
        "observaciones": "02 REINTEGRO POR LA CUENTA POR COBRAR POR LOS SERVICIOS FINANCIERO EXTERNOS",
        "numero_referencia": "1041606634",
        "boleta": "pagos/boletas/otros_ingresos/1f673668-24ac-4813-884d-4922061fb4b3.jpeg",
        "status": true,
        "fecha_registro": "2025-08-25",
        "creation_date": "2025-08-25T22:48:20.506Z",
        "sucursal": 1
    }
},
{
    "model": "accountings.income",
    "pk": 60,
    "fields": {
        "fecha": "2025-08-20",
        "monto": "10000.00",
        "codigo_ingreso": "Otros Ingresos",
        "descripcion": "OTROS INGRESOS",
        "observaciones": "01 REINTEGRO POR LOS SERVICIOS FINANCIEROS EXTERNOS REALIZADOS",
        "numero_referencia": "1006485138",
        "boleta": "pagos/boletas/otros_ingresos/0baabd18-73a9-4d24-8362-c2320fae4a2a.jpeg",
        "status": true,
        "fecha_registro": "2025-08-25",
        "creation_date": "2025-08-25T22:49:48.041Z",
        "sucursal": 1
    }
},
{
    "model": "accountings.income",
    "pk": 61,
    "fields": {
        "fecha": "2025-08-25",
        "monto": "2100.00",
        "codigo_ingreso": "Otros Ingresos",
        "descripcion": "OTROS INGRESOS",
        "observaciones": "REGISTRO DEL REINTEGRO DEL DOBLE PAGO DEL ACREEDOR 14-2025",
        "numero_referencia": "1144872548",
        "boleta": "pagos/boletas/otros_ingresos/9f6b54f5-7d1e-4a63-a21c-6f2a26d6f8cd.jpg",
        "status": true,
        "fecha_registro": "2025-08-28",
        "creation_date": "2025-08-28T16:46:34.424Z",
        "sucursal": 1
    }
},
{
    "model": "accountings.income",
    "pk": 62,
    "fields": {
        "fecha": "2025-08-15",
        "monto": "500.00",
        "codigo_ingreso": "Otros Ingresos",
        "descripcion": "OTROS INGRESO",
        "observaciones": "REGISTRO DEL PAGO DE COMPUTADORA EN ARRENDAMIENTO AL PROGRAMADOR",
        "numero_referencia": "879170202",
        "boleta": "pagos/boletas/otros_ingresos/27856df7-e57b-4e8f-927b-a10724ae301f.jpg",
        "status": true,
        "fecha_registro": "2025-08-28",
        "creation_date": "2025-08-28T17:00:16.792Z",
        "sucursal": 1
    }
},
{
    "model": "accountings.income",
    "pk": 63,
    "fields": {
        "fecha": "2025-09-11",
        "monto": "11321.00",
        "codigo_ingreso": "Otros Ingresos",
        "descripcion": "OTROS INGRESOS",
        "observaciones": "REGISTRO DEL REINTEGRO POR DESEMBOLSO ERRONEO REALIZADO A TERCEROS",
        "numero_referencia": "1686753807",
        "boleta": "pagos/boletas/otros_ingresos/786fd774-f0d2-4791-9693-347dc99a4320.jpg",
        "status": true,
        "fecha_registro": "2025-09-16",
        "creation_date": "2025-09-16T17:35:32.688Z",
        "sucursal": 1
    }
},
{
    "model": "accountings.income",
    "pk": 64,
    "fields": {
        "fecha": "2025-09-16",
        "monto": "702.00",
        "codigo_ingreso": "Otros Ingresos",
        "descripcion": "OTROS INGRESOS",
        "observaciones": "PAGO POR COMPUTADORA EN ARRENDAMIENTO A JUAN CARLOS ELOI CHOC XOL",
        "numero_referencia": "1792534192",
        "boleta": "pagos/boletas/otros_ingresos/4a5a2d75-f24a-4b17-a99d-53179d3b902f.jpg",
        "status": true,
        "fecha_registro": "2025-09-29",
        "creation_date": "2025-09-29T17:50:55.074Z",
        "sucursal": 1
    }
},
{
    "model": "accountings.income",
    "pk": 65,
    "fields": {
        "fecha": "2025-09-25",
        "monto": "4134.00",
        "codigo_ingreso": "Otros Ingresos",
        "descripcion": "OTROS INGRESOS",
        "observaciones": "REGISTRO DEL PAGO DEL MELVIN MO PENDIENTE DE REINTEGRAR AL INGENIERO ARMANDO ALVARADO",
        "numero_referencia": "2066222948",
        "boleta": "pagos/boletas/otros_ingresos/Imagen_de_WhatsApp_2025-09-25_a_las_09.04.41_adebb76f.jpg",
        "status": true,
        "fecha_registro": "2025-09-30",
        "creation_date": "2025-09-30T17:50:14.313Z",
        "sucursal": 1
    }
},
{
    "model": "accountings.income",
    "pk": 66,
    "fields": {
        "fecha": "2025-09-20",
        "monto": "2000.00",
        "codigo_ingreso": "Otros Ingresos",
        "descripcion": "OTROS INGRESOS",
        "observaciones": "REGISTRO DEL PAGO QUE SE RECONOCE COMO OTROS INGRESOS A NOMBRE DE ANGEL ROMAN LEAL POR FICHA YA CANCELADA",
        "numero_referencia": "1943206214",
        "boleta": "pagos/boletas/otros_ingresos/Imagen_de_WhatsApp_2025-09-26_a_las_14.36.43_b6c5f53c.jpg",
        "status": true,
        "fecha_registro": "2025-09-30",
        "creation_date": "2025-09-30T17:52:58.318Z",
        "sucursal": 1
    }
},
{
    "model": "accountings.income",
    "pk": 67,
    "fields": {
        "fecha": "2025-09-27",
        "monto": "2277.00",
        "codigo_ingreso": "Otros Ingresos",
        "descripcion": "OTROS INGRESOS",
        "observaciones": "REGISTRO DEL DEPOSITO PO CUOTA DE CREDITO CANCELADO DE BILLY PONCE, PENDIENTE DE REINTEGRAR",
        "numero_referencia": "2143464144",
        "boleta": "pagos/boletas/otros_ingresos/Imagen_de_WhatsApp_2025-09-29_a_las_11.02.02_11875a62.jpg",
        "status": true,
        "fecha_registro": "2025-10-01",
        "creation_date": "2025-10-01T23:52:06.945Z",
        "sucursal": 1
    }
},
{
    "model": "accountings.income",
    "pk": 68,
    "fields": {
        "fecha": "2025-09-01",
        "monto": "1700.00",
        "codigo_ingreso": "Servicios terceros",
        "descripcion": "SERVICIOS TERCEROS",
        "observaciones": "REGISTRO DEL PAGO DE SERVICIO DE AVALUO PRESTADO EN EL MES DE SEPTIEMBRE",
        "numero_referencia": "1357633208",
        "boleta": "pagos/boletas/otros_ingresos/Captura_de_pantalla_2025-10-02_091204.png",
        "status": true,
        "fecha_registro": "2025-10-02",
        "creation_date": "2025-10-02T15:12:22.997Z",
        "sucursal": 1
    }
},
{
    "model": "accountings.income",
    "pk": 69,
    "fields": {
        "fecha": "2025-10-17",
        "monto": "1600.00",
        "codigo_ingreso": "Servicios terceros",
        "descripcion": "SERVICIOS TERCEROS",
        "observaciones": "REGISTRO DEL PAGO POR SERVICIO DE AVALUO",
        "numero_referencia": "647325024",
        "boleta": "pagos/boletas/otros_ingresos/f0380756-f399-4d78-823b-5ab1c745d83d.jpeg",
        "status": true,
        "fecha_registro": "2025-10-30",
        "creation_date": "2025-10-30T15:50:07.971Z",
        "sucursal": 1
    }
},
{
    "model": "accountings.income",
    "pk": 70,
    "fields": {
        "fecha": "2025-10-09",
        "monto": "1600.00",
        "codigo_ingreso": "Servicios terceros",
        "descripcion": "SERVICIOS TERCEROS",
        "observaciones": "REGISTRO DEL INGRESOS POR SERVICIO DE AVALUO DE SAIDA CAAL PRESTADOS EN EL MES DE OCTUBRE",
        "numero_referencia": "405993449",
        "boleta": "pagos/boletas/otros_ingresos/a18f3ada-69e3-4760-a9de-358a480376e0.jpeg",
        "status": true,
        "fecha_registro": "2025-10-30",
        "creation_date": "2025-10-30T15:53:16.651Z",
        "sucursal": 1
    }
},
{
    "model": "accountings.income",
    "pk": 71,
    "fields": {
        "fecha": "2025-10-17",
        "monto": "3800.00",
        "codigo_ingreso": "Servicios terceros",
        "descripcion": "SERVICIOS TERCEROS",
        "observaciones": "REGISTRO DEL INGRESOS POR SERVICIO DE AVALUO PRESTADO EN EL MES DE OCTUBRE",
        "numero_referencia": "90942126",
        "boleta": "pagos/boletas/otros_ingresos/5a8719f8-5c5b-43bb-8365-6b9e596d3534.jpeg",
        "status": true,
        "fecha_registro": "2025-10-30",
        "creation_date": "2025-10-30T15:55:20.403Z",
        "sucursal": 1
    }
},
{
    "model": "accountings.income",
    "pk": 72,
    "fields": {
        "fecha": "2025-10-16",
        "monto": "702.00",
        "codigo_ingreso": "Otros Ingresos",
        "descripcion": "OTROS INGRESOS",
        "observaciones": "POR PAGO DE COMPUTADORA EN ARRENDAMIENTO, A PROGRAMADOR DE SOFTWARE",
        "numero_referencia": "624492286",
        "boleta": "pagos/boletas/otros_ingresos/dd5d086d-403a-4b69-9128-47cec15f3756.jpeg",
        "status": true,
        "fecha_registro": "2025-10-31",
        "creation_date": "2025-10-31T17:36:56.189Z",
        "sucursal": 1
    }
},
{
    "model": "accountings.income",
    "pk": 73,
    "fields": {
        "fecha": "2025-10-21",
        "monto": "886.00",
        "codigo_ingreso": "Otros Ingresos",
        "descripcion": "OTROS INGRESOS",
        "observaciones": "REGISTRO DEL REINTEGRO DE LEYDI CHUB POR ERROR EN EL MONTO DE DESEMBOLSO",
        "numero_referencia": "720712520",
        "boleta": "pagos/boletas/otros_ingresos/958f6391-fd3a-4da7-8274-4e79ac7f6b2b.jpeg",
        "status": true,
        "fecha_registro": "2025-10-31",
        "creation_date": "2025-10-31T17:38:46.599Z",
        "sucursal": 1
    }
}
]
