[
{
    "model": "roles.permiso",
    "pk": 1,
    "fields": {
        "categoria_permiso": 2,
        "nombre": "Creacion",
        "descripcion": "Este permiso habilita la función de crear nuevos usuarios en el sistema y asignarles los permisos necesarios para su operación dentro de la plataforma.",
        "codigo_permiso": "puede_crear_usuario",
        "estado": true,
        "fecha_registro": "2025-06-24T03:40:18.108Z"
    }
},
{
    "model": "roles.permiso",
    "pk": 2,
    "fields": {
        "categoria_permiso": 2,
        "nombre": "Edición",
        "descripcion": "Este permiso permite editar la información del usuario, incluyendo su nombre de usuario y contraseña. Sin embargo, no otorga la capacidad de modificar los permisos asignados.",
        "codigo_permiso": "puede_editar_usuario",
        "estado": true,
        "fecha_registro": "2025-06-24T03:46:13.934Z"
    }
},
{
    "model": "roles.permiso",
    "pk": 3,
    "fields": {
        "categoria_permiso": 2,
        "nombre": "Asignacion de Permisos",
        "descripcion": "Este permiso permite agregar nuevos permisos a los usuarios.",
        "codigo_permiso": "puede_asignar_permisos_usuario",
        "estado": true,
        "fecha_registro": "2025-06-24T03:47:41.863Z"
    }
},
{
    "model": "roles.permiso",
    "pk": 4,
    "fields": {
        "categoria_permiso": 2,
        "nombre": "Ver Listado de Usuario",
        "descripcion": "Este permiso permite visualizar todos los registros de usuarios dentro del sistema.",
        "codigo_permiso": "puede_ver_registro_usuarios",
        "estado": true,
        "fecha_registro": "2025-06-24T03:50:08.812Z"
    }
},
{
    "model": "roles.permiso",
    "pk": 5,
    "fields": {
        "categoria_permiso": 2,
        "nombre": "Ver Detalle de Usuario",
        "descripcion": "Este permiso permite visualizar la información detallada de un usuario.",
        "codigo_permiso": "puede_ver_detalle_usuario",
        "estado": true,
        "fecha_registro": "2025-06-24T03:51:34.202Z"
    }
},
{
    "model": "roles.permiso",
    "pk": 6,
    "fields": {
        "categoria_permiso": 2,
        "nombre": "Ver Perfil de Usuario",
        "descripcion": "Este permiso permite ver el propio perfil.",
        "codigo_permiso": "puede_ver_perfil_usuario",
        "estado": true,
        "fecha_registro": "2025-06-24T03:52:48.602Z"
    }
},
{
    "model": "roles.permiso",
    "pk": 7,
    "fields": {
        "categoria_permiso": 2,
        "nombre": "Eliminacion de Permisos",
        "descripcion": "Este permiso permite revocar permisos previamente asignados a un usuario.",
        "codigo_permiso": "puede_eliminar_permisos_usuarios",
        "estado": true,
        "fecha_registro": "2025-06-24T03:54:58.324Z"
    }
},
{
    "model": "roles.permiso",
    "pk": 8,
    "fields": {
        "categoria_permiso": 3,
        "nombre": "Creación",
        "descripcion": "Este permiso habilita la creación de usuarios dentro de la plataforma y permite registrar información detallada del cliente, como su estado laboral, dirección de residencia, destino del crédito y referencias personales.",
        "codigo_permiso": "puede_crear_informacion_personal_cliente",
        "estado": true,
        "fecha_registro": "2025-06-24T04:03:51.701Z"
    }
},
{
    "model": "roles.permiso",
    "pk": 9,
    "fields": {
        "categoria_permiso": 3,
        "nombre": "Edición",
        "descripcion": "Este permiso permite al usuario actualizar la información personal del cliente.",
        "codigo_permiso": "puede_editar_informacion_personal_cliente",
        "estado": true,
        "fecha_registro": "2025-06-24T04:06:01.589Z"
    }
},
{
    "model": "roles.permiso",
    "pk": 11,
    "fields": {
        "categoria_permiso": 3,
        "nombre": "Descargar Reporte de Clientes",
        "descripcion": "Este permiso permite descargar informes relacionados con el cliente en diversos formatos de documento.",
        "codigo_permiso": "puede_descargar_reporte_clientes",
        "estado": true,
        "fecha_registro": "2025-06-24T04:14:58.538Z"
    }
},
{
    "model": "roles.permiso",
    "pk": 12,
    "fields": {
        "categoria_permiso": 3,
        "nombre": "Ver Listado de Clientes",
        "descripcion": "Este permiso permite visualizar el registro completo de todos los clientes disponibles dentro de la plataforma.",
        "codigo_permiso": "puede_visualizar_el_registro_clientes",
        "estado": true,
        "fecha_registro": "2025-06-24T04:16:42.379Z"
    }
},
{
    "model": "roles.permiso",
    "pk": 13,
    "fields": {
        "categoria_permiso": 3,
        "nombre": "Ver Detalle del Cliente",
        "descripcion": "Este permiso permite visualizar el detalle de la información registrada del cliente.",
        "codigo_permiso": "puede_visualizar_detalle_cliente",
        "estado": true,
        "fecha_registro": "2025-06-24T04:19:20.930Z"
    }
},
{
    "model": "roles.permiso",
    "pk": 14,
    "fields": {
        "categoria_permiso": 3,
        "nombre": "Eliminar Cliente",
        "descripcion": "Este permiso permite eliminar por completo el registro de un cliente.",
        "codigo_permiso": "puede_eliminar_registro_cliente",
        "estado": true,
        "fecha_registro": "2025-06-24T04:20:17.205Z"
    }
},
{
    "model": "roles.permiso",
    "pk": 15,
    "fields": {
        "categoria_permiso": 3,
        "nombre": "Dar de baja a Cliente",
        "descripcion": "Este permiso permite inhabilitar el registro de un cliente sin necesidad de eliminarlo permanentemente.",
        "codigo_permiso": "puede_dar_de_baja_a_un_cliente",
        "estado": true,
        "fecha_registro": "2025-06-24T04:21:53.053Z"
    }
},
{
    "model": "roles.permiso",
    "pk": 16,
    "fields": {
        "categoria_permiso": 4,
        "nombre": "Creación",
        "descripcion": "Este permiso permite crear el registro de la información laboral asociada a un cliente.",
        "codigo_permiso": "puede_crear_informacion_laboral_cliente",
        "estado": true,
        "fecha_registro": "2025-06-24T04:28:40.729Z"
    }
},
{
    "model": "roles.permiso",
    "pk": 17,
    "fields": {
        "categoria_permiso": 4,
        "nombre": "Edición",
        "descripcion": "Este permiso permite editar el registro de la información laboral asociada a un cliente.",
        "codigo_permiso": "puede_editar_informacion_laboral_cliente",
        "estado": true,
        "fecha_registro": "2025-06-24T04:29:22.052Z"
    }
},
{
    "model": "roles.permiso",
    "pk": 18,
    "fields": {
        "categoria_permiso": 4,
        "nombre": "Ver Detalle de la Información",
        "descripcion": "Este permiso permite ver el detalle del registro de la información laboral asociada a un cliente.",
        "codigo_permiso": "puede_visualizar_detalle_informacion_laboral_cliente",
        "estado": true,
        "fecha_registro": "2025-06-24T04:30:05.266Z"
    }
},
{
    "model": "roles.permiso",
    "pk": 19,
    "fields": {
        "categoria_permiso": 22,
        "nombre": "Creación",
        "descripcion": "Este permiso permite registrar un egreso dentro de la plataforma.",
        "codigo_permiso": "puede_crear_egresos",
        "estado": true,
        "fecha_registro": "2025-06-24T04:35:29.122Z"
    }
},
{
    "model": "roles.permiso",
    "pk": 20,
    "fields": {
        "categoria_permiso": 22,
        "nombre": "Consultar de Egresos",
        "descripcion": "Este permiso permite realizar consultas generales sobre los egresos disponibles dentro de la plataforma.",
        "codigo_permiso": "puede_consultar_egresos",
        "estado": true,
        "fecha_registro": "2025-06-24T04:36:43.883Z"
    }
},
{
    "model": "roles.permiso",
    "pk": 21,
    "fields": {
        "categoria_permiso": 22,
        "nombre": "Ver Listado Egresos",
        "descripcion": "Este permiso permite visualizar el listado de registros de egresos disponibles dentro de la plataforma.",
        "codigo_permiso": "puede_ver_registro_egresos",
        "estado": true,
        "fecha_registro": "2025-06-24T04:38:06.014Z"
    }
},
{
    "model": "roles.permiso",
    "pk": 22,
    "fields": {
        "categoria_permiso": 22,
        "nombre": "Ver Detalle de Egresos",
        "descripcion": "Este permiso permite visualizar los detalles del registro de un egreso.",
        "codigo_permiso": "puede_ver_detalle_egresos",
        "estado": true,
        "fecha_registro": "2025-06-24T04:39:39.653Z"
    }
},
{
    "model": "roles.permiso",
    "pk": 23,
    "fields": {
        "categoria_permiso": 21,
        "nombre": "Creación",
        "descripcion": "Este permiso permite registrar un ingreso dentro de la plataforma.",
        "codigo_permiso": "puede_crear_ingresos",
        "estado": true,
        "fecha_registro": "2025-06-24T04:40:43.956Z"
    }
},
{
    "model": "roles.permiso",
    "pk": 24,
    "fields": {
        "categoria_permiso": 21,
        "nombre": "Consultar de Ingresos",
        "descripcion": "Este permiso permite realizar consultas generales sobre los ingresos disponibles dentro de la plataforma.",
        "codigo_permiso": "puede_consultar_ingresos",
        "estado": true,
        "fecha_registro": "2025-06-24T04:41:43.049Z"
    }
},
{
    "model": "roles.permiso",
    "pk": 25,
    "fields": {
        "categoria_permiso": 21,
        "nombre": "Ver Ingresos",
        "descripcion": "Este permiso permite visualizar el listado de registros de ingresos disponibles dentro de la plataforma.",
        "codigo_permiso": "puede_ver_registro_ingresos",
        "estado": true,
        "fecha_registro": "2025-06-24T04:42:07.850Z"
    }
},
{
    "model": "roles.permiso",
    "pk": 26,
    "fields": {
        "categoria_permiso": 21,
        "nombre": "Ver Detalle de Ingresos",
        "descripcion": "Este permiso permite visualizar los detalles del registro de un ingreso.",
        "codigo_permiso": "puede_ver_detalle_ingresos",
        "estado": true,
        "fecha_registro": "2025-06-24T04:42:51.031Z"
    }
},
{
    "model": "roles.permiso",
    "pk": 27,
    "fields": {
        "categoria_permiso": 20,
        "nombre": "Creación",
        "descripcion": "Este permiso permite registrar un seguro dentro de la plataforma.",
        "codigo_permiso": "puede_crear_seguro",
        "estado": true,
        "fecha_registro": "2025-06-24T04:44:15.758Z"
    }
},
{
    "model": "roles.permiso",
    "pk": 28,
    "fields": {
        "categoria_permiso": 20,
        "nombre": "Consultar de Seguros",
        "descripcion": "Este permiso permite realizar consultas generales sobre los seguros disponibles dentro de la plataforma.",
        "codigo_permiso": "puede_consultar_seguros",
        "estado": true,
        "fecha_registro": "2025-06-24T04:45:07.972Z"
    }
},
{
    "model": "roles.permiso",
    "pk": 29,
    "fields": {
        "categoria_permiso": 20,
        "nombre": "Ver Listado Seguros",
        "descripcion": "Este permiso permite visualizar el listado de registros de seguros disponibles dentro de la plataforma.",
        "codigo_permiso": "puede_ver_registro_seguros",
        "estado": true,
        "fecha_registro": "2025-06-24T04:45:41.964Z"
    }
},
{
    "model": "roles.permiso",
    "pk": 30,
    "fields": {
        "categoria_permiso": 20,
        "nombre": "Ver Detalle de Seguros",
        "descripcion": "Este permiso permite visualizar los detalles del registro de un seguro.",
        "codigo_permiso": "puede_ver_detalle_seguros",
        "estado": true,
        "fecha_registro": "2025-06-24T04:46:13.416Z"
    }
},
{
    "model": "roles.permiso",
    "pk": 31,
    "fields": {
        "categoria_permiso": 19,
        "nombre": "Creación",
        "descripcion": "Este permiso permite registrar un acreedor dentro de la plataforma.",
        "codigo_permiso": "puede_crear_acreedor",
        "estado": true,
        "fecha_registro": "2025-06-24T04:48:54.166Z"
    }
},
{
    "model": "roles.permiso",
    "pk": 32,
    "fields": {
        "categoria_permiso": 19,
        "nombre": "Búsqueda de Acreedores",
        "descripcion": "Este permiso permite realizar consultas generales sobre los acreedores disponibles dentro de la plataforma.",
        "codigo_permiso": "puede_consultar_acreedores",
        "estado": true,
        "fecha_registro": "2025-06-24T04:49:34.297Z"
    }
},
{
    "model": "roles.permiso",
    "pk": 33,
    "fields": {
        "categoria_permiso": 19,
        "nombre": "Ver Listado Acreedores",
        "descripcion": "Este permiso permite visualizar el listado de registros de los acreedores disponibles dentro de la plataforma.",
        "codigo_permiso": "puede_ver_registro_acreedores",
        "estado": true,
        "fecha_registro": "2025-06-24T04:50:26.992Z"
    }
},
{
    "model": "roles.permiso",
    "pk": 34,
    "fields": {
        "categoria_permiso": 19,
        "nombre": "Ver Detalle de Acreedores",
        "descripcion": "Este permiso permite visualizar los detalles del registro de un acreedore.",
        "codigo_permiso": "puede_ver_detalle_acreedores",
        "estado": true,
        "fecha_registro": "2025-06-24T04:51:01.894Z"
    }
},
{
    "model": "roles.permiso",
    "pk": 35,
    "fields": {
        "categoria_permiso": 18,
        "nombre": "Cargar Estado de Cuenta",
        "descripcion": "Este permiso permite cargar documentos de estado de cuenta y registrar la cartera bancaria.",
        "codigo_permiso": "puede_cargar_estado_cuenta",
        "estado": true,
        "fecha_registro": "2025-06-24T04:53:15.369Z"
    }
},
{
    "model": "roles.permiso",
    "pk": 36,
    "fields": {
        "categoria_permiso": 18,
        "nombre": "Buscar Registro",
        "descripcion": "Este permiso permite realizar consultas generales sobre los registros de la cartera de bancos disponibles dentro de la plataforma.",
        "codigo_permiso": "puede_buscar_registro_bancos",
        "estado": true,
        "fecha_registro": "2025-06-24T05:00:04.982Z"
    }
},
{
    "model": "roles.permiso",
    "pk": 37,
    "fields": {
        "categoria_permiso": 18,
        "nombre": "Descargar Informe de Bancos",
        "descripcion": "Este permiso permite descargar la información relacionada con la cartera bancaria en diversos formatos de documento.",
        "codigo_permiso": "puede_descargar_informe_bancos",
        "estado": true,
        "fecha_registro": "2025-06-24T05:02:22.290Z"
    }
},
{
    "model": "roles.permiso",
    "pk": 38,
    "fields": {
        "categoria_permiso": 18,
        "nombre": "Ver Listado del Registro de Bancos",
        "descripcion": "Este permiso permite visualizar el listado de registros de la cartera de bancos disponibles dentro de la plataforma.",
        "codigo_permiso": "puede_ver_listado_registro_bancos",
        "estado": true,
        "fecha_registro": "2025-06-24T05:03:12.342Z"
    }
},
{
    "model": "roles.permiso",
    "pk": 39,
    "fields": {
        "categoria_permiso": 17,
        "nombre": "Ver Detalle de Recibo",
        "descripcion": "",
        "codigo_permiso": "puede_ver_detalle_recibo_pago",
        "estado": true,
        "fecha_registro": "2025-06-24T05:04:57.351Z"
    }
},
{
    "model": "roles.permiso",
    "pk": 40,
    "fields": {
        "categoria_permiso": 17,
        "nombre": "Descargar Informe sobre los Recibos generados",
        "descripcion": "",
        "codigo_permiso": "puede_descargar_informe_recibos",
        "estado": true,
        "fecha_registro": "2025-06-24T05:05:15.392Z"
    }
},
{
    "model": "roles.permiso",
    "pk": 41,
    "fields": {
        "categoria_permiso": 16,
        "nombre": "Creación de Boleta de Pago",
        "descripcion": "",
        "codigo_permiso": "puede_crear_boleta_pago",
        "estado": true,
        "fecha_registro": "2025-06-24T05:05:34.047Z"
    }
},
{
    "model": "roles.permiso",
    "pk": 42,
    "fields": {
        "categoria_permiso": 16,
        "nombre": "Consultar Boleta de Pago",
        "descripcion": "",
        "codigo_permiso": "puede_realizar_consultas_boleta_pagos",
        "estado": true,
        "fecha_registro": "2025-06-24T05:05:54.838Z"
    }
},
{
    "model": "roles.permiso",
    "pk": 43,
    "fields": {
        "categoria_permiso": 16,
        "nombre": "Ver Registro de Boletas",
        "descripcion": "",
        "codigo_permiso": "puede_ver_registros_boletas_pagos",
        "estado": true,
        "fecha_registro": "2025-06-24T05:06:25.379Z"
    }
},
{
    "model": "roles.permiso",
    "pk": 44,
    "fields": {
        "categoria_permiso": 16,
        "nombre": "Descargar Informe sobre Boletas de Pagos",
        "descripcion": "",
        "codigo_permiso": "puede_descargar_informe_boletas_pagos",
        "estado": true,
        "fecha_registro": "2025-06-24T05:06:42.959Z"
    }
},
{
    "model": "roles.permiso",
    "pk": 45,
    "fields": {
        "categoria_permiso": 16,
        "nombre": "Ver detalle de la Boleta",
        "descripcion": "",
        "codigo_permiso": "puede_ver_detalle_boleta_pago",
        "estado": true,
        "fecha_registro": "2025-06-24T05:07:00.282Z"
    }
},
{
    "model": "roles.permiso",
    "pk": 46,
    "fields": {
        "categoria_permiso": 16,
        "nombre": "Descargar Imagen de Boleta",
        "descripcion": "",
        "codigo_permiso": "puede_descargar_imagen_boleta_pago",
        "estado": true,
        "fecha_registro": "2025-06-24T05:07:12.520Z"
    }
},
{
    "model": "roles.permiso",
    "pk": 47,
    "fields": {
        "categoria_permiso": 16,
        "nombre": "Edición de Boleta",
        "descripcion": "",
        "codigo_permiso": "puede_editar_boleta_pago",
        "estado": true,
        "fecha_registro": "2025-06-24T05:07:27.465Z"
    }
},
{
    "model": "roles.permiso",
    "pk": 48,
    "fields": {
        "categoria_permiso": 15,
        "nombre": "Ver la Cuota por cobrar",
        "descripcion": "",
        "codigo_permiso": "puede_consultar_cuota_por_cobrar",
        "estado": true,
        "fecha_registro": "2025-06-24T05:09:46.615Z"
    }
},
{
    "model": "roles.permiso",
    "pk": 49,
    "fields": {
        "categoria_permiso": 15,
        "nombre": "Descargar el Informe de los comportamiento de las cuotas conforme el tiempo",
        "descripcion": "",
        "codigo_permiso": "puede_descargar_informe_de_cuotas",
        "estado": true,
        "fecha_registro": "2025-06-24T05:09:59.826Z"
    }
},
{
    "model": "roles.permiso",
    "pk": 50,
    "fields": {
        "categoria_permiso": 15,
        "nombre": "Aplicacion de Descuentos",
        "descripcion": "",
        "codigo_permiso": "puede_aplicar_descuento_cuota",
        "estado": true,
        "fecha_registro": "2025-06-24T05:10:19.108Z"
    }
},
{
    "model": "roles.permiso",
    "pk": 51,
    "fields": {
        "categoria_permiso": 14,
        "nombre": "Ver Detalle del Estado de Cuenta",
        "descripcion": "",
        "codigo_permiso": "puede_ver_detalle_estado_cuenta_credito",
        "estado": true,
        "fecha_registro": "2025-06-24T05:10:40.083Z"
    }
},
{
    "model": "roles.permiso",
    "pk": 52,
    "fields": {
        "categoria_permiso": 14,
        "nombre": "Descargar el Estado de Cuenta",
        "descripcion": "",
        "codigo_permiso": "puede_descargar_estado_cuenta_credito",
        "estado": true,
        "fecha_registro": "2025-06-24T05:10:58.094Z"
    }
},
{
    "model": "roles.permiso",
    "pk": 53,
    "fields": {
        "categoria_permiso": 13,
        "nombre": "Creación",
        "descripcion": "",
        "codigo_permiso": "puede_crear_registro_desembolso",
        "estado": true,
        "fecha_registro": "2025-06-24T05:11:15.937Z"
    }
},
{
    "model": "roles.permiso",
    "pk": 54,
    "fields": {
        "categoria_permiso": 13,
        "nombre": "Ver detalle de Desembolso",
        "descripcion": "",
        "codigo_permiso": "puede_ver_detalle_desembolso",
        "estado": true,
        "fecha_registro": "2025-06-24T05:11:28.293Z"
    }
},
{
    "model": "roles.permiso",
    "pk": 55,
    "fields": {
        "categoria_permiso": 13,
        "nombre": "Ver Listado de Desembolsos Aplicados",
        "descripcion": "",
        "codigo_permiso": "puede_ver_listado_de_desembolsos_aplicados_del_credito",
        "estado": true,
        "fecha_registro": "2025-06-24T05:11:42.612Z"
    }
},
{
    "model": "roles.permiso",
    "pk": 56,
    "fields": {
        "categoria_permiso": 12,
        "nombre": "Creación",
        "descripcion": "",
        "codigo_permiso": "puede_crear_registro_garantia",
        "estado": true,
        "fecha_registro": "2025-06-24T05:12:24.279Z"
    }
},
{
    "model": "roles.permiso",
    "pk": 57,
    "fields": {
        "categoria_permiso": 12,
        "nombre": "Ver detalle de Garantía",
        "descripcion": "",
        "codigo_permiso": "puede_ver_detalle_garantia",
        "estado": true,
        "fecha_registro": "2025-06-24T05:12:37.390Z"
    }
},
{
    "model": "roles.permiso",
    "pk": 58,
    "fields": {
        "categoria_permiso": 12,
        "nombre": "Ver Listado de Garantía",
        "descripcion": "",
        "codigo_permiso": "puede_ver_listado_de_garantias_del_credito",
        "estado": true,
        "fecha_registro": "2025-06-24T05:12:53.061Z"
    }
},
{
    "model": "roles.permiso",
    "pk": 59,
    "fields": {
        "categoria_permiso": 11,
        "nombre": "Ver Listado del Plan de Pagos",
        "descripcion": "",
        "codigo_permiso": "puede_ver_listado_plan_pagos_de_credito",
        "estado": true,
        "fecha_registro": "2025-06-24T05:13:06.731Z"
    }
},
{
    "model": "roles.permiso",
    "pk": 60,
    "fields": {
        "categoria_permiso": 11,
        "nombre": "Descargar Plan de Pagos",
        "descripcion": "",
        "codigo_permiso": "puede_descargar_plan_de_pagos_de_credito",
        "estado": true,
        "fecha_registro": "2025-06-24T05:13:20.495Z"
    }
},
{
    "model": "roles.permiso",
    "pk": 61,
    "fields": {
        "categoria_permiso": 11,
        "nombre": "Ver Historial de Cuotas Vencidas",
        "descripcion": "",
        "codigo_permiso": "puede_ver_listado_de_cuotas_vencidas",
        "estado": true,
        "fecha_registro": "2025-06-24T05:13:31.794Z"
    }
},
{
    "model": "roles.permiso",
    "pk": 62,
    "fields": {
        "categoria_permiso": 10,
        "nombre": "Creación",
        "descripcion": "",
        "codigo_permiso": "puede_crear_informacion_credito",
        "estado": true,
        "fecha_registro": "2025-06-24T05:14:52.301Z"
    }
},
{
    "model": "roles.permiso",
    "pk": 63,
    "fields": {
        "categoria_permiso": 10,
        "nombre": "Búsqueda de Créditos",
        "descripcion": "",
        "codigo_permiso": "puede_realizar_consultas_informacion_credito",
        "estado": true,
        "fecha_registro": "2025-06-24T05:15:11.040Z"
    }
},
{
    "model": "roles.permiso",
    "pk": 64,
    "fields": {
        "categoria_permiso": 10,
        "nombre": "Ver Créditos",
        "descripcion": "",
        "codigo_permiso": "puede_ver_registros_credito",
        "estado": true,
        "fecha_registro": "2025-06-24T05:15:20.913Z"
    }
},
{
    "model": "roles.permiso",
    "pk": 65,
    "fields": {
        "categoria_permiso": 10,
        "nombre": "Descargar Reporte de Créditos",
        "descripcion": "",
        "codigo_permiso": "puede_descargar_reporte_creditos",
        "estado": true,
        "fecha_registro": "2025-06-24T05:15:37.594Z"
    }
},
{
    "model": "roles.permiso",
    "pk": 66,
    "fields": {
        "categoria_permiso": 10,
        "nombre": "Ver Detalle de Créditos",
        "descripcion": "",
        "codigo_permiso": "puede_ver_detalle_credito",
        "estado": true,
        "fecha_registro": "2025-06-24T05:15:53.148Z"
    }
},
{
    "model": "roles.permiso",
    "pk": 67,
    "fields": {
        "categoria_permiso": 9,
        "nombre": "Creación",
        "descripcion": "",
        "codigo_permiso": "puede_subir_archivos",
        "estado": true,
        "fecha_registro": "2025-06-24T05:16:21.795Z"
    }
},
{
    "model": "roles.permiso",
    "pk": 68,
    "fields": {
        "categoria_permiso": 9,
        "nombre": "Descargar Imagen",
        "descripcion": "",
        "codigo_permiso": "puede_descargar_archivos",
        "estado": true,
        "fecha_registro": "2025-06-24T05:16:45.195Z"
    }
},
{
    "model": "roles.permiso",
    "pk": 69,
    "fields": {
        "categoria_permiso": 9,
        "nombre": "Eliminar Imagen",
        "descripcion": "",
        "codigo_permiso": "puede_eliminar_archivos",
        "estado": true,
        "fecha_registro": "2025-06-24T05:16:57.580Z"
    }
},
{
    "model": "roles.permiso",
    "pk": 70,
    "fields": {
        "categoria_permiso": 8,
        "nombre": "Creación",
        "descripcion": "",
        "codigo_permiso": "puede_subir_imagenes",
        "estado": true,
        "fecha_registro": "2025-06-24T05:17:58.228Z"
    }
},
{
    "model": "roles.permiso",
    "pk": 71,
    "fields": {
        "categoria_permiso": 8,
        "nombre": "Edición",
        "descripcion": "",
        "codigo_permiso": "puede_editar_imagenes",
        "estado": true,
        "fecha_registro": "2025-06-24T05:18:11.139Z"
    }
},
{
    "model": "roles.permiso",
    "pk": 72,
    "fields": {
        "categoria_permiso": 8,
        "nombre": "Descargar Imagen",
        "descripcion": "",
        "codigo_permiso": "puede_descargar_imagenes",
        "estado": true,
        "fecha_registro": "2025-06-24T05:18:26.809Z"
    }
},
{
    "model": "roles.permiso",
    "pk": 73,
    "fields": {
        "categoria_permiso": 8,
        "nombre": "Eliminar Imagen",
        "descripcion": "",
        "codigo_permiso": "puede_eliminar_imagenes",
        "estado": true,
        "fecha_registro": "2025-06-24T05:18:40.544Z"
    }
},
{
    "model": "roles.permiso",
    "pk": 74,
    "fields": {
        "categoria_permiso": 7,
        "nombre": "Creación",
        "descripcion": "",
        "codigo_permiso": "puede_crear_referencias",
        "estado": true,
        "fecha_registro": "2025-06-24T05:18:56.297Z"
    }
},
{
    "model": "roles.permiso",
    "pk": 75,
    "fields": {
        "categoria_permiso": 7,
        "nombre": "Edición",
        "descripcion": "",
        "codigo_permiso": "puede_editar_referencias",
        "estado": true,
        "fecha_registro": "2025-06-24T05:19:16.170Z"
    }
},
{
    "model": "roles.permiso",
    "pk": 76,
    "fields": {
        "categoria_permiso": 7,
        "nombre": "Ver Detalle de la Información",
        "descripcion": "",
        "codigo_permiso": "puede_ver_detalle_referencias",
        "estado": true,
        "fecha_registro": "2025-06-24T05:19:31.587Z"
    }
},
{
    "model": "roles.permiso",
    "pk": 77,
    "fields": {
        "categoria_permiso": 6,
        "nombre": "Creación",
        "descripcion": "",
        "codigo_permiso": "puede_crear_direccion",
        "estado": true,
        "fecha_registro": "2025-06-24T05:19:55.518Z"
    }
},
{
    "model": "roles.permiso",
    "pk": 78,
    "fields": {
        "categoria_permiso": 6,
        "nombre": "Edición",
        "descripcion": "",
        "codigo_permiso": "puede_editar_direccion",
        "estado": true,
        "fecha_registro": "2025-06-24T05:20:09.370Z"
    }
},
{
    "model": "roles.permiso",
    "pk": 79,
    "fields": {
        "categoria_permiso": 6,
        "nombre": "Ver Detalle de la Información",
        "descripcion": "",
        "codigo_permiso": "puede_ver_detalle_direccion",
        "estado": true,
        "fecha_registro": "2025-06-24T05:20:27.047Z"
    }
},
{
    "model": "roles.permiso",
    "pk": 80,
    "fields": {
        "categoria_permiso": 5,
        "nombre": "Creación",
        "descripcion": "",
        "codigo_permiso": "puede_crear_informacion_destino_credito",
        "estado": true,
        "fecha_registro": "2025-06-24T05:21:38.122Z"
    }
},
{
    "model": "roles.permiso",
    "pk": 81,
    "fields": {
        "categoria_permiso": 5,
        "nombre": "Edición",
        "descripcion": "",
        "codigo_permiso": "puede_editar_informacion_destino_credito",
        "estado": true,
        "fecha_registro": "2025-06-24T05:21:50.849Z"
    }
},
{
    "model": "roles.permiso",
    "pk": 82,
    "fields": {
        "categoria_permiso": 5,
        "nombre": "Ver Detalle de la Información",
        "descripcion": "",
        "codigo_permiso": "puede_visualizar_detalle_informacion_destino_credito",
        "estado": true,
        "fecha_registro": "2025-06-24T05:22:08.269Z"
    }
},
{
    "model": "roles.permiso",
    "pk": 83,
    "fields": {
        "categoria_permiso": 5,
        "nombre": "Eliminar Información",
        "descripcion": "",
        "codigo_permiso": "puede_eliminar_informacion_destino_credito",
        "estado": true,
        "fecha_registro": "2025-06-24T05:22:17.583Z"
    }
},
{
    "model": "roles.permiso",
    "pk": 84,
    "fields": {
        "categoria_permiso": 2,
        "nombre": "Dar de Baja a Usuario",
        "descripcion": "",
        "codigo_permiso": "puede_dar_de_baja_un_usuario",
        "estado": true,
        "fecha_registro": "2025-06-24T17:23:07.724Z"
    }
},
{
    "model": "roles.permiso",
    "pk": 85,
    "fields": {
        "categoria_permiso": 2,
        "nombre": "Habilitar a Usuario",
        "descripcion": "",
        "codigo_permiso": "puede_habilitar_usuario",
        "estado": true,
        "fecha_registro": "2025-06-24T17:24:36.799Z"
    }
},
{
    "model": "roles.permiso",
    "pk": 86,
    "fields": {
        "categoria_permiso": 23,
        "nombre": "Descargar Informe de Reportes",
        "descripcion": "",
        "codigo_permiso": "puede_descargar_informe_reportes",
        "estado": true,
        "fecha_registro": "2025-06-24T18:30:05.553Z"
    }
},
{
    "model": "roles.permiso",
    "pk": 87,
    "fields": {
        "categoria_permiso": 23,
        "nombre": "Ver Listado Reportes",
        "descripcion": "",
        "codigo_permiso": "puede_ver_los_distintos_reportes",
        "estado": true,
        "fecha_registro": "2025-06-24T18:30:40.891Z"
    }
},
{
    "model": "roles.permiso",
    "pk": 88,
    "fields": {
        "categoria_permiso": 19,
        "nombre": "Descargar Informe de Acreedores",
        "descripcion": "",
        "codigo_permiso": "puede_descargar_reporte_acreedores",
        "estado": true,
        "fecha_registro": "2025-06-25T01:46:00.939Z"
    }
},
{
    "model": "roles.permiso",
    "pk": 89,
    "fields": {
        "categoria_permiso": 20,
        "nombre": "Descargar Informe de Seguros",
        "descripcion": "",
        "codigo_permiso": "puede_descargar_reporte_seguros",
        "estado": true,
        "fecha_registro": "2025-06-25T01:47:03.846Z"
    }
},
{
    "model": "roles.permiso",
    "pk": 90,
    "fields": {
        "categoria_permiso": 3,
        "nombre": "Consultar Clientes",
        "descripcion": "",
        "codigo_permiso": "puede_realizar_consultar_de_clientes",
        "estado": true,
        "fecha_registro": "2025-06-25T02:51:05.740Z"
    }
},
{
    "model": "roles.permiso",
    "pk": 91,
    "fields": {
        "categoria_permiso": 21,
        "nombre": "Actualizar Registro",
        "descripcion": "",
        "codigo_permiso": "puede_modificar_registro_ingreso",
        "estado": true,
        "fecha_registro": "2025-06-25T21:16:56.349Z"
    }
},
{
    "model": "roles.permiso",
    "pk": 92,
    "fields": {
        "categoria_permiso": 22,
        "nombre": "Actualizar Registro",
        "descripcion": "",
        "codigo_permiso": "puede_modificar_registro_egreso",
        "estado": true,
        "fecha_registro": "2025-06-25T21:20:02.043Z"
    }
},
{
    "model": "roles.permiso",
    "pk": 93,
    "fields": {
        "categoria_permiso": 17,
        "nombre": "Puede Ver Los Registros De Recibos",
        "descripcion": "",
        "codigo_permiso": "puede_ver_registros_recibos",
        "estado": true,
        "fecha_registro": "2025-07-17T16:48:04.897Z"
    }
},
{
    "model": "roles.permiso",
    "pk": 94,
    "fields": {
        "categoria_permiso": 24,
        "nombre": "Puede Ver Los Registros De Asesores",
        "descripcion": "",
        "codigo_permiso": "puede_ver_registros_asesores",
        "estado": true,
        "fecha_registro": "2025-07-21T21:47:33.518Z"
    }
},
{
    "model": "roles.permiso",
    "pk": 95,
    "fields": {
        "categoria_permiso": 24,
        "nombre": "Ver Detalle de la Informacion",
        "descripcion": "",
        "codigo_permiso": "puede_visualizar_detalle_asesor_credito",
        "estado": true,
        "fecha_registro": "2025-07-21T22:25:14.255Z"
    }
},
{
    "model": "roles.permiso",
    "pk": 96,
    "fields": {
        "categoria_permiso": 10,
        "nombre": "Puede Asignar Estado Judicial",
        "descripcion": "",
        "codigo_permiso": "puede_asignar_estado_judicial",
        "estado": true,
        "fecha_registro": "2025-07-23T17:18:01.017Z"
    }
},
{
    "model": "roles.permiso",
    "pk": 97,
    "fields": {
        "categoria_permiso": 25,
        "nombre": "Puede Ver Registro Boletas",
        "descripcion": "Puede ver todos los registros de las boletas subidas por los clientes",
        "codigo_permiso": "puede_ver_registro_boletas",
        "estado": true,
        "fecha_registro": "2025-07-28T09:39:02.603Z"
    }
},
{
    "model": "roles.permiso",
    "pk": 98,
    "fields": {
        "categoria_permiso": 24,
        "nombre": "Puede Crear Registro Cobranza",
        "descripcion": "",
        "codigo_permiso": "puede_crear_registro_cobranza",
        "estado": true,
        "fecha_registro": "2025-07-28T22:05:20.487Z"
    }
},
{
    "model": "roles.permiso",
    "pk": 99,
    "fields": {
        "categoria_permiso": 24,
        "nombre": "Puede Ver Sus Registros de Cobranza",
        "descripcion": "",
        "codigo_permiso": "puede_ver_registros_cobranza",
        "estado": true,
        "fecha_registro": "2025-08-01T16:11:10.230Z"
    }
},
{
    "model": "roles.permiso",
    "pk": 100,
    "fields": {
        "categoria_permiso": 26,
        "nombre": "Puede ver registro de facturas",
        "descripcion": "",
        "codigo_permiso": "puede_ver_facturas",
        "estado": true,
        "fecha_registro": "2025-10-15T15:41:29.843Z"
    }
},
{
    "model": "roles.permiso",
    "pk": 101,
    "fields": {
        "categoria_permiso": 26,
        "nombre": "Puede emitir facturas",
        "descripcion": "",
        "codigo_permiso": "puede_emitir_facturas",
        "estado": true,
        "fecha_registro": "2025-10-15T15:46:28.673Z"
    }
},
{
    "model": "roles.permiso",
    "pk": 102,
    "fields": {
        "categoria_permiso": 27,
        "nombre": "Puede Ver Informes Cierre de Sistema",
        "descripcion": "",
        "codigo_permiso": "puede_ver_cierre_sistema",
        "estado": true,
        "fecha_registro": "2025-10-31T02:42:01.215Z"
    }
}
]
