[
{
    "model": "roles.role",
    "pk": 1,
    "fields": {
        "role_name": "Secretari@",
        "description": "",
        "estado": true
    }
},
{
    "model": "roles.role",
    "pk": 2,
    "fields": {
        "role_name": "Administrador",
        "description": "",
        "estado": true
    }
},
{
    "model": "roles.role",
    "pk": 3,
    "fields": {
        "role_name": "Programador",
        "description": "",
        "estado": true
    }
},
{
    "model": "roles.role",
    "pk": 4,
    "fields": {
        "role_name": "Asesor de Crédito",
        "description": "",
        "estado": true
    }
}
]
